"Roll No","Student Name","Father Name","Phone / Contact","Course","Session","Current Semester","Address","Record Status","Sem 1 Fee (₹)","Sem 1 Paid (₹)","Sem 1 Pending (₹)","Sem 2 Fee (₹)","Sem 2 Paid (₹)","Sem 2 Pending (₹)","Sem 3 Fee (₹)","Sem 3 Paid (₹)","Sem 3 Pending (₹)","Sem 4 Fee (₹)","Sem 4 Paid (₹)","Sem 4 Pending (₹)","Sem 5 Fee (₹)","Sem 5 Paid (₹)","Sem 5 Pending (₹)","Sem 6 Fee (₹)","Sem 6 Paid (₹)","Sem 6 Pending (₹)","Total Course Fee (₹)","Total Paid (₹)","Overall Pending Balance (₹)","Fee Status","Calling Action Priority"
"A-001","Raviraj Kumar Tiwari","Rajesh Kumar","6209464451","BA","2026-2029","1","123 Main Street, Patna, Bihar - 800001","DELETED","25000","24500","500","22000","20000","2000","22000","0","22000","22000","0","22000","22000","0","22000","22000","0","22000","135000","44500","90500","PARTIAL","CALL IMMEDIATELY (DUE: ₹90500)"
"C-12","Marvin Glenn","Armando Norman","--","BA","2026-2029","1","Mohali, Punjab, India","DELETED","25000","24000","1000","22000","0","22000","22000","0","22000","22000","0","22000","22000","0","22000","22000","0","22000","135000","24000","111000","PARTIAL","CALL IMMEDIATELY (DUE: ₹111000)"
"C-1205","Gemma Donaldson","Iliana Emerson","--","BA","2026-2029","1","Ad nisi ab dolorum t","DELETED","25000","24900","100","22000","15000","7000","22000","0","22000","22000","0","22000","22000","0","22000","22000","0","22000","135000","39900","95100","PARTIAL","CALL IMMEDIATELY (DUE: ₹95100)"
"A-10001","Rahu Pant","Mukesh Pant","--","BA","2026-2029","1","Mohali, Punjab, India","DELETED","25000","21000","4000","22000","0","22000","22000","0","22000","22000","0","22000","22000","0","22000","22000","0","22000","135000","21000","114000","PARTIAL","CALL IMMEDIATELY (DUE: ₹114000)"
"2350524010081","vinay sharma","ram kishor sharma","--","B.Sc","2023-2026","1","SITAPUR","DELETED","5000","0","5000","5000","0","5000","5000","0","5000","5000","0","5000","5000","0","5000","5000","0","5000","30000","0","30000","PENDING","CALL IMMEDIATELY (DUE: ₹30000)"
"2350524010081","vinay sharma","ram kishor sharma","--","B.Sc","2023-2026","1","SITAPUR","DELETED","5000","0","5000","5000","0","5000","5000","0","5000","5000","0","5000","5000","0","5000","5000","0","5000","30000","0","30000","PENDING","CALL IMMEDIATELY (DUE: ₹30000)"
"2350524010081","vinay sharma","ram kishor sharma","--","B.Sc","2023-2026","1","SITAPUR","DELETED","5000","5000","0","5000","0","5000","5000","0","5000","5000","0","5000","5000","0","5000","5000","0","5000","30000","5000","25000","PARTIAL","CALL IMMEDIATELY (DUE: ₹25000)"
"LURNS2600281544","ANJALI","DHANIRAM","--","BA","2026-2029","1","Vill jagdishpur","ACTIVE","3000","1000","2000","3000","0","3000","3000","0","3000","3000","0","3000","3000","0","3000","3000","0","3000","18000","1000","17000","PARTIAL","CALL IMMEDIATELY (DUE: ₹17000)"
"02","GUDIYA MISHRA ","SHYAM BIHARI","--","BA","2026-2029","1","SITAPUR","ACTIVE","3000","2500","500","3000","0","3000","3000","0","3000","3000","0","3000","3000","0","3000","3000","0","3000","18000","2500","15500","PARTIAL","CALL IMMEDIATELY (DUE: ₹15500)"
"0","YASHEE SHUKLA ","PUSHKAR KUMAR SHUKLA ","--","B.Sc","2026-2029","1","sitapur","ACTIVE","5000","1000","4000","5000","0","5000","5000","0","5000","5000","0","5000","5000","0","5000","5000","0","5000","30000","1000","29000","PARTIAL","CALL IMMEDIATELY (DUE: ₹29000)"
"0","SUBHENDU SHUKLA","PUSHKAR SHUKLA","--","BA","2026-2029","1","SITAPUR","ACTIVE","3000","1000","2000","3000","0","3000","3000","0","3000","3000","0","3000","3000","0","3000","3000","0","3000","18000","1000","17000","PARTIAL","CALL IMMEDIATELY (DUE: ₹17000)"
"2550521010027","ASHISH RATHOUR","RAM CHANDRA ","--","BA","2025-2028","1","SITAPUR
SITAPUR","ACTIVE","3000","0","3000","3000","2000","1000","3000","0","3000","3000","0","3000","3000","0","3000","3000","0","3000","18000","2000","16000","PARTIAL","CALL IMMEDIATELY (DUE: ₹16000)"
"03","NAIMISH KUMAR","ASHOK KUMAR","--","B.Sc","2026-2029","1","SITAPUR
SITAPUR","ACTIVE","5000","4000","1000","5000","0","5000","5000","0","5000","5000","0","5000","5000","0","5000","5000","0","5000","30000","4000","26000","PARTIAL","CALL IMMEDIATELY (DUE: ₹26000)"
"011","SANGITA DEVI","AA","--","BA","2026-2029","1","SITAPUR
SITAPUR","ACTIVE","3000","1000","2000","3000","0","3000","3000","0","3000","3000","0","3000","3000","0","3000","3000","0","3000","18000","1000","17000","PARTIAL","CALL IMMEDIATELY (DUE: ₹17000)"
"6","ALOK ","SATISH KUMAR ","--","B.Sc","2026-2029","1","SITAPUR
","ACTIVE","5000","5000","0","5000","0","5000","5000","0","5000","5000","0","5000","5000","0","5000","5000","0","5000","30000","5000","25000","PARTIAL","CALL IMMEDIATELY (DUE: ₹25000)"
"0","AVNEESH KUMAR ","VIDYA SAGAR ","--","B.Sc","2026-2029","1","SITAPUR
SITAPUR","ACTIVE","5000","1500","3500","5000","0","5000","5000","0","5000","5000","0","5000","5000","0","5000","5000","0","5000","30000","1500","28500","PARTIAL","CALL IMMEDIATELY (DUE: ₹28500)"
"07","ASHUTOSH SRIVASTAVA","VINOD KUMAR SRIVASTAVA","--","B.Sc","2026-2029","1","SITAPUR
SITAPUR","ACTIVE","5000","2000","3000","5000","0","5000","5000","0","5000","5000","0","5000","5000","0","5000","5000","0","5000","30000","2000","28000","PARTIAL","CALL IMMEDIATELY (DUE: ₹28000)"
"0","PUSHPENDRA GUPTA","JEETRAN ","--","BA","2026-2029","1","SITAPUR","ACTIVE","3000","2000","1000","3000","0","3000","3000","0","3000","3000","0","3000","3000","0","3000","3000","0","3000","18000","2000","16000","PARTIAL","CALL IMMEDIATELY (DUE: ₹16000)"
"0","SANI ","BHUPENDRA KUMAR","--","B.Sc","2026-2029","1","SITAPUR
","ACTIVE","5000","3000","2000","5000","0","5000","5000","0","5000","5000","0","5000","5000","0","5000","5000","0","5000","30000","3000","27000","PARTIAL","CALL IMMEDIATELY (DUE: ₹27000)"
"usha","ashutosh","verma","--","B.Sc","2026-2029","1","VILL MOHIDDINPUR PO DISTT SITAPUR","DELETED","5000","2000","3000","5000","0","5000","5000","0","5000","5000","0","5000","5000","0","5000","5000","0","5000","30000","2000","28000","PARTIAL","CALL IMMEDIATELY (DUE: ₹28000)"
"12","SAUMYA PAL","ANRUDDH KUMAR ","--","B.Sc","2026-2029","1","SITAPUR
SITAPUR","ACTIVE","5000","4000","1000","5000","0","5000","5000","0","5000","5000","0","5000","5000","0","5000","5000","0","5000","30000","4000","26000","PARTIAL","CALL IMMEDIATELY (DUE: ₹26000)"
"12","RAJ DWIVEDI","DHEERAJ KUMAR DWIVEDI","--","BA","2026-2029","1","SITAPUR
SITAPUR","ACTIVE","3000","1000","2000","3000","0","3000","3000","0","3000","3000","0","3000","3000","0","3000","3000","0","3000","18000","1000","17000","PARTIAL","CALL IMMEDIATELY (DUE: ₹17000)"
"13","LAXMI ","RAMLAKHAN ","--","B.Sc","2026-2029","1","kheri ","ACTIVE","5000","3000","2000","5000","0","5000","5000","0","5000","5000","0","5000","5000","0","5000","5000","0","5000","30000","3000","27000","PARTIAL","CALL IMMEDIATELY (DUE: ₹27000)"
"15","ANAMIKA VERMA ","PRADEEP KUMAR VERMA ","--","B.Sc","2026-2029","1","sitapur ","ACTIVE","5000","5000","0","5000","0","5000","5000","0","5000","5000","0","5000","5000","0","5000","5000","0","5000","30000","5000","25000","PARTIAL","CALL IMMEDIATELY (DUE: ₹25000)"
"16","AYUSH KANAUJIYA ","VED PRAKASH ","--","B.Sc","2026-2029","1","SITAPUR","ACTIVE","5000","1500","3500","5000","0","5000","5000","0","5000","5000","0","5000","5000","0","5000","5000","0","5000","30000","1500","28500","PARTIAL","CALL IMMEDIATELY (DUE: ₹28500)"
"17","ABHISHEK KUMAR ","SAMVARI ","--","B.Sc","2026-2029","1","sitapur","ACTIVE","5000","2000","3000","5000","0","5000","5000","0","5000","5000","0","5000","5000","0","5000","5000","0","5000","30000","2000","28000","PARTIAL","CALL IMMEDIATELY (DUE: ₹28000)"
"6","ROSHANI DEVI ","RAJKUMAR ","--","BA","2026-2029","1","SITAPUR ","ACTIVE","3000","1000","2000","3000","0","3000","3000","0","3000","3000","0","3000","3000","0","3000","3000","0","3000","18000","1000","17000","PARTIAL","CALL IMMEDIATELY (DUE: ₹17000)"
"18","PRIYA PANDEY","JAI KUMAR PANDEY","--","B.Sc","2026-2029","1","SITAPUR
SITAPUR","ACTIVE","5000","1000","4000","5000","0","5000","5000","0","5000","5000","0","5000","5000","0","5000","5000","0","5000","30000","1000","29000","PARTIAL","CALL IMMEDIATELY (DUE: ₹29000)"
"6","NAINSI YADAV","SARVESH KUMAR ","--","BA","2026-2029","1","SITAPUR
SITAPUR","DELETED","5000","1000","4000","5000","0","5000","5000","0","5000","5000","0","5000","5000","0","5000","5000","0","5000","30000","1000","29000","PARTIAL","CALL IMMEDIATELY (DUE: ₹29000)"
"6","NAINSI YADAV","SARVESH KUMAR ","--","BA","2026-2029","1","SITAPUR
SITAPUR","ACTIVE","3000","1000","2000","3000","0","3000","3000","0","3000","3000","0","3000","3000","0","3000","3000","0","3000","18000","1000","17000","PARTIAL","CALL IMMEDIATELY (DUE: ₹17000)"
"8","DIVYANSHI ","DHARMENDRA KUMAR ","--","BA","2026-2029","1","SITAPUR
SITAPUR","ACTIVE","3000","500","2500","3000","0","3000","3000","0","3000","3000","0","3000","3000","0","3000","3000","0","3000","18000","500","17500","PARTIAL","CALL IMMEDIATELY (DUE: ₹17500)"
"04","SHIVANI VERMA","SUNEEL KUMAR","--","BA","2026-2029","1","Vill baddaripurva, shivrukhkala, sadarpur sitapur","ACTIVE","3000","900","2100","3000","0","3000","3000","0","3000","3000","0","3000","3000","0","3000","3000","0","3000","18000","900","17100","PARTIAL","CALL IMMEDIATELY (DUE: ₹17100)"
"19","RAVI RAJ","RAM SAGAR","--","B.Sc","2026-2029","1","sitapur","ACTIVE","5000","5000","0","5000","0","5000","5000","0","5000","5000","0","5000","5000","0","5000","5000","0","5000","30000","5000","25000","PARTIAL","CALL IMMEDIATELY (DUE: ₹25000)"
"5087-03","DIVANSHI VERMA","RAKESH KUMAR","--","BA","2026-2029","1","VILL LALAPURWA , INAYATPUR, SITAPUR","ACTIVE","3000","2000","1000","3000","0","3000","3000","0","3000","3000","0","3000","3000","0","3000","3000","0","3000","18000","2000","16000","PARTIAL","CALL IMMEDIATELY (DUE: ₹16000)"
"5087-05","DIBYA BHARTI","VISHNU KUMAR","--","BA","2026-2029","1","VILL SARAIYA CHALAKAPUR BHUSNA, SITAPUR","ACTIVE","3000","1000","2000","3000","0","3000","3000","0","3000","3000","0","3000","3000","0","3000","3000","0","3000","18000","1000","17000","PARTIAL","CALL IMMEDIATELY (DUE: ₹17000)"
"5087-10","RAVI KUMAR","DINESH KUMAR","--","BA","2026-2029","1","VILL PAHARAPUR","ACTIVE","3000","1000","2000","3000","0","3000","3000","0","3000","3000","0","3000","3000","0","3000","3000","0","3000","18000","1000","17000","PARTIAL","CALL IMMEDIATELY (DUE: ₹17000)"
"5087-09","SONU","RAM SINGH","--","BA","2026-2029","1","VILL JINGALABAD, HUSAINPUR SARAIYAN ","ACTIVE","3000","2000","1000","3000","0","3000","3000","0","3000","3000","0","3000","3000","0","3000","3000","0","3000","18000","2000","16000","PARTIAL","CALL IMMEDIATELY (DUE: ₹16000)"
"5087-06","SANDEEP KUMAR","RAM KUMAR","--","BA","2026-2029","1","VILL HUSAINPUR SARAIYAN MAHIPAT SINGH","ACTIVE","3000","1000","2000","3000","0","3000","3000","0","3000","3000","0","3000","3000","0","3000","3000","0","3000","18000","1000","17000","PARTIAL","CALL IMMEDIATELY (DUE: ₹17000)"
"20","SONIKA RAJPOOT ","RAMCHANDRA  RAJPOOT ","--","B.Sc","2026-2029","1","sitapur","ACTIVE","5000","2000","3000","5000","0","5000","5000","0","5000","5000","0","5000","5000","0","5000","5000","0","5000","30000","2000","28000","PARTIAL","CALL IMMEDIATELY (DUE: ₹28000)"
"7","SHIVAM ","MAHAVEER ","--","BA","2026-2029","1","SITAPUR
SITAPUR","ACTIVE","3000","1000","2000","3000","0","3000","3000","0","3000","3000","0","3000","3000","0","3000","3000","0","3000","18000","1000","17000","PARTIAL","CALL IMMEDIATELY (DUE: ₹17000)"
"8","ANKUL KUMAR ","RAJESH KUMAR ","--","BA","2026-2029","1","SITAPUR
SITAPUR","ACTIVE","3000","1000","2000","3000","0","3000","3000","0","3000","3000","0","3000","3000","0","3000","3000","0","3000","18000","1000","17000","PARTIAL","CALL IMMEDIATELY (DUE: ₹17000)"
"20","vivek ","shiv lal","--","B.Sc","2026-2029","1","SITAPUR
SITAPUR","ACTIVE","5000","1000","4000","5000","0","5000","5000","0","5000","5000","0","5000","5000","0","5000","5000","0","5000","30000","1000","29000","PARTIAL","CALL IMMEDIATELY (DUE: ₹29000)"
"2450871010030","DIPANSHI","RAMNATH","--","BA","2024-2027","1","VILL MOCH KALA","DELETED","2500","2500","0","2500","2500","0","2500","2500","0","2500","2500","0","2500","1500","1000","2500","0","2500","15000","11500","3500","PARTIAL","CALL IMMEDIATELY (DUE: ₹3500)"
"2450871010030","DIPANSHI","RAMNATH","--","BA","2024-2027","1","biswan","DELETED","3000","0","3000","3000","0","3000","3000","0","3000","3000","0","3000","3000","0","3000","3000","0","3000","18000","0","18000","PENDING","CALL IMMEDIATELY (DUE: ₹18000)"
"2450871010030","DIPANSHI","RAMNATH","--","BA","2024-2027","5","biswan","ACTIVE","3000","3000","0","3000","3000","0","3000","3000","0","3000","3000","0","3000","1500","1500","3000","0","3000","18000","13500","4500","PARTIAL","CALL IMMEDIATELY (DUE: ₹4500)"
"2450871010095","SHIVANKI VERMA","PRAMOD SARAN","--","BA","2024-2027","1","SITAPUR","ACTIVE","3000","3000","0","3000","3000","0","3000","3000","0","3000","3000","0","3000","2500","500","3000","0","3000","18000","14500","3500","PARTIAL","CALL IMMEDIATELY (DUE: ₹3500)"
"2450871010025","DEEPA VERMA","MANOJ KUMAR","--","BA","2024-2027","1","SITAPUR","ACTIVE","3000","3000","0","3000","3000","0","3000","3000","0","3000","3000","0","3000","2500","500","3000","0","3000","18000","14500","3500","PARTIAL","CALL IMMEDIATELY (DUE: ₹3500)"
"10","AVNISH KUMAR MISHRA","SATISH MISHRA","--","BA","2026-2029","1","SITAPUR","ACTIVE","3000","1000","2000","3000","0","3000","3000","0","3000","3000","0","3000","3000","0","3000","3000","0","3000","18000","1000","17000","PARTIAL","CALL IMMEDIATELY (DUE: ₹17000)"
"2450871010055","PANKAJ VERMA","BABURAM","--","BA","2024-2027","1","SITAPUR","ACTIVE","3000","3000","0","3000","3000","0","3000","3000","0","3000","3000","0","3000","1700","1300","3000","0","3000","18000","13700","4300","PARTIAL","CALL IMMEDIATELY (DUE: ₹4300)"
"21","SAURABH PAL","HANSRAM","--","B.Sc","2026-2029","1","SITAPUR","ACTIVE","5000","2000","3000","5000","0","5000","5000","0","5000","5000","0","5000","5000","0","5000","5000","0","5000","30000","2000","28000","PARTIAL","CALL IMMEDIATELY (DUE: ₹28000)"
"22","DIWAKAR PANDEY","PRADEEP KUMAR PANDEY","--","B.Sc","2026-2029","1","sitapur","ACTIVE","5000","1000","4000","5000","0","5000","5000","0","5000","5000","0","5000","5000","0","5000","5000","0","5000","30000","1000","29000","PARTIAL","CALL IMMEDIATELY (DUE: ₹29000)"
"12","MAHEK VERMA ","AJAY KUMAR VERMA ","--","BA","2026-2029","1","SITAPUR","ACTIVE","3000","3000","0","3000","0","3000","3000","0","3000","3000","0","3000","3000","0","3000","3000","0","3000","18000","3000","15000","PARTIAL","CALL IMMEDIATELY (DUE: ₹15000)"
"24","AYUSH PANDEY","DAYANIDHI PANDEY","--","B.Sc","2026-2029","1","SITAPUR","ACTIVE","5000","5000","0","5000","0","5000","5000","0","5000","5000","0","5000","5000","0","5000","5000","0","5000","30000","5000","25000","PARTIAL","CALL IMMEDIATELY (DUE: ₹25000)"
"13","ADARSH SRIVASTAVA ","SUDHIR KUMAR SRIVASTAVA ","--","BA","2026-2029","1","SITAPUR","ACTIVE","3000","1500","1500","3000","0","3000","3000","0","3000","3000","0","3000","3000","0","3000","3000","0","3000","18000","1500","16500","PARTIAL","CALL IMMEDIATELY (DUE: ₹16500)"
"26","AARYA VERMA","TARUN KUMAR VERMA ","--","B.Sc","2026-2029","1","SITAPUR","ACTIVE","5000","0.25","4999.75","5000","0","5000","5000","0","5000","5000","0","5000","5000","0","5000","5000","0","5000","30000","0.25","29999.75","PARTIAL","CALL IMMEDIATELY (DUE: ₹29999.75)"
"27","PARI GUPTA","DEEPU GUPTA ","--","B.Sc","2026-2029","1","SITAPUR","ACTIVE","5000","3000","2000","5000","0","5000","5000","0","5000","5000","0","5000","5000","0","5000","5000","0","5000","30000","3000","27000","PARTIAL","CALL IMMEDIATELY (DUE: ₹27000)"
"28","RASHI KANOJIYA ","RAMCHANDRA","--","B.Sc","2026-2029","1","SITAPUR","ACTIVE","5000","3000","2000","5000","0","5000","5000","0","5000","5000","0","5000","5000","0","5000","5000","0","5000","30000","3000","27000","PARTIAL","CALL IMMEDIATELY (DUE: ₹27000)"
"29","VISHAL SHARMA ","VINOD KUMAR","--","B.Sc","2026-2029","1","SITAPUR","DELETED","5000","1000","4000","5000","0","5000","5000","0","5000","5000","0","5000","5000","0","5000","5000","0","5000","30000","1000","29000","PARTIAL","CALL IMMEDIATELY (DUE: ₹29000)"
"29","VISHAL SHARMA ","VINOD KUMAR ","--","B.Sc","2026-2029","1","SITAPUR","ACTIVE","5000","1000","4000","5000","0","5000","5000","0","5000","5000","0","5000","5000","0","5000","5000","0","5000","30000","1000","29000","PARTIAL","CALL IMMEDIATELY (DUE: ₹29000)"
"10089","Test User","Test","--","B.Sc","2026-2029","1","India","DELETED","5000","1000","4000","5000","0","5000","5000","0","5000","5000","0","5000","5000","0","5000","5000","0","5000","30000","1000","29000","PARTIAL","CALL IMMEDIATELY (DUE: ₹29000)"
"30","PUSHPENDRA","KAPTAN","--","B.Sc","2026-2029","1","SITAPUR","ACTIVE","5000","5000","0","5000","0","5000","5000","0","5000","5000","0","5000","5000","0","5000","5000","0","5000","30000","5000","25000","PARTIAL","CALL IMMEDIATELY (DUE: ₹25000)"
"C-006","Marvin Glenn","Armando Norman","--","B.Sc","2026-2029","1","test address","DELETED","5000","5000","0","5000","2100","2900","5000","1160","3840","5000","0","5000","5000","0","5000","5000","0","5000","30000","8260","21740","PARTIAL","CALL IMMEDIATELY (DUE: ₹21740)"
"C-006","Marvin Glenn","Armando Norman","--","B.Sc","2026-2029","1","tets","DELETED","5000","5000","0","5000","5000","0","5000","5000","0","5000","2000","3000","5000","0","5000","5000","0","5000","30000","17000","13000","PARTIAL","CALL IMMEDIATELY (DUE: ₹13000)"
"31","PRATEEK GUPTA ","ARUN KUMAR GUPTA ","--","B.Sc","2026-2029","1","SITAPUR","ACTIVE","5000","5000","0","5000","0","5000","5000","0","5000","5000","0","5000","5000","0","5000","5000","0","5000","30000","5000","25000","PARTIAL","CALL IMMEDIATELY (DUE: ₹25000)"
"31","SHIVAM VERMA","UMASHANKAR","--","B.Sc","2026-2029","1","SITAPUR","ACTIVE","5000","500","4500","5000","0","5000","5000","0","5000","5000","0","5000","5000","0","5000","5000","0","5000","30000","500","29500","PARTIAL","CALL IMMEDIATELY (DUE: ₹29500)"
"14","DEEPIKA","INDRAPAL","--","BA","2026-2029","1","SITAPUR","ACTIVE","3000","2500","500","3000","0","3000","3000","0","3000","3000","0","3000","3000","0","3000","3000","0","3000","18000","2500","15500","PARTIAL","CALL IMMEDIATELY (DUE: ₹15500)"
"15"," PINKU KUMAR ","RAJESH KUMAR","--","BA","2026-2029","1","SITAPUR","ACTIVE","3000","3000","0","3000","0","3000","3000","0","3000","3000","0","3000","3000","0","3000","3000","0","3000","18000","3000","15000","PARTIAL","CALL IMMEDIATELY (DUE: ₹15000)"
"5087-11","ILIYASH KHAN","PEERU KHAN","--","BA","2026-2029","1","JAFARPUR KALA, SADARPUR","ACTIVE","3000","1000","2000","3000","0","3000","3000","0","3000","3000","0","3000","3000","0","3000","3000","0","3000","18000","1000","17000","PARTIAL","CALL IMMEDIATELY (DUE: ₹17000)"
"BRDP20260069","Shivam Gupta","Kavita Gupta","9984752089","BA","2026-2029","1","Mohali, Uttar Pradesh","ACTIVE","3000","2000","1000","3000","0","3000","3000","0","3000","3000","0","3000","3000","0","3000","3000","0","3000","18000","2000","16000","PARTIAL","CALL IMMEDIATELY (DUE: ₹16000)"
"BRDP20250070","Pankaj Singh","Manish Singh","9770522019","MCA","2025-2028","2","Lucknow, Uttar Pradesh","ACTIVE","30000","30000","0","30000","30000","0","30000","0","30000","30000","0","30000","30000","0","30000","30000","0","30000","180000","60000","120000","PARTIAL","CALL IMMEDIATELY (DUE: ₹120000)"
"BRDP20260071","Gudiya Gautam","Laxmi Gautam","9579486248","B.Tech CSE","2026-2029","1","Biswan, Uttar Pradesh","ACTIVE","25000","25000","0","25000","0","25000","25000","0","25000","25000","0","25000","25000","0","25000","25000","0","25000","150000","25000","125000","PARTIAL","CALL IMMEDIATELY (DUE: ₹125000)"
"BRDP20250072","Dibya Chaurasiya","Anita Chaurasiya","9384892446","MCA","2025-2028","2","Biswan, Uttar Pradesh","ACTIVE","30000","30000","0","30000","17500","12500","30000","0","30000","30000","0","30000","30000","0","30000","30000","0","30000","180000","47500","132500","PARTIAL","CALL IMMEDIATELY (DUE: ₹132500)"
"BRDP20240073","Aarya Yadav","Rohan Yadav","9221721695","BA","2024-2027","3","Mohali, Uttar Pradesh","ACTIVE","3000","3000","0","3000","3000","0","3000","3000","0","3000","0","3000","3000","0","3000","3000","0","3000","18000","9000","9000","PARTIAL","CALL IMMEDIATELY (DUE: ₹9000)"
"BRDP20260074","Amit Kashyap","Sonika Kashyap","9709908300","BA","2026-2029","1","Khairabad, Uttar Pradesh","ACTIVE","3000","1500","1500","3000","0","3000","3000","0","3000","3000","0","3000","3000","0","3000","3000","0","3000","18000","1500","16500","PARTIAL","CALL IMMEDIATELY (DUE: ₹16500)"
"BRDP20250075","Suman Rajpoot","Aarya Rajpoot","9165266519","MCA","2025-2028","2","Hargaon, Uttar Pradesh","ACTIVE","30000","30000","0","30000","0","30000","30000","0","30000","30000","0","30000","30000","0","30000","30000","0","30000","180000","30000","150000","PARTIAL","CALL IMMEDIATELY (DUE: ₹150000)"
"BRDP20240076","Vijay Agrahari","Manoj Agrahari","9561099903","BCA","2024-2027","3","Lakhimpur Kheri, Uttar Pradesh","ACTIVE","20000","20000","0","20000","20000","0","20000","11000","9000","20000","0","20000","20000","0","20000","20000","0","20000","120000","51000","69000","PARTIAL","CALL IMMEDIATELY (DUE: ₹69000)"
"BRDP20240077","Shivam Maurya","Aarya Maurya","9497911187","B.Sc","2024-2027","3","Khairabad, Uttar Pradesh","ACTIVE","5000","5000","0","5000","5000","0","5000","5000","0","5000","0","5000","5000","0","5000","5000","0","5000","30000","15000","15000","PARTIAL","CALL IMMEDIATELY (DUE: ₹15000)"
"BRDP20230078","Prateek Shukla","Shivam Shukla","9993718556","BCA","2023-2026","5","Lucknow, Uttar Pradesh","ACTIVE","20000","20000","0","20000","20000","0","20000","20000","0","20000","20000","0","20000","12000","8000","20000","0","20000","120000","92000","28000","PARTIAL","CALL IMMEDIATELY (DUE: ₹28000)"
"BRDP20230079","Asha Gautam","Sandeep Gautam","9898433055","B.Tech CSE","2023-2026","5","Sidhauli, Uttar Pradesh","ACTIVE","25000","25000","0","25000","25000","0","25000","25000","0","25000","25000","0","25000","17500","7500","25000","0","25000","150000","117500","32500","PARTIAL","CALL IMMEDIATELY (DUE: ₹32500)"
"BRDP20240080","Dibya Pandey","Gudiya Pandey","9125434696","BBA","2024-2027","3","Sitapur, Uttar Pradesh","ACTIVE","22000","22000","0","22000","22000","0","22000","13500","8500","22000","0","22000","22000","0","22000","22000","0","22000","132000","57500","74500","PARTIAL","CALL IMMEDIATELY (DUE: ₹74500)"
"BRDP20260081","Asha Jaiswal","Amit Jaiswal","9411418266","BA","2026-2029","1","Kanpur, Uttar Pradesh","ACTIVE","3000","3000","0","3000","0","3000","3000","0","3000","3000","0","3000","3000","0","3000","3000","0","3000","18000","3000","15000","PARTIAL","CALL IMMEDIATELY (DUE: ₹15000)"
"BRDP20250082","Divyanshi Saini","Roshani Saini","9249718435","BCA","2025-2028","2","Misrikh, Uttar Pradesh","ACTIVE","20000","20000","0","20000","0","20000","20000","0","20000","20000","0","20000","20000","0","20000","20000","0","20000","120000","20000","100000","PARTIAL","CALL IMMEDIATELY (DUE: ₹100000)"
"BRDP20260083","Priya Srivastava","Rahul Srivastava","9257562544","B.Tech CSE","2026-2029","1","Kanpur, Uttar Pradesh","ACTIVE","25000","25000","0","25000","0","25000","25000","0","25000","25000","0","25000","25000","0","25000","25000","0","25000","150000","25000","125000","PARTIAL","CALL IMMEDIATELY (DUE: ₹125000)"
"BRDP20250084","Avneesh Tripathi","Vinay Tripathi","9291891706","MCA","2025-2028","2","Maholi, Uttar Pradesh","ACTIVE","30000","30000","0","30000","24000","6000","30000","0","30000","30000","0","30000","30000","0","30000","30000","0","30000","180000","54000","126000","PARTIAL","CALL IMMEDIATELY (DUE: ₹126000)"
"BRDP20250085","Pushpendra Chaurasiya","Sandeep Chaurasiya","9472647594","B.Tech CSE","2025-2028","2","Mohali, Uttar Pradesh","ACTIVE","25000","25000","0","25000","25000","0","25000","0","25000","25000","0","25000","25000","0","25000","25000","0","25000","150000","50000","100000","PARTIAL","CALL IMMEDIATELY (DUE: ₹100000)"
"BRDP20230086","Sanjay Gautam","Abhishek Gautam","9210610088","B.Tech CSE","2023-2026","5","Lucknow, Uttar Pradesh","ACTIVE","25000","25000","0","25000","25000","0","25000","25000","0","25000","25000","0","25000","16000","9000","25000","0","25000","150000","116000","34000","PARTIAL","CALL IMMEDIATELY (DUE: ₹34000)"
"BRDP20260087","Asha Prajapati","Deepika Prajapati","9630937764","BBA","2026-2029","1","Lakhimpur Kheri, Uttar Pradesh","ACTIVE","22000","0","22000","22000","0","22000","22000","0","22000","22000","0","22000","22000","0","22000","22000","0","22000","132000","0","132000","PENDING","CALL IMMEDIATELY (DUE: ₹132000)"
"BRDP20260088","Adarsh Pandey","Pooja Pandey","9659442255","B.Tech CSE","2026-2029","1","Sitapur, Uttar Pradesh","ACTIVE","25000","25000","0","25000","0","25000","25000","0","25000","25000","0","25000","25000","0","25000","25000","0","25000","150000","25000","125000","PARTIAL","CALL IMMEDIATELY (DUE: ₹125000)"
"BRDP20260089","Raj Tiwari","Vijay Tiwari","9319077205","B.Sc","2026-2029","1","Patna, Uttar Pradesh","ACTIVE","5000","2000","3000","5000","0","5000","5000","0","5000","5000","0","5000","5000","0","5000","5000","0","5000","30000","2000","28000","PARTIAL","CALL IMMEDIATELY (DUE: ₹28000)"
"BRDP20240090","Sani Yadav","Shivam Yadav","9674075874","B.Sc","2024-2027","3","Kanpur, Uttar Pradesh","ACTIVE","5000","5000","0","5000","5000","0","5000","0","5000","5000","0","5000","5000","0","5000","5000","0","5000","30000","10000","20000","PARTIAL","CALL IMMEDIATELY (DUE: ₹20000)"
"BRDP20260091","Alok Rajpoot","Priya Rajpoot","9348499878","BA","2026-2029","1","Lakhimpur Kheri, Uttar Pradesh","ACTIVE","3000","2000","1000","3000","0","3000","3000","0","3000","3000","0","3000","3000","0","3000","3000","0","3000","18000","2000","16000","PARTIAL","CALL IMMEDIATELY (DUE: ₹16000)"
"BRDP20230092","Anamika Mishra","Yashee Mishra","9170871410","B.Sc","2023-2026","5","Misrikh, Uttar Pradesh","ACTIVE","5000","5000","0","5000","5000","0","5000","5000","0","5000","5000","0","5000","1500","3500","5000","0","5000","30000","21500","8500","PARTIAL","CALL IMMEDIATELY (DUE: ₹8500)"
"BRDP20230093","Vijay Tripathi","Pinku Tripathi","9424027263","B.Tech CSE","2023-2026","5","Biswan, Uttar Pradesh","DELETED","25000","25000","0","25000","25000","0","25000","25000","0","25000","25000","0","25000","25000","0","25000","0","25000","150000","125000","25000","PARTIAL","CALL IMMEDIATELY (DUE: ₹25000)"
"BRDP20260094","Sanjay Singh","Iliyash Singh","9200401723","BA","2026-2029","1","Sitapur Sadar, Uttar Pradesh","ACTIVE","3000","3000","0","3000","0","3000","3000","0","3000","3000","0","3000","3000","0","3000","3000","0","3000","18000","3000","15000","PARTIAL","CALL IMMEDIATELY (DUE: ₹15000)"
"BRDP20250095","Shivam Maurya","Manish Maurya","9218266009","B.Tech CSE","2025-2028","2","Sidhauli, Uttar Pradesh","DELETED","25000","25000","0","25000","0","25000","25000","0","25000","25000","0","25000","25000","0","25000","25000","0","25000","150000","25000","125000","PARTIAL","CALL IMMEDIATELY (DUE: ₹125000)"
"BRDP20250096","Raj Chaurasiya","Geeta Chaurasiya","9294309943","BCA","2025-2028","2","Sitapur Sadar, Uttar Pradesh","ACTIVE","20000","20000","0","20000","20000","0","20000","0","20000","20000","0","20000","20000","0","20000","20000","0","20000","120000","40000","80000","PARTIAL","CALL IMMEDIATELY (DUE: ₹80000)"
"BRDP20260097","Dharmendra Yadav","Geeta Yadav","9820999737","B.Tech CSE","2026-2029","1","Hargaon, Uttar Pradesh","ACTIVE","25000","11000","14000","25000","0","25000","25000","0","25000","25000","0","25000","25000","0","25000","25000","0","25000","150000","11000","139000","PARTIAL","CALL IMMEDIATELY (DUE: ₹139000)"
"BRDP20240098","Sani Tiwari","Ashutosh Tiwari","9416308788","B.Tech CSE","2024-2027","3","Patna, Uttar Pradesh","ACTIVE","25000","25000","0","25000","25000","0","25000","25000","0","25000","0","25000","25000","0","25000","25000","0","25000","150000","75000","75000","PARTIAL","CALL IMMEDIATELY (DUE: ₹75000)"
"BRDP20260099","Seema Shukla","Laxmi Shukla","9700731447","B.Tech CSE","2026-2029","1","Maholi, Uttar Pradesh","DELETED","25000","14500","10500","25000","0","25000","25000","0","25000","25000","0","25000","25000","0","25000","25000","0","25000","150000","14500","135500","PARTIAL","CALL IMMEDIATELY (DUE: ₹135500)"
"BRDP20230100","Raj Maurya","Ananya Maurya","9971530400","BBA","2023-2026","5","Lucknow, Uttar Pradesh","ACTIVE","22000","22000","0","22000","22000","0","22000","22000","0","22000","22000","0","22000","0","22000","22000","0","22000","132000","88000","44000","PARTIAL","CALL IMMEDIATELY (DUE: ₹44000)"
"BRDP20240101","Sarita Jaiswal","Vikas Jaiswal","9264646064","BBA","2024-2027","3","Hargaon, Uttar Pradesh","ACTIVE","22000","22000","0","22000","22000","0","22000","16000","6000","22000","0","22000","22000","0","22000","22000","0","22000","132000","60000","72000","PARTIAL","CALL IMMEDIATELY (DUE: ₹72000)"
"BRDP20240102","Aarti Chaurasiya","Naimish Chaurasiya","9449267915","BBA","2024-2027","3","Sitapur Sadar, Uttar Pradesh","ACTIVE","22000","22000","0","22000","22000","0","22000","22000","0","22000","0","22000","22000","0","22000","22000","0","22000","132000","66000","66000","PARTIAL","CALL IMMEDIATELY (DUE: ₹66000)"
"BRDP20250103","Roshani Yadav","Roshani Yadav","9750694005","B.Tech CSE","2025-2028","2","Kanpur, Uttar Pradesh","ACTIVE","25000","25000","0","25000","14000","11000","25000","0","25000","25000","0","25000","25000","0","25000","25000","0","25000","150000","39000","111000","PARTIAL","CALL IMMEDIATELY (DUE: ₹111000)"
"BRDP20230104","Sunil Giri","Aarti Giri","9768423872","B.Tech CSE","2023-2026","5","Laharpur, Uttar Pradesh","ACTIVE","25000","25000","0","25000","25000","0","25000","25000","0","25000","25000","0","25000","17500","7500","25000","0","25000","150000","117500","32500","PARTIAL","CALL IMMEDIATELY (DUE: ₹32500)"
"BRDP20240105","Priya Gupta","Sunita Gupta","9815352424","BCA","2024-2027","3","Khairabad, Uttar Pradesh","ACTIVE","20000","20000","0","20000","20000","0","20000","15000","5000","20000","0","20000","20000","0","20000","20000","0","20000","120000","55000","65000","PARTIAL","CALL IMMEDIATELY (DUE: ₹65000)"
"BRDP20240106","Ananya Saini","Ananya Saini","9271643210","BBA","2024-2027","3","Misrikh, Uttar Pradesh","ACTIVE","22000","22000","0","22000","22000","0","22000","15000","7000","22000","0","22000","22000","0","22000","22000","0","22000","132000","59000","73000","PARTIAL","CALL IMMEDIATELY (DUE: ₹73000)"
"BRDP20230107","Satish Rathour","Saurabh Rathour","9818574156","BCA","2023-2026","5","Misrikh, Uttar Pradesh","ACTIVE","20000","20000","0","20000","20000","0","20000","20000","0","20000","20000","0","20000","20000","0","20000","0","20000","120000","100000","20000","PARTIAL","CALL IMMEDIATELY (DUE: ₹20000)"
"BRDP20260108","Mahek Verma","Neha Verma","9985449744","MCA","2026-2029","1","Biswan, Uttar Pradesh","ACTIVE","30000","14000","16000","30000","0","30000","30000","0","30000","30000","0","30000","30000","0","30000","30000","0","30000","180000","14000","166000","PARTIAL","CALL IMMEDIATELY (DUE: ₹166000)"
"BRDP20260109","Manoj Tripathi","Shivani Tripathi","9903459360","BA","2026-2029","1","Khairabad, Uttar Pradesh","ACTIVE","3000","0","3000","3000","0","3000","3000","0","3000","3000","0","3000","3000","0","3000","3000","0","3000","18000","0","18000","PENDING","CALL IMMEDIATELY (DUE: ₹18000)"
"BRDP20250110","Sangita Shukla","Alok Shukla","9575947396","BCA","2025-2028","2","Kanpur, Uttar Pradesh","ACTIVE","20000","20000","0","20000","7500","12500","20000","0","20000","20000","0","20000","20000","0","20000","20000","0","20000","120000","27500","92500","PARTIAL","CALL IMMEDIATELY (DUE: ₹92500)"
"BRDP20240111","Pankaj Tiwari","Manish Tiwari","9187675020","B.Sc","2024-2027","3","Kanpur, Uttar Pradesh","ACTIVE","5000","5000","0","5000","5000","0","5000","5000","0","5000","0","5000","5000","0","5000","5000","0","5000","30000","15000","15000","PARTIAL","CALL IMMEDIATELY (DUE: ₹15000)"
"BRDP20240112","Ajay Kashyap","Rekha Kashyap","9711917302","BCA","2024-2027","3","Laharpur, Uttar Pradesh","ACTIVE","20000","20000","0","20000","20000","0","20000","0","20000","20000","0","20000","20000","0","20000","20000","0","20000","120000","40000","80000","PARTIAL","CALL IMMEDIATELY (DUE: ₹80000)"
"BRDP20230113","Ritu Maurya","Sanjay Maurya","9252227237","B.Tech CSE","2023-2026","5","Misrikh, Uttar Pradesh","ACTIVE","25000","25000","0","25000","25000","0","25000","25000","0","25000","25000","0","25000","11000","14000","25000","0","25000","150000","111000","39000","PARTIAL","CALL IMMEDIATELY (DUE: ₹39000)"
"BRDP20230114","Deepak Prajapati","Roshani Prajapati","9354592885","MCA","2023-2026","5","Sitapur, Uttar Pradesh","ACTIVE","30000","30000","0","30000","30000","0","30000","30000","0","30000","30000","0","30000","19000","11000","30000","0","30000","180000","139000","41000","PARTIAL","CALL IMMEDIATELY (DUE: ₹41000)"
"BRDP20250115","Avneesh Pandey","Aditya Pandey","9994251949","B.Sc","2025-2028","2","Maholi, Uttar Pradesh","ACTIVE","5000","5000","0","5000","2000","3000","5000","0","5000","5000","0","5000","5000","0","5000","5000","0","5000","30000","7000","23000","PARTIAL","CALL IMMEDIATELY (DUE: ₹23000)"
"BRDP20260116","Shivani Rathour","Meena Rathour","9419445287","BCA","2026-2029","1","Sitapur, Uttar Pradesh","ACTIVE","20000","8500","11500","20000","0","20000","20000","0","20000","20000","0","20000","20000","0","20000","20000","0","20000","120000","8500","111500","PARTIAL","CALL IMMEDIATELY (DUE: ₹111500)"
"BRDP20260117","Raj Pal","Dibya Pal","9601643668","MCA","2026-2029","1","Sitapur, Uttar Pradesh","ACTIVE","30000","30000","0","30000","0","30000","30000","0","30000","30000","0","30000","30000","0","30000","30000","0","30000","180000","30000","150000","PARTIAL","CALL IMMEDIATELY (DUE: ₹150000)"
"BRDP20230118","Naimish Saini","Gudiya Saini","9240315356","BBA","2023-2026","5","Misrikh, Uttar Pradesh","ACTIVE","22000","22000","0","22000","22000","0","22000","22000","0","22000","22000","0","22000","13000","9000","22000","0","22000","132000","101000","31000","PARTIAL","CALL IMMEDIATELY (DUE: ₹31000)"
"BRDP20230119","Pooja Sharma","Sangita Sharma","9379026954","BBA","2023-2026","5","Patna, Uttar Pradesh","DELETED","22000","22000","0","22000","22000","0","22000","22000","0","22000","22000","0","22000","8500","13500","22000","0","22000","132000","96500","35500","PARTIAL","CALL IMMEDIATELY (DUE: ₹35500)"
"BRDP20260120","Dipanshi Pal","Avneesh Pal","9287683860","B.Tech CSE","2026-2029","1","Kanpur, Uttar Pradesh","ACTIVE","25000","14500","10500","25000","0","25000","25000","0","25000","25000","0","25000","25000","0","25000","25000","0","25000","150000","14500","135500","PARTIAL","CALL IMMEDIATELY (DUE: ₹135500)"
"BRDP20260121","Neha Paswan","Neha Paswan","9921093197","B.Sc","2026-2029","1","Laharpur, Uttar Pradesh","ACTIVE","5000","2000","3000","5000","0","5000","5000","0","5000","5000","0","5000","5000","0","5000","5000","0","5000","30000","2000","28000","PARTIAL","CALL IMMEDIATELY (DUE: ₹28000)"
"BRDP20250122","Pushpendra Agrahari","Suman Agrahari","9753074470","BA","2025-2028","2","Misrikh, Uttar Pradesh","ACTIVE","3000","3000","0","3000","2000","1000","3000","0","3000","3000","0","3000","3000","0","3000","3000","0","3000","18000","5000","13000","PARTIAL","CALL IMMEDIATELY (DUE: ₹13000)"
"BRDP20230123","Sanjay Yadav","Alok Yadav","9670473013","BCA","2023-2026","5","Biswan, Uttar Pradesh","DELETED","20000","20000","0","20000","20000","0","20000","20000","0","20000","20000","0","20000","20000","0","20000","0","20000","120000","100000","20000","PARTIAL","CALL IMMEDIATELY (DUE: ₹20000)"
"BRDP20240124","Suman Chaurasiya","Shivani Chaurasiya","9994826596","BBA","2024-2027","3","Kanpur, Uttar Pradesh","ACTIVE","22000","22000","0","22000","22000","0","22000","22000","0","22000","0","22000","22000","0","22000","22000","0","22000","132000","66000","66000","PARTIAL","CALL IMMEDIATELY (DUE: ₹66000)"
"BRDP20250125","Yashee Tiwari","Pankaj Tiwari","9661652717","BBA","2025-2028","2","Patna, Uttar Pradesh","ACTIVE","22000","22000","0","22000","16000","6000","22000","0","22000","22000","0","22000","22000","0","22000","22000","0","22000","132000","38000","94000","PARTIAL","CALL IMMEDIATELY (DUE: ₹94000)"
"BRDP20260126","Sonika Paswan","Sonika Paswan","9188372756","B.Sc","2026-2029","1","Lucknow, Uttar Pradesh","ACTIVE","5000","5000","0","5000","0","5000","5000","0","5000","5000","0","5000","5000","0","5000","5000","0","5000","30000","5000","25000","PARTIAL","CALL IMMEDIATELY (DUE: ₹25000)"
"BRDP20250127","Kamlesh Agrahari","Deepa Agrahari","9922324887","BA","2025-2028","2","Patna, Uttar Pradesh","ACTIVE","3000","3000","0","3000","0","3000","3000","0","3000","3000","0","3000","3000","0","3000","3000","0","3000","18000","3000","15000","PARTIAL","CALL IMMEDIATELY (DUE: ₹15000)"
"BRDP20260128","Satish Tripathi","Sonika Tripathi","9161280170","B.Sc","2026-2029","1","Lakhimpur Kheri, Uttar Pradesh","ACTIVE","5000","2500","2500","5000","0","5000","5000","0","5000","5000","0","5000","5000","0","5000","5000","0","5000","30000","2500","27500","PARTIAL","CALL IMMEDIATELY (DUE: ₹27500)"
"BRDP20240129","Ajay Gupta","Divanshi Gupta","9425702887","BBA","2024-2027","3","Sitapur Sadar, Uttar Pradesh","ACTIVE","22000","22000","0","22000","22000","0","22000","7500","14500","22000","0","22000","22000","0","22000","22000","0","22000","132000","51500","80500","PARTIAL","CALL IMMEDIATELY (DUE: ₹80500)"
"BRDP20230130","Anamika Verma","Ananya Verma","9995070457","MCA","2023-2026","5","Misrikh, Uttar Pradesh","ACTIVE","30000","30000","0","30000","30000","0","30000","30000","0","30000","30000","0","30000","0","30000","30000","0","30000","180000","120000","60000","PARTIAL","CALL IMMEDIATELY (DUE: ₹60000)"
"BRDP20260131","Suresh Maurya","Aditya Maurya","9170467285","BCA","2026-2029","1","Mohali, Uttar Pradesh","ACTIVE","20000","20000","0","20000","0","20000","20000","0","20000","20000","0","20000","20000","0","20000","20000","0","20000","120000","20000","100000","PARTIAL","CALL IMMEDIATELY (DUE: ₹100000)"
"BRDP20250132","Rashi Srivastava","Sani Srivastava","9801652357","B.Tech CSE","2025-2028","2","Sitapur Sadar, Uttar Pradesh","ACTIVE","25000","25000","0","25000","0","25000","25000","0","25000","25000","0","25000","25000","0","25000","25000","0","25000","150000","25000","125000","PARTIAL","CALL IMMEDIATELY (DUE: ₹125000)"
"BRDP20230133","Rajesh Maurya","Sonu Maurya","9900920973","BCA","2023-2026","5","Laharpur, Uttar Pradesh","ACTIVE","20000","20000","0","20000","20000","0","20000","20000","0","20000","20000","0","20000","15000","5000","20000","0","20000","120000","95000","25000","PARTIAL","CALL IMMEDIATELY (DUE: ₹25000)"
"BRDP20260134","Aditya Gupta","Naimish Gupta","9124574688","BCA","2026-2029","1","Biswan, Uttar Pradesh","ACTIVE","20000","16000","4000","20000","0","20000","20000","0","20000","20000","0","20000","20000","0","20000","20000","0","20000","120000","16000","104000","PARTIAL","CALL IMMEDIATELY (DUE: ₹104000)"
"BRDP20250135","Saurabh Singh","Sonu Singh","9299569074","BA","2025-2028","2","Sitapur, Uttar Pradesh","ACTIVE","3000","3000","0","3000","0","3000","3000","0","3000","3000","0","3000","3000","0","3000","3000","0","3000","18000","3000","15000","PARTIAL","CALL IMMEDIATELY (DUE: ₹15000)"
"BRDP20250136","Dibya Rathour","Ritu Rathour","9251802392","BCA","2025-2028","2","Sitapur Sadar, Uttar Pradesh","DELETED","20000","20000","0","20000","20000","0","20000","0","20000","20000","0","20000","20000","0","20000","20000","0","20000","120000","40000","80000","PARTIAL","CALL IMMEDIATELY (DUE: ₹80000)"
"BRDP20250137","Satish Shukla","Sandeep Shukla","9687896843","B.Tech CSE","2025-2028","2","Sitapur Sadar, Uttar Pradesh","ACTIVE","25000","25000","0","25000","19500","5500","25000","0","25000","25000","0","25000","25000","0","25000","25000","0","25000","150000","44500","105500","PARTIAL","CALL IMMEDIATELY (DUE: ₹105500)"
"BRDP20240138","Rohan Singh","Manoj Singh","9829849359","MCA","2024-2027","3","Lucknow, Uttar Pradesh","ACTIVE","30000","30000","0","30000","30000","0","30000","30000","0","30000","0","30000","30000","0","30000","30000","0","30000","180000","90000","90000","PARTIAL","CALL IMMEDIATELY (DUE: ₹90000)"
"BRDP20240139","Amit Prajapati","Sunita Prajapati","9793079079","B.Tech CSE","2024-2027","3","Kanpur, Uttar Pradesh","ACTIVE","25000","25000","0","25000","25000","0","25000","0","25000","25000","0","25000","25000","0","25000","25000","0","25000","150000","50000","100000","PARTIAL","CALL IMMEDIATELY (DUE: ₹100000)"
"BRDP20250140","Raj Kanaujiya","Ravi Kanaujiya","9537025989","B.Tech CSE","2025-2028","2","Sitapur Sadar, Uttar Pradesh","ACTIVE","25000","25000","0","25000","0","25000","25000","0","25000","25000","0","25000","25000","0","25000","25000","0","25000","150000","25000","125000","PARTIAL","CALL IMMEDIATELY (DUE: ₹125000)"
"BRDP20230141","Sonu Kashyap","Rekha Kashyap","9811467417","BA","2023-2026","5","Biswan, Uttar Pradesh","ACTIVE","3000","3000","0","3000","3000","0","3000","3000","0","3000","3000","0","3000","3000","0","3000","0","3000","18000","15000","3000","PARTIAL","CALL IMMEDIATELY (DUE: ₹3000)"
"BRDP20260142","Aarya Pandey","Manish Pandey","9616756814","BBA","2026-2029","1","Mohali, Uttar Pradesh","ACTIVE","22000","17000","5000","22000","0","22000","22000","0","22000","22000","0","22000","22000","0","22000","22000","0","22000","132000","17000","115000","PARTIAL","CALL IMMEDIATELY (DUE: ₹115000)"
"BRDP20240143","Shivam Prajapati","Manoj Prajapati","9871093287","MCA","2024-2027","3","Maholi, Uttar Pradesh","ACTIVE","30000","30000","0","30000","30000","0","30000","30000","0","30000","0","30000","30000","0","30000","30000","0","30000","180000","90000","90000","PARTIAL","CALL IMMEDIATELY (DUE: ₹90000)"
"BRDP20250144","Kavita Gupta","Vinod Gupta","9855763444","MCA","2025-2028","2","Misrikh, Uttar Pradesh","ACTIVE","30000","30000","0","30000","24000","6000","30000","0","30000","30000","0","30000","30000","0","30000","30000","0","30000","180000","54000","126000","PARTIAL","CALL IMMEDIATELY (DUE: ₹126000)"
"BRDP20230145","Vishal Gupta","Alok Gupta","9472496246","MCA","2023-2026","5","Sitapur Sadar, Uttar Pradesh","ACTIVE","30000","30000","0","30000","30000","0","30000","30000","0","30000","30000","0","30000","30000","0","30000","0","30000","180000","150000","30000","PARTIAL","CALL IMMEDIATELY (DUE: ₹30000)"
"BRDP20230146","Saurabh Agrahari","Saumya Agrahari","9842899606","BBA","2023-2026","5","Biswan, Uttar Pradesh","ACTIVE","22000","22000","0","22000","22000","0","22000","22000","0","22000","22000","0","22000","0","22000","22000","0","22000","132000","88000","44000","PARTIAL","CALL IMMEDIATELY (DUE: ₹44000)"
"BRDP20250147","Yashee Gautam","Divyanshi Gautam","9623733291","BA","2025-2028","2","Kanpur, Uttar Pradesh","ACTIVE","3000","3000","0","3000","2000","1000","3000","0","3000","3000","0","3000","3000","0","3000","3000","0","3000","18000","5000","13000","PARTIAL","CALL IMMEDIATELY (DUE: ₹13000)"
"BRDP20250148","Vinod Jaiswal","Suresh Jaiswal","9581085779","B.Sc","2025-2028","2","Laharpur, Uttar Pradesh","ACTIVE","5000","5000","0","5000","3000","2000","5000","0","5000","5000","0","5000","5000","0","5000","5000","0","5000","30000","8000","22000","PARTIAL","CALL IMMEDIATELY (DUE: ₹22000)"
"BRDP20260149","Aarav Singh","Neha Singh","9286473579","B.Sc","2026-2029","1","Sitapur Sadar, Uttar Pradesh","ACTIVE","5000","0","5000","5000","0","5000","5000","0","5000","5000","0","5000","5000","0","5000","5000","0","5000","30000","0","30000","PENDING","CALL IMMEDIATELY (DUE: ₹30000)"
"BRDP20260150","Seema Paswan","Shivani Paswan","9171460583","B.Sc","2026-2029","1","Misrikh, Uttar Pradesh","ACTIVE","5000","5000","0","5000","0","5000","5000","0","5000","5000","0","5000","5000","0","5000","5000","0","5000","30000","5000","25000","PARTIAL","CALL IMMEDIATELY (DUE: ₹25000)"
"BRDP20240151","Rajesh Tiwari","Subhendu Tiwari","9699446790","BBA","2024-2027","3","Lucknow, Uttar Pradesh","ACTIVE","22000","22000","0","22000","22000","0","22000","22000","0","22000","0","22000","22000","0","22000","22000","0","22000","132000","66000","66000","PARTIAL","CALL IMMEDIATELY (DUE: ₹66000)"
"BRDP20230152","Diwakar Jaiswal","Vikas Jaiswal","9707066176","BCA","2023-2026","5","Khairabad, Uttar Pradesh","ACTIVE","20000","20000","0","20000","20000","0","20000","20000","0","20000","20000","0","20000","20000","0","20000","0","20000","120000","100000","20000","PARTIAL","CALL IMMEDIATELY (DUE: ₹20000)"
"BRDP20240153","Sunita Singh","Subhendu Singh","9335141527","BBA","2024-2027","3","Hargaon, Uttar Pradesh","ACTIVE","22000","22000","0","22000","22000","0","22000","7500","14500","22000","0","22000","22000","0","22000","22000","0","22000","132000","51500","80500","PARTIAL","CALL IMMEDIATELY (DUE: ₹80500)"
"BRDP20250154","Shivani Kashyap","Ashutosh Kashyap","9267056686","MCA","2025-2028","2","Sitapur Sadar, Uttar Pradesh","ACTIVE","30000","30000","0","30000","30000","0","30000","0","30000","30000","0","30000","30000","0","30000","30000","0","30000","180000","60000","120000","PARTIAL","CALL IMMEDIATELY (DUE: ₹120000)"
"BRDP20240155","Rashi Pandey","Avneesh Pandey","9428080112","BCA","2024-2027","3","Hargaon, Uttar Pradesh","ACTIVE","20000","20000","0","20000","20000","0","20000","20000","0","20000","0","20000","20000","0","20000","20000","0","20000","120000","60000","60000","PARTIAL","CALL IMMEDIATELY (DUE: ₹60000)"
"BRDP20260156","Alok Maurya","Ravi Maurya","9268581044","MCA","2026-2029","1","Mohali, Uttar Pradesh","ACTIVE","30000","0","30000","30000","0","30000","30000","0","30000","30000","0","30000","30000","0","30000","30000","0","30000","180000","0","180000","PENDING","CALL IMMEDIATELY (DUE: ₹180000)"
"BRDP20240157","Anjali Devi","Aditya Devi","9358392086","BBA","2024-2027","3","Hargaon, Uttar Pradesh","ACTIVE","22000","22000","0","22000","22000","0","22000","0","22000","22000","0","22000","22000","0","22000","22000","0","22000","132000","44000","88000","PARTIAL","CALL IMMEDIATELY (DUE: ₹88000)"
"BRDP20250158","Kavita Dwivedi","Ashish Dwivedi","9870117603","B.Sc","2025-2028","2","Sitapur, Uttar Pradesh","ACTIVE","5000","5000","0","5000","5000","0","5000","0","5000","5000","0","5000","5000","0","5000","5000","0","5000","30000","10000","20000","PARTIAL","CALL IMMEDIATELY (DUE: ₹20000)"
"BRDP20230159","Aarti Tripathi","Sonu Tripathi","9420461137","BA","2023-2026","5","Mohali, Uttar Pradesh","ACTIVE","3000","3000","0","3000","3000","0","3000","3000","0","3000","3000","0","3000","2500","500","3000","0","3000","18000","14500","3500","PARTIAL","CALL IMMEDIATELY (DUE: ₹3500)"
"BRDP20250160","Sani Paswan","Deepa Paswan","9875150153","BCA","2025-2028","2","Hargaon, Uttar Pradesh","ACTIVE","20000","20000","0","20000","14000","6000","20000","0","20000","20000","0","20000","20000","0","20000","20000","0","20000","120000","34000","86000","PARTIAL","CALL IMMEDIATELY (DUE: ₹86000)"
"BRDP20260161","Prateek Devi","Ananya Devi","9403845732","BBA","2026-2029","1","Sitapur, Uttar Pradesh","ACTIVE","22000","0","22000","22000","0","22000","22000","0","22000","22000","0","22000","22000","0","22000","22000","0","22000","132000","0","132000","PENDING","CALL IMMEDIATELY (DUE: ₹132000)"
"BRDP20240162","Shivam Gautam","Sanjay Gautam","9911315486","BBA","2024-2027","3","Mohali, Uttar Pradesh","ACTIVE","22000","22000","0","22000","22000","0","22000","0","22000","22000","0","22000","22000","0","22000","22000","0","22000","132000","44000","88000","PARTIAL","CALL IMMEDIATELY (DUE: ₹88000)"
"BRDP20250163","Abhishek Paswan","Sonika Paswan","9252379235","BBA","2025-2028","2","Maholi, Uttar Pradesh","ACTIVE","22000","22000","0","22000","22000","0","22000","0","22000","22000","0","22000","22000","0","22000","22000","0","22000","132000","44000","88000","PARTIAL","CALL IMMEDIATELY (DUE: ₹88000)"
"BRDP20240164","Sandeep Kumar","Subhendu Kumar","9654889077","MCA","2024-2027","3","Kanpur, Uttar Pradesh","ACTIVE","30000","30000","0","30000","30000","0","30000","10000","20000","30000","0","30000","30000","0","30000","30000","0","30000","180000","70000","110000","PARTIAL","CALL IMMEDIATELY (DUE: ₹110000)"
"BRDP20240165","Sanjay Pal","Saumya Pal","9140131010","BCA","2024-2027","3","Misrikh, Uttar Pradesh","ACTIVE","20000","20000","0","20000","20000","0","20000","8000","12000","20000","0","20000","20000","0","20000","20000","0","20000","120000","48000","72000","PARTIAL","CALL IMMEDIATELY (DUE: ₹72000)"
"BRDP20240166","Shivangi Pandey","Vinod Pandey","9882321114","BBA","2024-2027","3","Maholi, Uttar Pradesh","ACTIVE","22000","22000","0","22000","22000","0","22000","15000","7000","22000","0","22000","22000","0","22000","22000","0","22000","132000","59000","73000","PARTIAL","CALL IMMEDIATELY (DUE: ₹73000)"
"BRDP20260167","Satish Srivastava","Vinod Srivastava","9826709761","MCA","2026-2029","1","Kanpur, Uttar Pradesh","ACTIVE","30000","0","30000","30000","0","30000","30000","0","30000","30000","0","30000","30000","0","30000","30000","0","30000","180000","0","180000","PENDING","CALL IMMEDIATELY (DUE: ₹180000)"
"BRDP20250168","Shivangi Dubey","Saumya Dubey","9420939946","BBA","2025-2028","2","Lucknow, Uttar Pradesh","ACTIVE","22000","22000","0","22000","10500","11500","22000","0","22000","22000","0","22000","22000","0","22000","22000","0","22000","132000","32500","99500","PARTIAL","CALL IMMEDIATELY (DUE: ₹99500)"
"BRDP20260169","Nainsi Dubey","Sonika Dubey","9829225674","MCA","2026-2029","1","Sidhauli, Uttar Pradesh","ACTIVE","30000","0","30000","30000","0","30000","30000","0","30000","30000","0","30000","30000","0","30000","30000","0","30000","180000","0","180000","PENDING","CALL IMMEDIATELY (DUE: ₹180000)"
"BRDP20250170","Ajay Gautam","Alok Gautam","9676747983","BBA","2025-2028","2","Patna, Uttar Pradesh","ACTIVE","22000","22000","0","22000","22000","0","22000","0","22000","22000","0","22000","22000","0","22000","22000","0","22000","132000","44000","88000","PARTIAL","CALL IMMEDIATELY (DUE: ₹88000)"
"BRDP20250171","Priya Singh","Pinku Singh","9977988289","B.Tech CSE","2025-2028","2","Sidhauli, Uttar Pradesh","ACTIVE","25000","25000","0","25000","17000","8000","25000","0","25000","25000","0","25000","25000","0","25000","25000","0","25000","150000","42000","108000","PARTIAL","CALL IMMEDIATELY (DUE: ₹108000)"
"BRDP20240172","Abhishek Pandey","Rahul Pandey","9446827418","BBA","2024-2027","3","Khairabad, Uttar Pradesh","ACTIVE","22000","22000","0","22000","22000","0","22000","7000","15000","22000","0","22000","22000","0","22000","22000","0","22000","132000","51000","81000","PARTIAL","CALL IMMEDIATELY (DUE: ₹81000)"
"BRDP20250173","Avneesh Singh","Adarsh Singh","9330410169","B.Tech CSE","2025-2028","2","Patna, Uttar Pradesh","ACTIVE","25000","25000","0","25000","25000","0","25000","0","25000","25000","0","25000","25000","0","25000","25000","0","25000","150000","50000","100000","PARTIAL","CALL IMMEDIATELY (DUE: ₹100000)"
"BRDP20230174","Sangita Rathour","Rajesh Rathour","9413481869","B.Tech CSE","2023-2026","5","Laharpur, Uttar Pradesh","ACTIVE","25000","25000","0","25000","25000","0","25000","25000","0","25000","25000","0","25000","25000","0","25000","0","25000","150000","125000","25000","PARTIAL","CALL IMMEDIATELY (DUE: ₹25000)"
"BRDP20240175","Diwakar Kumar","Rajesh Kumar","9279676487","BCA","2024-2027","3","Mohali, Uttar Pradesh","ACTIVE","20000","20000","0","20000","20000","0","20000","8500","11500","20000","0","20000","20000","0","20000","20000","0","20000","120000","48500","71500","PARTIAL","CALL IMMEDIATELY (DUE: ₹71500)"
"BRDP20260176","Sangita Tiwari","Rohan Tiwari","9173097078","BBA","2026-2029","1","Biswan, Uttar Pradesh","ACTIVE","22000","22000","0","22000","0","22000","22000","0","22000","22000","0","22000","22000","0","22000","22000","0","22000","132000","22000","110000","PARTIAL","CALL IMMEDIATELY (DUE: ₹110000)"
"BRDP20260177","Rekha Khan","Sanjay Khan","9158675093","B.Sc","2026-2029","1","Maholi, Uttar Pradesh","ACTIVE","5000","5000","0","5000","0","5000","5000","0","5000","5000","0","5000","5000","0","5000","5000","0","5000","30000","5000","25000","PARTIAL","CALL IMMEDIATELY (DUE: ₹25000)"
"BRDP20230178","Pooja Dwivedi","Ravi Dwivedi","9670927603","BCA","2023-2026","5","Patna, Uttar Pradesh","DELETED","20000","20000","0","20000","20000","0","20000","20000","0","20000","20000","0","20000","16000","4000","20000","0","20000","120000","96000","24000","PARTIAL","CALL IMMEDIATELY (DUE: ₹24000)"
"BRDP20230179","Amit Pandey","Adarsh Pandey","9443301534","BCA","2023-2026","5","Hargaon, Uttar Pradesh","ACTIVE","20000","20000","0","20000","20000","0","20000","20000","0","20000","20000","0","20000","12000","8000","20000","0","20000","120000","92000","28000","PARTIAL","CALL IMMEDIATELY (DUE: ₹28000)"
"BRDP20260180","Manoj Tripathi","Shivam Tripathi","9348396013","BA","2026-2029","1","Laharpur, Uttar Pradesh","ACTIVE","3000","1500","1500","3000","0","3000","3000","0","3000","3000","0","3000","3000","0","3000","3000","0","3000","18000","1500","16500","PARTIAL","CALL IMMEDIATELY (DUE: ₹16500)"
"BRDP20230181","Neha Gupta","Meena Gupta","9595572060","MCA","2023-2026","5","Laharpur, Uttar Pradesh","ACTIVE","30000","30000","0","30000","30000","0","30000","30000","0","30000","30000","0","30000","0","30000","30000","0","30000","180000","120000","60000","PARTIAL","CALL IMMEDIATELY (DUE: ₹60000)"
"BRDP20230182","Ayush Prajapati","Priya Prajapati","9606708253","MCA","2023-2026","5","Sitapur, Uttar Pradesh","ACTIVE","30000","30000","0","30000","30000","0","30000","30000","0","30000","30000","0","30000","10000","20000","30000","0","30000","180000","130000","50000","PARTIAL","CALL IMMEDIATELY (DUE: ₹50000)"
"BRDP20260183","Kamlesh Pal","Priya Pal","9321518006","B.Tech CSE","2026-2029","1","Misrikh, Uttar Pradesh","ACTIVE","25000","25000","0","25000","0","25000","25000","0","25000","25000","0","25000","25000","0","25000","25000","0","25000","150000","25000","125000","PARTIAL","CALL IMMEDIATELY (DUE: ₹125000)"
"BRDP20250184","Roshani Jaiswal","Sonu Jaiswal","9875795664","BBA","2025-2028","2","Misrikh, Uttar Pradesh","ACTIVE","22000","22000","0","22000","22000","0","22000","0","22000","22000","0","22000","22000","0","22000","22000","0","22000","132000","44000","88000","PARTIAL","CALL IMMEDIATELY (DUE: ₹88000)"
"BRDP20240185","Shivam Agrahari","Sani Agrahari","9213162395","BBA","2024-2027","3","Kanpur, Uttar Pradesh","ACTIVE","22000","22000","0","22000","22000","0","22000","22000","0","22000","0","22000","22000","0","22000","22000","0","22000","132000","66000","66000","PARTIAL","CALL IMMEDIATELY (DUE: ₹66000)"
"BRDP20250186","Sonu Pandey","Amit Pandey","9804965613","B.Tech CSE","2025-2028","2","Patna, Uttar Pradesh","ACTIVE","25000","25000","0","25000","10000","15000","25000","0","25000","25000","0","25000","25000","0","25000","25000","0","25000","150000","35000","115000","PARTIAL","CALL IMMEDIATELY (DUE: ₹115000)"
"BRDP20240187","Vishal Tiwari","Rajesh Tiwari","9552895478","BA","2024-2027","3","Sidhauli, Uttar Pradesh","ACTIVE","3000","3000","0","3000","3000","0","3000","3000","0","3000","0","3000","3000","0","3000","3000","0","3000","18000","9000","9000","PARTIAL","CALL IMMEDIATELY (DUE: ₹9000)"
"BRDP20260188","Dipanshi Kashyap","Anamika Kashyap","9274651385","BA","2026-2029","1","Misrikh, Uttar Pradesh","ACTIVE","3000","1000","2000","3000","0","3000","3000","0","3000","3000","0","3000","3000","0","3000","3000","0","3000","18000","1000","17000","PARTIAL","CALL IMMEDIATELY (DUE: ₹17000)"
"BRDP20250189","Naimish Yadav","Alok Yadav","9884241817","BBA","2025-2028","2","Hargaon, Uttar Pradesh","ACTIVE","22000","22000","0","22000","22000","0","22000","0","22000","22000","0","22000","22000","0","22000","22000","0","22000","132000","44000","88000","PARTIAL","CALL IMMEDIATELY (DUE: ₹88000)"
"BRDP20240190","Pari Tripathi","Shivani Tripathi","9259283190","B.Tech CSE","2024-2027","3","Sidhauli, Uttar Pradesh","ACTIVE","25000","25000","0","25000","25000","0","25000","16000","9000","25000","0","25000","25000","0","25000","25000","0","25000","150000","66000","84000","PARTIAL","CALL IMMEDIATELY (DUE: ₹84000)"
"BRDP20240191","Vijay Gupta","Sunil Gupta","9673220452","BA","2024-2027","3","Sidhauli, Uttar Pradesh","ACTIVE","3000","3000","0","3000","3000","0","3000","3000","0","3000","0","3000","3000","0","3000","3000","0","3000","18000","9000","9000","PARTIAL","CALL IMMEDIATELY (DUE: ₹9000)"
"BRDP20230192","Suman Pandey","Suresh Pandey","9461292735","BA","2023-2026","5","Khairabad, Uttar Pradesh","ACTIVE","3000","3000","0","3000","3000","0","3000","3000","0","3000","3000","0","3000","3000","0","3000","0","3000","18000","15000","3000","PARTIAL","CALL IMMEDIATELY (DUE: ₹3000)"
"BRDP20240193","Vijay Shukla","Vinod Shukla","9635574003","BCA","2024-2027","3","Khairabad, Uttar Pradesh","ACTIVE","20000","20000","0","20000","20000","0","20000","20000","0","20000","0","20000","20000","0","20000","20000","0","20000","120000","60000","60000","PARTIAL","CALL IMMEDIATELY (DUE: ₹60000)"
"BRDP20230194","Shivangi Maurya","Aarav Maurya","9669720531","B.Tech CSE","2023-2026","5","Patna, Uttar Pradesh","ACTIVE","25000","25000","0","25000","25000","0","25000","25000","0","25000","25000","0","25000","0","25000","25000","0","25000","150000","100000","50000","PARTIAL","CALL IMMEDIATELY (DUE: ₹50000)"
"BRDP20250195","Pankaj Mishra","Sangita Mishra","9201181898","BA","2025-2028","2","Patna, Uttar Pradesh","ACTIVE","3000","3000","0","3000","2000","1000","3000","0","3000","3000","0","3000","3000","0","3000","3000","0","3000","18000","5000","13000","PARTIAL","CALL IMMEDIATELY (DUE: ₹13000)"
"BRDP20260196","Priya Tiwari","Ravi Tiwari","9647700824","MCA","2026-2029","1","Laharpur, Uttar Pradesh","DELETED","30000","22000","8000","30000","0","30000","30000","0","30000","30000","0","30000","30000","0","30000","30000","0","30000","180000","22000","158000","PARTIAL","CALL IMMEDIATELY (DUE: ₹158000)"
"BRDP20260197","Prateek Mishra","Saumya Mishra","9874271154","B.Sc","2026-2029","1","Kanpur, Uttar Pradesh","ACTIVE","5000","0","5000","5000","0","5000","5000","0","5000","5000","0","5000","5000","0","5000","5000","0","5000","30000","0","30000","PENDING","CALL IMMEDIATELY (DUE: ₹30000)"
"BRDP20240198","Sunita Verma","Anita Verma","9388766849","B.Sc","2024-2027","3","Patna, Uttar Pradesh","ACTIVE","5000","5000","0","5000","5000","0","5000","3000","2000","5000","0","5000","5000","0","5000","5000","0","5000","30000","13000","17000","PARTIAL","CALL IMMEDIATELY (DUE: ₹17000)"
"BRDP20230199","Alok Gautam","Nainsi Gautam","9487767890","BBA","2023-2026","5","Maholi, Uttar Pradesh","ACTIVE","22000","22000","0","22000","22000","0","22000","22000","0","22000","22000","0","22000","13500","8500","22000","0","22000","132000","101500","30500","PARTIAL","CALL IMMEDIATELY (DUE: ₹30500)"
"BRDP20240200","Ajay Agrahari","Aarav Agrahari","9547912673","MCA","2024-2027","3","Mohali, Uttar Pradesh","ACTIVE","30000","30000","0","30000","30000","0","30000","15500","14500","30000","0","30000","30000","0","30000","30000","0","30000","180000","75500","104500","PARTIAL","CALL IMMEDIATELY (DUE: ₹104500)"
"BRDP20240201","Dharmendra Srivastava","Ananya Srivastava","9134746439","B.Sc","2024-2027","3","Kanpur, Uttar Pradesh","ACTIVE","5000","5000","0","5000","5000","0","5000","3000","2000","5000","0","5000","5000","0","5000","5000","0","5000","30000","13000","17000","PARTIAL","CALL IMMEDIATELY (DUE: ₹17000)"
"BRDP20230202","Sani Pal","Ravi Pal","9464715552","BA","2023-2026","5","Sitapur Sadar, Uttar Pradesh","ACTIVE","3000","3000","0","3000","3000","0","3000","3000","0","3000","3000","0","3000","3000","0","3000","0","3000","18000","15000","3000","PARTIAL","CALL IMMEDIATELY (DUE: ₹3000)"
"BRDP20230203","Pooja Kanaujiya","Sonika Kanaujiya","9820382197","BCA","2023-2026","5","Mohali, Uttar Pradesh","ACTIVE","20000","20000","0","20000","20000","0","20000","20000","0","20000","20000","0","20000","0","20000","20000","0","20000","120000","80000","40000","PARTIAL","CALL IMMEDIATELY (DUE: ₹40000)"
"BRDP20260204","Raj Sharma","Manoj Sharma","9445758499","B.Sc","2026-2029","1","Hargaon, Uttar Pradesh","ACTIVE","5000","5000","0","5000","0","5000","5000","0","5000","5000","0","5000","5000","0","5000","5000","0","5000","30000","5000","25000","PARTIAL","CALL IMMEDIATELY (DUE: ₹25000)"
"BRDP20260205","Raj Paswan","Vinay Paswan","9751486401","B.Sc","2026-2029","1","Khairabad, Uttar Pradesh","ACTIVE","5000","5000","0","5000","0","5000","5000","0","5000","5000","0","5000","5000","0","5000","5000","0","5000","30000","5000","25000","PARTIAL","CALL IMMEDIATELY (DUE: ₹25000)"
"BRDP20260206","Shivani Srivastava","Aarav Srivastava","9499764684","B.Sc","2026-2029","1","Sitapur, Uttar Pradesh","ACTIVE","5000","5000","0","5000","0","5000","5000","0","5000","5000","0","5000","5000","0","5000","5000","0","5000","30000","5000","25000","PARTIAL","CALL IMMEDIATELY (DUE: ₹25000)"
"BRDP20230207","Mahek Kashyap","Saurabh Kashyap","9562693550","BBA","2023-2026","5","Misrikh, Uttar Pradesh","ACTIVE","22000","22000","0","22000","22000","0","22000","22000","0","22000","22000","0","22000","22000","0","22000","0","22000","132000","110000","22000","PARTIAL","CALL IMMEDIATELY (DUE: ₹22000)"
"BRDP20240208","Usha Gautam","Ashutosh Gautam","9225904499","MCA","2024-2027","3","Hargaon, Uttar Pradesh","ACTIVE","30000","30000","0","30000","30000","0","30000","30000","0","30000","0","30000","30000","0","30000","30000","0","30000","180000","90000","90000","PARTIAL","CALL IMMEDIATELY (DUE: ₹90000)"
"BRDP20240209","Vinay Tripathi","Rahul Tripathi","9617199328","BBA","2024-2027","3","Sitapur, Uttar Pradesh","ACTIVE","22000","22000","0","22000","22000","0","22000","16500","5500","22000","0","22000","22000","0","22000","22000","0","22000","132000","60500","71500","PARTIAL","CALL IMMEDIATELY (DUE: ₹71500)"
"BRDP20250210","Vijay Khan","Sonu Khan","9191647456","B.Tech CSE","2025-2028","2","Lucknow, Uttar Pradesh","ACTIVE","25000","25000","0","25000","25000","0","25000","0","25000","25000","0","25000","25000","0","25000","25000","0","25000","150000","50000","100000","PARTIAL","CALL IMMEDIATELY (DUE: ₹100000)"
"BRDP20260211","Abhishek Pandey","Rohan Pandey","9325640150","BA","2026-2029","1","Lakhimpur Kheri, Uttar Pradesh","ACTIVE","3000","1500","1500","3000","0","3000","3000","0","3000","3000","0","3000","3000","0","3000","3000","0","3000","18000","1500","16500","PARTIAL","CALL IMMEDIATELY (DUE: ₹16500)"
"BRDP20260212","Suman Pandey","Naimish Pandey","9603172254","B.Sc","2026-2029","1","Sitapur Sadar, Uttar Pradesh","ACTIVE","5000","2500","2500","5000","0","5000","5000","0","5000","5000","0","5000","5000","0","5000","5000","0","5000","30000","2500","27500","PARTIAL","CALL IMMEDIATELY (DUE: ₹27500)"
"BRDP20260213","Sangita Prajapati","Dibya Prajapati","9330194012","BA","2026-2029","1","Sitapur, Uttar Pradesh","ACTIVE","3000","3000","0","3000","0","3000","3000","0","3000","3000","0","3000","3000","0","3000","3000","0","3000","18000","3000","15000","PARTIAL","CALL IMMEDIATELY (DUE: ₹15000)"
"BRDP20240214","Subhendu Gupta","Abhishek Gupta","9828599090","BA","2024-2027","3","Laharpur, Uttar Pradesh","ACTIVE","3000","3000","0","3000","3000","0","3000","0","3000","3000","0","3000","3000","0","3000","3000","0","3000","18000","6000","12000","PARTIAL","CALL IMMEDIATELY (DUE: ₹12000)"
"BRDP20240215","Avneesh Devi","Saumya Devi","9776385286","B.Sc","2024-2027","3","Maholi, Uttar Pradesh","ACTIVE","5000","5000","0","5000","5000","0","5000","3000","2000","5000","0","5000","5000","0","5000","5000","0","5000","30000","13000","17000","PARTIAL","CALL IMMEDIATELY (DUE: ₹17000)"
"BRDP20240216","Aarav Prajapati","Deepak Prajapati","9678931839","B.Sc","2024-2027","3","Maholi, Uttar Pradesh","ACTIVE","5000","5000","0","5000","5000","0","5000","2500","2500","5000","0","5000","5000","0","5000","5000","0","5000","30000","12500","17500","PARTIAL","CALL IMMEDIATELY (DUE: ₹17500)"
"BRDP20240217","Vishal Tiwari","Saumya Tiwari","9849714485","BBA","2024-2027","3","Misrikh, Uttar Pradesh","ACTIVE","22000","22000","0","22000","22000","0","22000","0","22000","22000","0","22000","22000","0","22000","22000","0","22000","132000","44000","88000","PARTIAL","CALL IMMEDIATELY (DUE: ₹88000)"
"BRDP20260218","Ajay Sharma","Sonika Sharma","9318130762","MCA","2026-2029","1","Mohali, Uttar Pradesh","ACTIVE","30000","23500","6500","30000","0","30000","30000","0","30000","30000","0","30000","30000","0","30000","30000","0","30000","180000","23500","156500","PARTIAL","CALL IMMEDIATELY (DUE: ₹156500)"
"BRDP20250219","Sarita Dubey","Deepa Dubey","9617505768","B.Sc","2025-2028","2","Sitapur, Uttar Pradesh","ACTIVE","5000","5000","0","5000","1500","3500","5000","0","5000","5000","0","5000","5000","0","5000","5000","0","5000","30000","6500","23500","PARTIAL","CALL IMMEDIATELY (DUE: ₹23500)"
"BRDP20240220","Abhishek Dubey","Rekha Dubey","9883540769","BBA","2024-2027","3","Khairabad, Uttar Pradesh","ACTIVE","22000","22000","0","22000","22000","0","22000","10000","12000","22000","0","22000","22000","0","22000","22000","0","22000","132000","54000","78000","PARTIAL","CALL IMMEDIATELY (DUE: ₹78000)"
"BRDP20240221","Gudiya Sharma","Rashi Sharma","9462563257","B.Sc","2024-2027","3","Sitapur, Uttar Pradesh","ACTIVE","5000","5000","0","5000","5000","0","5000","5000","0","5000","0","5000","5000","0","5000","5000","0","5000","30000","15000","15000","PARTIAL","CALL IMMEDIATELY (DUE: ₹15000)"
"BRDP20260222","Rajesh Pal","Kavita Pal","9444585836","B.Sc","2026-2029","1","Lucknow, Uttar Pradesh","ACTIVE","5000","5000","0","5000","0","5000","5000","0","5000","5000","0","5000","5000","0","5000","5000","0","5000","30000","5000","25000","PARTIAL","CALL IMMEDIATELY (DUE: ₹25000)"
"BRDP20250223","Divyanshi Verma","Shivam Verma","9979302409","BA","2025-2028","2","Sidhauli, Uttar Pradesh","ACTIVE","3000","3000","0","3000","2000","1000","3000","0","3000","3000","0","3000","3000","0","3000","3000","0","3000","18000","5000","13000","PARTIAL","CALL IMMEDIATELY (DUE: ₹13000)"
"BRDP20260224","Rajesh Tiwari","Adarsh Tiwari","9903558339","MCA","2026-2029","1","Patna, Uttar Pradesh","ACTIVE","30000","30000","0","30000","0","30000","30000","0","30000","30000","0","30000","30000","0","30000","30000","0","30000","180000","30000","150000","PARTIAL","CALL IMMEDIATELY (DUE: ₹150000)"
"BRDP20250225","Laxmi Sharma","Diwakar Sharma","9866351625","B.Tech CSE","2025-2028","2","Laharpur, Uttar Pradesh","ACTIVE","25000","25000","0","25000","25000","0","25000","0","25000","25000","0","25000","25000","0","25000","25000","0","25000","150000","50000","100000","PARTIAL","CALL IMMEDIATELY (DUE: ₹100000)"
"BRDP20240226","Aarti Rajpoot","Deepak Rajpoot","9541113187","BBA","2024-2027","3","Maholi, Uttar Pradesh","ACTIVE","22000","22000","0","22000","22000","0","22000","0","22000","22000","0","22000","22000","0","22000","22000","0","22000","132000","44000","88000","PARTIAL","CALL IMMEDIATELY (DUE: ₹88000)"
"BRDP20260227","Ramesh Gautam","Alok Gautam","9286306335","BA","2026-2029","1","Laharpur, Uttar Pradesh","ACTIVE","3000","3000","0","3000","0","3000","3000","0","3000","3000","0","3000","3000","0","3000","3000","0","3000","18000","3000","15000","PARTIAL","CALL IMMEDIATELY (DUE: ₹15000)"
"BRDP20260228","Ayush Shukla","Gudiya Shukla","9406801337","B.Sc","2026-2029","1","Mohali, Uttar Pradesh","ACTIVE","5000","5000","0","5000","0","5000","5000","0","5000","5000","0","5000","5000","0","5000","5000","0","5000","30000","5000","25000","PARTIAL","CALL IMMEDIATELY (DUE: ₹25000)"
"BRDP20260229","Pushpendra Kumar","Vishal Kumar","9192409108","MCA","2026-2029","1","Hargaon, Uttar Pradesh","ACTIVE","30000","30000","0","30000","0","30000","30000","0","30000","30000","0","30000","30000","0","30000","30000","0","30000","180000","30000","150000","PARTIAL","CALL IMMEDIATELY (DUE: ₹150000)"
"BRDP20260230","Sandeep Dubey","Saumya Dubey","9480802345","MCA","2026-2029","1","Lakhimpur Kheri, Uttar Pradesh","ACTIVE","30000","30000","0","30000","0","30000","30000","0","30000","30000","0","30000","30000","0","30000","30000","0","30000","180000","30000","150000","PARTIAL","CALL IMMEDIATELY (DUE: ₹150000)"
"BRDP20260231","Adarsh Tripathi","Yashee Tripathi","9761658553","BBA","2026-2029","1","Lakhimpur Kheri, Uttar Pradesh","ACTIVE","22000","22000","0","22000","0","22000","22000","0","22000","22000","0","22000","22000","0","22000","22000","0","22000","132000","22000","110000","PARTIAL","CALL IMMEDIATELY (DUE: ₹110000)"
"BRDP20240232","Meena Jaiswal","Seema Jaiswal","9383045598","BA","2024-2027","3","Lucknow, Uttar Pradesh","ACTIVE","3000","3000","0","3000","3000","0","3000","2500","500","3000","0","3000","3000","0","3000","3000","0","3000","18000","8500","9500","PARTIAL","CALL IMMEDIATELY (DUE: ₹9500)"
"BRDP20240233","Iliyash Tripathi","Saurabh Tripathi","9491187580","MCA","2024-2027","3","Khairabad, Uttar Pradesh","ACTIVE","30000","30000","0","30000","30000","0","30000","30000","0","30000","0","30000","30000","0","30000","30000","0","30000","180000","90000","90000","PARTIAL","CALL IMMEDIATELY (DUE: ₹90000)"
"BRDP20260234","Mahek Devi","Priya Devi","9390775587","BCA","2026-2029","1","Patna, Uttar Pradesh","ACTIVE","20000","20000","0","20000","0","20000","20000","0","20000","20000","0","20000","20000","0","20000","20000","0","20000","120000","20000","100000","PARTIAL","CALL IMMEDIATELY (DUE: ₹100000)"
"BRDP20260235","Satish Devi","Aditya Devi","9617401556","BCA","2026-2029","1","Maholi, Uttar Pradesh","ACTIVE","20000","20000","0","20000","0","20000","20000","0","20000","20000","0","20000","20000","0","20000","20000","0","20000","120000","20000","100000","PARTIAL","CALL IMMEDIATELY (DUE: ₹100000)"
"BRDP20240236","Dibya Devi","Divanshi Devi","9147689448","B.Tech CSE","2024-2027","3","Biswan, Uttar Pradesh","ACTIVE","25000","25000","0","25000","25000","0","25000","17000","8000","25000","0","25000","25000","0","25000","25000","0","25000","150000","67000","83000","PARTIAL","CALL IMMEDIATELY (DUE: ₹83000)"
"BRDP20240237","Anamika Dwivedi","Rekha Dwivedi","9689130994","B.Sc","2024-2027","3","Hargaon, Uttar Pradesh","ACTIVE","5000","5000","0","5000","5000","0","5000","5000","0","5000","0","5000","5000","0","5000","5000","0","5000","30000","15000","15000","PARTIAL","CALL IMMEDIATELY (DUE: ₹15000)"
"BRDP20260238","Subhendu Devi","Saumya Devi","9453656080","BA","2026-2029","1","Hargaon, Uttar Pradesh","DELETED","3000","3000","0","3000","0","3000","3000","0","3000","3000","0","3000","3000","0","3000","3000","0","3000","18000","3000","15000","PARTIAL","CALL IMMEDIATELY (DUE: ₹15000)"
"BRDP20230239","Nainsi Shukla","Aditya Shukla","9217944850","B.Tech CSE","2023-2026","5","Misrikh, Uttar Pradesh","ACTIVE","25000","25000","0","25000","25000","0","25000","25000","0","25000","25000","0","25000","9500","15500","25000","0","25000","150000","109500","40500","PARTIAL","CALL IMMEDIATELY (DUE: ₹40500)"
"BRDP20260240","Subhendu Gupta","Prateek Gupta","9284108886","BBA","2026-2029","1","Sidhauli, Uttar Pradesh","ACTIVE","22000","22000","0","22000","0","22000","22000","0","22000","22000","0","22000","22000","0","22000","22000","0","22000","132000","22000","110000","PARTIAL","CALL IMMEDIATELY (DUE: ₹110000)"
"BRDP20230241","Aarav Dubey","Deepak Dubey","9393498231","B.Tech CSE","2023-2026","5","Sitapur Sadar, Uttar Pradesh","ACTIVE","25000","25000","0","25000","25000","0","25000","25000","0","25000","25000","0","25000","25000","0","25000","0","25000","150000","125000","25000","PARTIAL","CALL IMMEDIATELY (DUE: ₹25000)"
"BRDP20250242","Aarya Srivastava","Aarav Srivastava","9203813618","B.Tech CSE","2025-2028","2","Lakhimpur Kheri, Uttar Pradesh","ACTIVE","25000","25000","0","25000","18000","7000","25000","0","25000","25000","0","25000","25000","0","25000","25000","0","25000","150000","43000","107000","PARTIAL","CALL IMMEDIATELY (DUE: ₹107000)"
"BRDP20240243","Pushpendra Kanaujiya","Sonika Kanaujiya","9173337883","MCA","2024-2027","3","Maholi, Uttar Pradesh","ACTIVE","30000","30000","0","30000","30000","0","30000","0","30000","30000","0","30000","30000","0","30000","30000","0","30000","180000","60000","120000","PARTIAL","CALL IMMEDIATELY (DUE: ₹120000)"
"BRDP20260244","Usha Giri","Pushpendra Giri","9995955999","BA","2026-2029","1","Hargaon, Uttar Pradesh","ACTIVE","3000","3000","0","3000","0","3000","3000","0","3000","3000","0","3000","3000","0","3000","3000","0","3000","18000","3000","15000","PARTIAL","CALL IMMEDIATELY (DUE: ₹15000)"
"BRDP20260245","Vijay Khan","Rohan Khan","9315866494","BCA","2026-2029","1","Biswan, Uttar Pradesh","ACTIVE","20000","20000","0","20000","0","20000","20000","0","20000","20000","0","20000","20000","0","20000","20000","0","20000","120000","20000","100000","PARTIAL","CALL IMMEDIATELY (DUE: ₹100000)"
"BRDP20240246","Geeta Kashyap","Abhishek Kashyap","9947522358","BCA","2024-2027","3","Patna, Uttar Pradesh","ACTIVE","20000","20000","0","20000","20000","0","20000","16000","4000","20000","0","20000","20000","0","20000","20000","0","20000","120000","56000","64000","PARTIAL","CALL IMMEDIATELY (DUE: ₹64000)"
"BRDP20230247","Vinay Mishra","Pushpendra Mishra","9633400920","B.Sc","2023-2026","5","Lakhimpur Kheri, Uttar Pradesh","ACTIVE","5000","5000","0","5000","5000","0","5000","5000","0","5000","5000","0","5000","2000","3000","5000","0","5000","30000","22000","8000","PARTIAL","CALL IMMEDIATELY (DUE: ₹8000)"
"BRDP20230248","Adarsh Kashyap","Geeta Kashyap","9711225053","BBA","2023-2026","5","Maholi, Uttar Pradesh","ACTIVE","22000","22000","0","22000","22000","0","22000","22000","0","22000","22000","0","22000","10500","11500","22000","0","22000","132000","98500","33500","PARTIAL","CALL IMMEDIATELY (DUE: ₹33500)"
"BRDP20240249","Kamlesh Paswan","Raj Paswan","9847230980","BA","2024-2027","3","Sitapur Sadar, Uttar Pradesh","ACTIVE","3000","3000","0","3000","3000","0","3000","0","3000","3000","0","3000","3000","0","3000","3000","0","3000","18000","6000","12000","PARTIAL","CALL IMMEDIATELY (DUE: ₹12000)"
"BRDP20250250","Alok Singh","Naimish Singh","9938661577","B.Sc","2025-2028","2","Sitapur, Uttar Pradesh","ACTIVE","5000","5000","0","5000","1500","3500","5000","0","5000","5000","0","5000","5000","0","5000","5000","0","5000","30000","6500","23500","PARTIAL","CALL IMMEDIATELY (DUE: ₹23500)"
"BRDP20260251","Alok Tiwari","Vinod Tiwari","9425632504","BCA","2026-2029","1","Patna, Uttar Pradesh","ACTIVE","20000","20000","0","20000","0","20000","20000","0","20000","20000","0","20000","20000","0","20000","20000","0","20000","120000","20000","100000","PARTIAL","CALL IMMEDIATELY (DUE: ₹100000)"
"BRDP20250252","Aarti Yadav","Ramesh Yadav","9921211225","B.Sc","2025-2028","2","Kanpur, Uttar Pradesh","ACTIVE","5000","5000","0","5000","5000","0","5000","0","5000","5000","0","5000","5000","0","5000","5000","0","5000","30000","10000","20000","PARTIAL","CALL IMMEDIATELY (DUE: ₹20000)"
"BRDP20230253","Abhishek Mishra","Suresh Mishra","9134563304","BCA","2023-2026","5","Lucknow, Uttar Pradesh","ACTIVE","20000","20000","0","20000","20000","0","20000","20000","0","20000","20000","0","20000","20000","0","20000","0","20000","120000","100000","20000","PARTIAL","CALL IMMEDIATELY (DUE: ₹20000)"
"BRDP20260254","Ayush Chaurasiya","Iliyash Chaurasiya","9143795673","B.Tech CSE","2026-2029","1","Maholi, Uttar Pradesh","ACTIVE","25000","0","25000","25000","0","25000","25000","0","25000","25000","0","25000","25000","0","25000","25000","0","25000","150000","0","150000","PENDING","CALL IMMEDIATELY (DUE: ₹150000)"
"BRDP20230255","Adarsh Jaiswal","Aarya Jaiswal","9391194777","BCA","2023-2026","5","Mohali, Uttar Pradesh","ACTIVE","20000","20000","0","20000","20000","0","20000","20000","0","20000","20000","0","20000","20000","0","20000","0","20000","120000","100000","20000","PARTIAL","CALL IMMEDIATELY (DUE: ₹20000)"
"BRDP20240256","Alok Dubey","Amit Dubey","9930614022","BCA","2024-2027","3","Khairabad, Uttar Pradesh","ACTIVE","20000","20000","0","20000","20000","0","20000","12500","7500","20000","0","20000","20000","0","20000","20000","0","20000","120000","52500","67500","PARTIAL","CALL IMMEDIATELY (DUE: ₹67500)"
"BRDP20260257","Raj Kumar","Diwakar Kumar","9598622555","B.Sc","2026-2029","1","Sidhauli, Uttar Pradesh","ACTIVE","5000","5000","0","5000","0","5000","5000","0","5000","5000","0","5000","5000","0","5000","5000","0","5000","30000","5000","25000","PARTIAL","CALL IMMEDIATELY (DUE: ₹25000)"
"BRDP20260258","Shivangi Verma","Amit Verma","9439325299","B.Tech CSE","2026-2029","1","Kanpur, Uttar Pradesh","ACTIVE","25000","0","25000","25000","0","25000","25000","0","25000","25000","0","25000","25000","0","25000","25000","0","25000","150000","0","150000","PENDING","CALL IMMEDIATELY (DUE: ₹150000)"
"BRDP20250259","Gudiya Verma","Gudiya Verma","9469155119","MCA","2025-2028","2","Patna, Uttar Pradesh","ACTIVE","30000","30000","0","30000","30000","0","30000","0","30000","30000","0","30000","30000","0","30000","30000","0","30000","180000","60000","120000","PARTIAL","CALL IMMEDIATELY (DUE: ₹120000)"
"BRDP20260260","Ajay Tripathi","Pinku Tripathi","9461525309","B.Tech CSE","2026-2029","1","Lakhimpur Kheri, Uttar Pradesh","ACTIVE","25000","0","25000","25000","0","25000","25000","0","25000","25000","0","25000","25000","0","25000","25000","0","25000","150000","0","150000","PENDING","CALL IMMEDIATELY (DUE: ₹150000)"
"BRDP20230261","Ritu Sharma","Pari Sharma","9866720609","BBA","2023-2026","5","Hargaon, Uttar Pradesh","ACTIVE","22000","22000","0","22000","22000","0","22000","22000","0","22000","22000","0","22000","12000","10000","22000","0","22000","132000","100000","32000","PARTIAL","CALL IMMEDIATELY (DUE: ₹32000)"
"BRDP20250262","Sonu Paswan","Rashi Paswan","9306591824","BBA","2025-2028","2","Lakhimpur Kheri, Uttar Pradesh","ACTIVE","22000","22000","0","22000","0","22000","22000","0","22000","22000","0","22000","22000","0","22000","22000","0","22000","132000","22000","110000","PARTIAL","CALL IMMEDIATELY (DUE: ₹110000)"
"BRDP20230263","Aditya Kumar","Sonika Kumar","9741431028","B.Sc","2023-2026","5","Misrikh, Uttar Pradesh","ACTIVE","5000","5000","0","5000","5000","0","5000","5000","0","5000","5000","0","5000","0","5000","5000","0","5000","30000","20000","10000","PARTIAL","CALL IMMEDIATELY (DUE: ₹10000)"
"BRDP20240264","Geeta Srivastava","Rekha Srivastava","9199080193","B.Sc","2024-2027","3","Sitapur Sadar, Uttar Pradesh","ACTIVE","5000","5000","0","5000","5000","0","5000","3000","2000","5000","0","5000","5000","0","5000","5000","0","5000","30000","13000","17000","PARTIAL","CALL IMMEDIATELY (DUE: ₹17000)"
"BRDP20260265","Aarti Kumar","Asha Kumar","9987323345","BA","2026-2029","1","Kanpur, Uttar Pradesh","ACTIVE","3000","3000","0","3000","0","3000","3000","0","3000","3000","0","3000","3000","0","3000","3000","0","3000","18000","3000","15000","PARTIAL","CALL IMMEDIATELY (DUE: ₹15000)"
"BRDP20250266","Anita Gupta","Ashutosh Gupta","9363342891","B.Sc","2025-2028","2","Lakhimpur Kheri, Uttar Pradesh","ACTIVE","5000","5000","0","5000","5000","0","5000","0","5000","5000","0","5000","5000","0","5000","5000","0","5000","30000","10000","20000","PARTIAL","CALL IMMEDIATELY (DUE: ₹20000)"
"BRDP20230267","Vivek Pal","Shivani Pal","9187516274","BBA","2023-2026","5","Maholi, Uttar Pradesh","ACTIVE","22000","22000","0","22000","22000","0","22000","22000","0","22000","22000","0","22000","16000","6000","22000","0","22000","132000","104000","28000","PARTIAL","CALL IMMEDIATELY (DUE: ₹28000)"
"BRDP20240268","Satish Devi","Pari Devi","9401447358","BA","2024-2027","3","Lakhimpur Kheri, Uttar Pradesh","ACTIVE","3000","3000","0","3000","3000","0","3000","2000","1000","3000","0","3000","3000","0","3000","3000","0","3000","18000","8000","10000","PARTIAL","CALL IMMEDIATELY (DUE: ₹10000)"
"BRDP20240269","Suman Jaiswal","Anjali Jaiswal","9703583888","B.Sc","2024-2027","3","Laharpur, Uttar Pradesh","ACTIVE","5000","5000","0","5000","5000","0","5000","5000","0","5000","0","5000","5000","0","5000","5000","0","5000","30000","15000","15000","PARTIAL","CALL IMMEDIATELY (DUE: ₹15000)"
"BRDP20240270","Ajay Pal","Subhendu Pal","9798329214","B.Tech CSE","2024-2027","3","Misrikh, Uttar Pradesh","ACTIVE","25000","25000","0","25000","25000","0","25000","0","25000","25000","0","25000","25000","0","25000","25000","0","25000","150000","50000","100000","PARTIAL","CALL IMMEDIATELY (DUE: ₹100000)"
"BRDP20240271","Deepak Verma","Suresh Verma","9647436695","BA","2024-2027","3","Maholi, Uttar Pradesh","ACTIVE","3000","3000","0","3000","3000","0","3000","2000","1000","3000","0","3000","3000","0","3000","3000","0","3000","18000","8000","10000","PARTIAL","CALL IMMEDIATELY (DUE: ₹10000)"
"BRDP20260272","Meena Khan","Manoj Khan","9948895776","B.Sc","2026-2029","1","Khairabad, Uttar Pradesh","ACTIVE","5000","5000","0","5000","0","5000","5000","0","5000","5000","0","5000","5000","0","5000","5000","0","5000","30000","5000","25000","PARTIAL","CALL IMMEDIATELY (DUE: ₹25000)"
"BRDP20260273","Meena Singh","Rahul Singh","9783146130","BCA","2026-2029","1","Laharpur, Uttar Pradesh","ACTIVE","20000","10000","10000","20000","0","20000","20000","0","20000","20000","0","20000","20000","0","20000","20000","0","20000","120000","10000","110000","PARTIAL","CALL IMMEDIATELY (DUE: ₹110000)"
"BRDP20240274","Shivani Mishra","Ashutosh Mishra","9547858300","BBA","2024-2027","3","Kanpur, Uttar Pradesh","ACTIVE","22000","22000","0","22000","22000","0","22000","15000","7000","22000","0","22000","22000","0","22000","22000","0","22000","132000","59000","73000","PARTIAL","CALL IMMEDIATELY (DUE: ₹73000)"
"BRDP20240275","Vijay Pal","Rekha Pal","9845937090","BA","2024-2027","3","Sidhauli, Uttar Pradesh","ACTIVE","3000","3000","0","3000","3000","0","3000","0","3000","3000","0","3000","3000","0","3000","3000","0","3000","18000","6000","12000","PARTIAL","CALL IMMEDIATELY (DUE: ₹12000)"
"BRDP20240276","Prateek Srivastava","Deepika Srivastava","9490510876","BA","2024-2027","3","Biswan, Uttar Pradesh","ACTIVE","3000","3000","0","3000","3000","0","3000","3000","0","3000","0","3000","3000","0","3000","3000","0","3000","18000","9000","9000","PARTIAL","CALL IMMEDIATELY (DUE: ₹9000)"
"BRDP20260277","Ankul Devi","Sanjay Devi","9731282932","BA","2026-2029","1","Kanpur, Uttar Pradesh","ACTIVE","3000","1500","1500","3000","0","3000","3000","0","3000","3000","0","3000","3000","0","3000","3000","0","3000","18000","1500","16500","PARTIAL","CALL IMMEDIATELY (DUE: ₹16500)"
"BRDP20250278","Ravi Dwivedi","Priya Dwivedi","9774056438","B.Sc","2025-2028","2","Biswan, Uttar Pradesh","ACTIVE","5000","5000","0","5000","5000","0","5000","0","5000","5000","0","5000","5000","0","5000","5000","0","5000","30000","10000","20000","PARTIAL","CALL IMMEDIATELY (DUE: ₹20000)"
"BRDP20240279","Pinku Sharma","Yashee Sharma","9891558621","B.Tech CSE","2024-2027","3","Lakhimpur Kheri, Uttar Pradesh","ACTIVE","25000","25000","0","25000","25000","0","25000","13000","12000","25000","0","25000","25000","0","25000","25000","0","25000","150000","63000","87000","PARTIAL","CALL IMMEDIATELY (DUE: ₹87000)"
"BRDP20230280","Usha Prajapati","Vishal Prajapati","9420725373","BCA","2023-2026","5","Laharpur, Uttar Pradesh","ACTIVE","20000","20000","0","20000","20000","0","20000","20000","0","20000","20000","0","20000","10000","10000","20000","0","20000","120000","90000","30000","PARTIAL","CALL IMMEDIATELY (DUE: ₹30000)"
"BRDP20250281","Abhishek Khan","Vinay Khan","9727978832","BBA","2025-2028","2","Kanpur, Uttar Pradesh","ACTIVE","22000","22000","0","22000","15500","6500","22000","0","22000","22000","0","22000","22000","0","22000","22000","0","22000","132000","37500","94500","PARTIAL","CALL IMMEDIATELY (DUE: ₹94500)"
"BRDP20230282","Sonika Devi","Rajesh Devi","9484804938","MCA","2023-2026","5","Laharpur, Uttar Pradesh","ACTIVE","30000","30000","0","30000","30000","0","30000","30000","0","30000","30000","0","30000","21000","9000","30000","0","30000","180000","141000","39000","PARTIAL","CALL IMMEDIATELY (DUE: ₹39000)"
"BRDP20250283","Dibya Yadav","Divyanshi Yadav","9936382399","B.Tech CSE","2025-2028","2","Sidhauli, Uttar Pradesh","ACTIVE","25000","25000","0","25000","14000","11000","25000","0","25000","25000","0","25000","25000","0","25000","25000","0","25000","150000","39000","111000","PARTIAL","CALL IMMEDIATELY (DUE: ₹111000)"
"BRDP20240284","Ajay Giri","Kavita Giri","9884486783","BCA","2024-2027","3","Laharpur, Uttar Pradesh","ACTIVE","20000","20000","0","20000","20000","0","20000","20000","0","20000","0","20000","20000","0","20000","20000","0","20000","120000","60000","60000","PARTIAL","CALL IMMEDIATELY (DUE: ₹60000)"
"BRDP20240285","Mahek Kashyap","Prateek Kashyap","9839797724","BA","2024-2027","3","Maholi, Uttar Pradesh","ACTIVE","3000","3000","0","3000","3000","0","3000","0","3000","3000","0","3000","3000","0","3000","3000","0","3000","18000","6000","12000","PARTIAL","CALL IMMEDIATELY (DUE: ₹12000)"
"BRDP20240286","Divyanshi Yadav","Deepak Yadav","9856210401","B.Sc","2024-2027","3","Sidhauli, Uttar Pradesh","ACTIVE","5000","5000","0","5000","5000","0","5000","5000","0","5000","0","5000","5000","0","5000","5000","0","5000","30000","15000","15000","PARTIAL","CALL IMMEDIATELY (DUE: ₹15000)"
"BRDP20240287","Ravi Tripathi","Laxmi Tripathi","9108447492","B.Sc","2024-2027","3","Sitapur Sadar, Uttar Pradesh","ACTIVE","5000","5000","0","5000","5000","0","5000","5000","0","5000","0","5000","5000","0","5000","5000","0","5000","30000","15000","15000","PARTIAL","CALL IMMEDIATELY (DUE: ₹15000)"
"BRDP20260288","Vikas Yadav","Shivam Yadav","9601042234","BCA","2026-2029","1","Maholi, Uttar Pradesh","ACTIVE","20000","20000","0","20000","0","20000","20000","0","20000","20000","0","20000","20000","0","20000","20000","0","20000","120000","20000","100000","PARTIAL","CALL IMMEDIATELY (DUE: ₹100000)"
"BRDP20230289","Suman Gupta","Divyanshi Gupta","9936668918","BCA","2023-2026","5","Biswan, Uttar Pradesh","ACTIVE","20000","20000","0","20000","20000","0","20000","20000","0","20000","20000","0","20000","0","20000","20000","0","20000","120000","80000","40000","PARTIAL","CALL IMMEDIATELY (DUE: ₹40000)"
"BRDP20260290","Roshani Maurya","Aarti Maurya","9289829710","BBA","2026-2029","1","Hargaon, Uttar Pradesh","ACTIVE","22000","22000","0","22000","0","22000","22000","0","22000","22000","0","22000","22000","0","22000","22000","0","22000","132000","22000","110000","PARTIAL","CALL IMMEDIATELY (DUE: ₹110000)"
"BRDP20260291","Priya Singh","Sani Singh","9992501715","BBA","2026-2029","1","Sidhauli, Uttar Pradesh","ACTIVE","22000","10500","11500","22000","0","22000","22000","0","22000","22000","0","22000","22000","0","22000","22000","0","22000","132000","10500","121500","PARTIAL","CALL IMMEDIATELY (DUE: ₹121500)"
"BRDP20250292","Usha Dwivedi","Abhishek Dwivedi","9585895465","BBA","2025-2028","2","Sitapur Sadar, Uttar Pradesh","ACTIVE","22000","22000","0","22000","22000","0","22000","0","22000","22000","0","22000","22000","0","22000","22000","0","22000","132000","44000","88000","PARTIAL","CALL IMMEDIATELY (DUE: ₹88000)"
"BRDP20260293","Rahul Yadav","Dipanshi Yadav","9476062851","B.Sc","2026-2029","1","Patna, Uttar Pradesh","ACTIVE","5000","2000","3000","5000","0","5000","5000","0","5000","5000","0","5000","5000","0","5000","5000","0","5000","30000","2000","28000","PARTIAL","CALL IMMEDIATELY (DUE: ₹28000)"
"BRDP20260294","Sangita Maurya","Pooja Maurya","9990055349","BA","2026-2029","1","Sitapur Sadar, Uttar Pradesh","ACTIVE","3000","3000","0","3000","0","3000","3000","0","3000","3000","0","3000","3000","0","3000","3000","0","3000","18000","3000","15000","PARTIAL","CALL IMMEDIATELY (DUE: ₹15000)"
"BRDP20260295","Sangita Sharma","Alok Sharma","9197724735","BCA","2026-2029","1","Sidhauli, Uttar Pradesh","ACTIVE","20000","20000","0","20000","0","20000","20000","0","20000","20000","0","20000","20000","0","20000","20000","0","20000","120000","20000","100000","PARTIAL","CALL IMMEDIATELY (DUE: ₹100000)"
"BRDP20250296","Anamika Yadav","Dibya Yadav","9639580355","BCA","2025-2028","2","Lakhimpur Kheri, Uttar Pradesh","ACTIVE","20000","20000","0","20000","16000","4000","20000","0","20000","20000","0","20000","20000","0","20000","20000","0","20000","120000","36000","84000","PARTIAL","CALL IMMEDIATELY (DUE: ₹84000)"
"BRDP20260297","Kamlesh Gautam","Vinay Gautam","9976703958","B.Sc","2026-2029","1","Hargaon, Uttar Pradesh","ACTIVE","5000","5000","0","5000","0","5000","5000","0","5000","5000","0","5000","5000","0","5000","5000","0","5000","30000","5000","25000","PARTIAL","CALL IMMEDIATELY (DUE: ₹25000)"
"BRDP20260298","Subhendu Shukla","Prateek Shukla","9996249784","B.Sc","2026-2029","1","Misrikh, Uttar Pradesh","ACTIVE","5000","5000","0","5000","0","5000","5000","0","5000","5000","0","5000","5000","0","5000","5000","0","5000","30000","5000","25000","PARTIAL","CALL IMMEDIATELY (DUE: ₹25000)"
"BRDP20250299","Saurabh Paswan","Anjali Paswan","9337268250","B.Tech CSE","2025-2028","2","Patna, Uttar Pradesh","ACTIVE","25000","25000","0","25000","10000","15000","25000","0","25000","25000","0","25000","25000","0","25000","25000","0","25000","150000","35000","115000","PARTIAL","CALL IMMEDIATELY (DUE: ₹115000)"
"BRDP20250300","Shivangi Prajapati","Asha Prajapati","9677091040","B.Sc","2025-2028","2","Khairabad, Uttar Pradesh","ACTIVE","5000","5000","0","5000","5000","0","5000","0","5000","5000","0","5000","5000","0","5000","5000","0","5000","30000","10000","20000","PARTIAL","CALL IMMEDIATELY (DUE: ₹20000)"
"BRDP20260301","Rahul Gupta","Vinod Gupta","9477743610","BA","2026-2029","1","Misrikh, Uttar Pradesh","ACTIVE","3000","3000","0","3000","0","3000","3000","0","3000","3000","0","3000","3000","0","3000","3000","0","3000","18000","3000","15000","PARTIAL","CALL IMMEDIATELY (DUE: ₹15000)"
"BRDP20260302","Subhendu Verma","Aarya Verma","9305476723","BA","2026-2029","1","Sitapur Sadar, Uttar Pradesh","ACTIVE","3000","2000","1000","3000","0","3000","3000","0","3000","3000","0","3000","3000","0","3000","3000","0","3000","18000","2000","16000","PARTIAL","CALL IMMEDIATELY (DUE: ₹16000)"
"BRDP20250303","Rahul Pandey","Sonu Pandey","9533131278","BBA","2025-2028","2","Misrikh, Uttar Pradesh","ACTIVE","22000","22000","0","22000","9000","13000","22000","0","22000","22000","0","22000","22000","0","22000","22000","0","22000","132000","31000","101000","PARTIAL","CALL IMMEDIATELY (DUE: ₹101000)"
"BRDP20260304","Ritu Prajapati","Saumya Prajapati","9222028320","B.Tech CSE","2026-2029","1","Patna, Uttar Pradesh","ACTIVE","25000","13500","11500","25000","0","25000","25000","0","25000","25000","0","25000","25000","0","25000","25000","0","25000","150000","13500","136500","PARTIAL","CALL IMMEDIATELY (DUE: ₹136500)"
"BRDP20250305","Saurabh Jaiswal","Sarita Jaiswal","9340415489","BA","2025-2028","2","Laharpur, Uttar Pradesh","ACTIVE","3000","3000","0","3000","1500","1500","3000","0","3000","3000","0","3000","3000","0","3000","3000","0","3000","18000","4500","13500","PARTIAL","CALL IMMEDIATELY (DUE: ₹13500)"
"BRDP20240306","Dharmendra Dubey","Diwakar Dubey","9725014190","MCA","2024-2027","3","Laharpur, Uttar Pradesh","ACTIVE","30000","30000","0","30000","30000","0","30000","0","30000","30000","0","30000","30000","0","30000","30000","0","30000","180000","60000","120000","PARTIAL","CALL IMMEDIATELY (DUE: ₹120000)"
"BRDP20230307","Sarita Maurya","Sunil Maurya","9543028528","BCA","2023-2026","5","Patna, Uttar Pradesh","ACTIVE","20000","20000","0","20000","20000","0","20000","20000","0","20000","20000","0","20000","13000","7000","20000","0","20000","120000","93000","27000","PARTIAL","CALL IMMEDIATELY (DUE: ₹27000)"
"BRDP20230308","Raj Dwivedi","Satish Dwivedi","9800652104","B.Sc","2023-2026","5","Kanpur, Uttar Pradesh","ACTIVE","5000","5000","0","5000","5000","0","5000","5000","0","5000","5000","0","5000","0","5000","5000","0","5000","30000","20000","10000","PARTIAL","CALL IMMEDIATELY (DUE: ₹10000)"
"BRDP20230309","Anjali Devi","Laxmi Devi","9502663717","B.Tech CSE","2023-2026","5","Lakhimpur Kheri, Uttar Pradesh","ACTIVE","25000","25000","0","25000","25000","0","25000","25000","0","25000","25000","0","25000","25000","0","25000","0","25000","150000","125000","25000","PARTIAL","CALL IMMEDIATELY (DUE: ₹25000)"
"BRDP20230310","Ananya Dwivedi","Asha Dwivedi","9473923334","BCA","2023-2026","5","Khairabad, Uttar Pradesh","ACTIVE","20000","20000","0","20000","20000","0","20000","20000","0","20000","20000","0","20000","0","20000","20000","0","20000","120000","80000","40000","PARTIAL","CALL IMMEDIATELY (DUE: ₹40000)"
"BRDP20250311","Sandeep Gupta","Sunil Gupta","9851115483","BBA","2025-2028","2","Khairabad, Uttar Pradesh","DELETED","22000","22000","0","22000","22000","0","22000","0","22000","22000","0","22000","22000","0","22000","22000","0","22000","132000","44000","88000","PARTIAL","CALL IMMEDIATELY (DUE: ₹88000)"
"BRDP20230312","Pinku Dwivedi","Pushpendra Dwivedi","9975355481","B.Tech CSE","2023-2026","5","Sitapur, Uttar Pradesh","ACTIVE","25000","25000","0","25000","25000","0","25000","25000","0","25000","25000","0","25000","0","25000","25000","0","25000","150000","100000","50000","PARTIAL","CALL IMMEDIATELY (DUE: ₹50000)"
"BRDP20260313","Subhendu Singh","Laxmi Singh","9525315226","B.Tech CSE","2026-2029","1","Sitapur Sadar, Uttar Pradesh","ACTIVE","25000","18500","6500","25000","0","25000","25000","0","25000","25000","0","25000","25000","0","25000","25000","0","25000","150000","18500","131500","PARTIAL","CALL IMMEDIATELY (DUE: ₹131500)"
"BRDP20240314","Yashee Tripathi","Geeta Tripathi","9764947926","BA","2024-2027","3","Sitapur Sadar, Uttar Pradesh","ACTIVE","3000","3000","0","3000","3000","0","3000","3000","0","3000","0","3000","3000","0","3000","3000","0","3000","18000","9000","9000","PARTIAL","CALL IMMEDIATELY (DUE: ₹9000)"
"BRDP20240315","Mahek Rathour","Vivek Rathour","9828338465","BA","2024-2027","3","Patna, Uttar Pradesh","DELETED","3000","3000","0","3000","3000","0","3000","3000","0","3000","0","3000","3000","0","3000","3000","0","3000","18000","9000","9000","PARTIAL","CALL IMMEDIATELY (DUE: ₹9000)"
"BRDP20260316","Ashutosh Rathour","Ritu Rathour","9567836252","B.Tech CSE","2026-2029","1","Kanpur, Uttar Pradesh","ACTIVE","25000","14500","10500","25000","0","25000","25000","0","25000","25000","0","25000","25000","0","25000","25000","0","25000","150000","14500","135500","PARTIAL","CALL IMMEDIATELY (DUE: ₹135500)"
"BRDP20240317","Dibya Mishra","Pari Mishra","9754160361","B.Tech CSE","2024-2027","3","Lakhimpur Kheri, Uttar Pradesh","ACTIVE","25000","25000","0","25000","25000","0","25000","16000","9000","25000","0","25000","25000","0","25000","25000","0","25000","150000","66000","84000","PARTIAL","CALL IMMEDIATELY (DUE: ₹84000)"
"BRDP20260318","Yashee Srivastava","Gudiya Srivastava","9302785414","BBA","2026-2029","1","Sitapur Sadar, Uttar Pradesh","ACTIVE","22000","22000","0","22000","0","22000","22000","0","22000","22000","0","22000","22000","0","22000","22000","0","22000","132000","22000","110000","PARTIAL","CALL IMMEDIATELY (DUE: ₹110000)"
"BRDP20250319","Vikas Pal","Sandeep Pal","9301422327","MCA","2025-2028","2","Sidhauli, Uttar Pradesh","ACTIVE","30000","30000","0","30000","0","30000","30000","0","30000","30000","0","30000","30000","0","30000","30000","0","30000","180000","30000","150000","PARTIAL","CALL IMMEDIATELY (DUE: ₹150000)"
"BRDP20260320","Vinay Pandey","Sonu Pandey","9194343200","B.Tech CSE","2026-2029","1","Misrikh, Uttar Pradesh","ACTIVE","25000","15500","9500","25000","0","25000","25000","0","25000","25000","0","25000","25000","0","25000","25000","0","25000","150000","15500","134500","PARTIAL","CALL IMMEDIATELY (DUE: ₹134500)"
"BRDP20240321","Deepak Srivastava","Shivangi Srivastava","9176591632","B.Tech CSE","2024-2027","3","Lucknow, Uttar Pradesh","ACTIVE","25000","25000","0","25000","25000","0","25000","14000","11000","25000","0","25000","25000","0","25000","25000","0","25000","150000","64000","86000","PARTIAL","CALL IMMEDIATELY (DUE: ₹86000)"
"BRDP20240322","Aditya Jaiswal","Geeta Jaiswal","9354866960","BA","2024-2027","3","Lakhimpur Kheri, Uttar Pradesh","ACTIVE","3000","3000","0","3000","3000","0","3000","2500","500","3000","0","3000","3000","0","3000","3000","0","3000","18000","8500","9500","PARTIAL","CALL IMMEDIATELY (DUE: ₹9500)"
"BRDP20240323","Deepak Jaiswal","Pankaj Jaiswal","9503685348","BA","2024-2027","3","Patna, Uttar Pradesh","ACTIVE","3000","3000","0","3000","3000","0","3000","3000","0","3000","0","3000","3000","0","3000","3000","0","3000","18000","9000","9000","PARTIAL","CALL IMMEDIATELY (DUE: ₹9000)"
"BRDP20240324","Vikas Jaiswal","Sandeep Jaiswal","9469765719","BCA","2024-2027","3","Misrikh, Uttar Pradesh","ACTIVE","20000","20000","0","20000","20000","0","20000","10500","9500","20000","0","20000","20000","0","20000","20000","0","20000","120000","50500","69500","PARTIAL","CALL IMMEDIATELY (DUE: ₹69500)"
"BRDP20260325","Yashee Srivastava","Aarya Srivastava","9257286859","B.Sc","2026-2029","1","Khairabad, Uttar Pradesh","ACTIVE","5000","2500","2500","5000","0","5000","5000","0","5000","5000","0","5000","5000","0","5000","5000","0","5000","30000","2500","27500","PARTIAL","CALL IMMEDIATELY (DUE: ₹27500)"
"BRDP20240326","Vinod Sharma","Deepa Sharma","9262945020","BBA","2024-2027","3","Sidhauli, Uttar Pradesh","ACTIVE","22000","22000","0","22000","22000","0","22000","22000","0","22000","0","22000","22000","0","22000","22000","0","22000","132000","66000","66000","PARTIAL","CALL IMMEDIATELY (DUE: ₹66000)"
"BRDP20260327","Ravi Kumar","Neha Kumar","9209188641","BA","2026-2029","1","Laharpur, Uttar Pradesh","ACTIVE","3000","3000","0","3000","0","3000","3000","0","3000","3000","0","3000","3000","0","3000","3000","0","3000","18000","3000","15000","PARTIAL","CALL IMMEDIATELY (DUE: ₹15000)"
"BRDP20230328","Satish Yadav","Shivam Yadav","9391184663","BBA","2023-2026","5","Lucknow, Uttar Pradesh","ACTIVE","22000","22000","0","22000","22000","0","22000","22000","0","22000","22000","0","22000","0","22000","22000","0","22000","132000","88000","44000","PARTIAL","CALL IMMEDIATELY (DUE: ₹44000)"
"BRDP20240329","Prateek Sharma","Vishal Sharma","9193166773","B.Sc","2024-2027","3","Lakhimpur Kheri, Uttar Pradesh","ACTIVE","5000","5000","0","5000","5000","0","5000","3000","2000","5000","0","5000","5000","0","5000","5000","0","5000","30000","13000","17000","PARTIAL","CALL IMMEDIATELY (DUE: ₹17000)"
"BRDP20240330","Shivangi Gupta","Rashi Gupta","9569660170","BBA","2024-2027","3","Hargaon, Uttar Pradesh","ACTIVE","22000","22000","0","22000","22000","0","22000","13500","8500","22000","0","22000","22000","0","22000","22000","0","22000","132000","57500","74500","PARTIAL","CALL IMMEDIATELY (DUE: ₹74500)"
"BRDP20260331","Aarya Tripathi","Shivangi Tripathi","9520652397","BA","2026-2029","1","Sitapur Sadar, Uttar Pradesh","ACTIVE","3000","1500","1500","3000","0","3000","3000","0","3000","3000","0","3000","3000","0","3000","3000","0","3000","18000","1500","16500","PARTIAL","CALL IMMEDIATELY (DUE: ₹16500)"
"BRDP20240332","Aditya Yadav","Dibya Yadav","9643979285","MCA","2024-2027","3","Laharpur, Uttar Pradesh","ACTIVE","30000","30000","0","30000","30000","0","30000","30000","0","30000","0","30000","30000","0","30000","30000","0","30000","180000","90000","90000","PARTIAL","CALL IMMEDIATELY (DUE: ₹90000)"
"BRDP20230333","Rahul Kumar","Sonika Kumar","9871579319","MCA","2023-2026","5","Mohali, Uttar Pradesh","ACTIVE","30000","30000","0","30000","30000","0","30000","30000","0","30000","30000","0","30000","22000","8000","30000","0","30000","180000","142000","38000","PARTIAL","CALL IMMEDIATELY (DUE: ₹38000)"
"BRDP20250334","Yashee Paswan","Sanjay Paswan","9979284084","BBA","2025-2028","2","Lakhimpur Kheri, Uttar Pradesh","ACTIVE","22000","22000","0","22000","22000","0","22000","0","22000","22000","0","22000","22000","0","22000","22000","0","22000","132000","44000","88000","PARTIAL","CALL IMMEDIATELY (DUE: ₹88000)"
"BRDP20240335","Ananya Jaiswal","Deepa Jaiswal","9843532786","BCA","2024-2027","3","Mohali, Uttar Pradesh","ACTIVE","20000","20000","0","20000","20000","0","20000","6500","13500","20000","0","20000","20000","0","20000","20000","0","20000","120000","46500","73500","PARTIAL","CALL IMMEDIATELY (DUE: ₹73500)"
"BRDP20250336","Sonika Kanaujiya","Sonu Kanaujiya","9289753182","B.Sc","2025-2028","2","Lucknow, Uttar Pradesh","DELETED","5000","5000","0","5000","3500","1500","5000","0","5000","5000","0","5000","5000","0","5000","5000","0","5000","30000","8500","21500","PARTIAL","CALL IMMEDIATELY (DUE: ₹21500)"
"BRDP20250337","Deepa Kumar","Avneesh Kumar","9724278687","B.Sc","2025-2028","2","Hargaon, Uttar Pradesh","ACTIVE","5000","5000","0","5000","0","5000","5000","0","5000","5000","0","5000","5000","0","5000","5000","0","5000","30000","5000","25000","PARTIAL","CALL IMMEDIATELY (DUE: ₹25000)"
"BRDP20240338","Suresh Maurya","Aarti Maurya","9252579205","B.Sc","2024-2027","3","Kanpur, Uttar Pradesh","ACTIVE","5000","5000","0","5000","5000","0","5000","0","5000","5000","0","5000","5000","0","5000","5000","0","5000","30000","10000","20000","PARTIAL","CALL IMMEDIATELY (DUE: ₹20000)"
"BRDP20250339","Anamika Chaurasiya","Aditya Chaurasiya","9111949509","MCA","2025-2028","2","Sitapur Sadar, Uttar Pradesh","ACTIVE","30000","30000","0","30000","0","30000","30000","0","30000","30000","0","30000","30000","0","30000","30000","0","30000","180000","30000","150000","PARTIAL","CALL IMMEDIATELY (DUE: ₹150000)"
"BRDP20240340","Seema Jaiswal","Seema Jaiswal","9542390096","MCA","2024-2027","3","Sidhauli, Uttar Pradesh","ACTIVE","30000","30000","0","30000","30000","0","30000","30000","0","30000","0","30000","30000","0","30000","30000","0","30000","180000","90000","90000","PARTIAL","CALL IMMEDIATELY (DUE: ₹90000)"
"BRDP20250341","Subhendu Kashyap","Avneesh Kashyap","9395144455","BCA","2025-2028","2","Kanpur, Uttar Pradesh","ACTIVE","20000","20000","0","20000","11500","8500","20000","0","20000","20000","0","20000","20000","0","20000","20000","0","20000","120000","31500","88500","PARTIAL","CALL IMMEDIATELY (DUE: ₹88500)"
"BRDP20260342","Gudiya Singh","Meena Singh","9319473317","BCA","2026-2029","1","Sitapur Sadar, Uttar Pradesh","ACTIVE","20000","20000","0","20000","0","20000","20000","0","20000","20000","0","20000","20000","0","20000","20000","0","20000","120000","20000","100000","PARTIAL","CALL IMMEDIATELY (DUE: ₹100000)"
"BRDP20230343","Amit Tripathi","Suman Tripathi","9224677607","B.Tech CSE","2023-2026","5","Biswan, Uttar Pradesh","ACTIVE","25000","25000","0","25000","25000","0","25000","25000","0","25000","25000","0","25000","25000","0","25000","0","25000","150000","125000","25000","PARTIAL","CALL IMMEDIATELY (DUE: ₹25000)"
"BRDP20250344","Pinku Singh","Manish Singh","9250684108","BA","2025-2028","2","Misrikh, Uttar Pradesh","ACTIVE","3000","3000","0","3000","0","3000","3000","0","3000","3000","0","3000","3000","0","3000","3000","0","3000","18000","3000","15000","PARTIAL","CALL IMMEDIATELY (DUE: ₹15000)"
"BRDP20230345","Ritu Rathour","Pooja Rathour","9314445655","BCA","2023-2026","5","Sidhauli, Uttar Pradesh","ACTIVE","20000","20000","0","20000","20000","0","20000","20000","0","20000","20000","0","20000","0","20000","20000","0","20000","120000","80000","40000","PARTIAL","CALL IMMEDIATELY (DUE: ₹40000)"
"BRDP20250346","Rohan Verma","Vijay Verma","9684173595","MCA","2025-2028","2","Laharpur, Uttar Pradesh","ACTIVE","30000","30000","0","30000","30000","0","30000","0","30000","30000","0","30000","30000","0","30000","30000","0","30000","180000","60000","120000","PARTIAL","CALL IMMEDIATELY (DUE: ₹120000)"
"BRDP20240347","Geeta Prajapati","Sonu Prajapati","9749495279","BA","2024-2027","3","Maholi, Uttar Pradesh","ACTIVE","3000","3000","0","3000","3000","0","3000","0","3000","3000","0","3000","3000","0","3000","3000","0","3000","18000","6000","12000","PARTIAL","CALL IMMEDIATELY (DUE: ₹12000)"
"BRDP20230348","Shivani Maurya","Sonika Maurya","9355595964","BCA","2023-2026","5","Patna, Uttar Pradesh","ACTIVE","20000","20000","0","20000","20000","0","20000","20000","0","20000","20000","0","20000","20000","0","20000","0","20000","120000","100000","20000","PARTIAL","CALL IMMEDIATELY (DUE: ₹20000)"
"BRDP20250349","Dipanshi Khan","Sunil Khan","9265969822","BCA","2025-2028","2","Misrikh, Uttar Pradesh","ACTIVE","20000","20000","0","20000","0","20000","20000","0","20000","20000","0","20000","20000","0","20000","20000","0","20000","120000","20000","100000","PARTIAL","CALL IMMEDIATELY (DUE: ₹100000)"
"BRDP20230350","Sunita Saini","Roshani Saini","9823461447","B.Tech CSE","2023-2026","5","Lucknow, Uttar Pradesh","ACTIVE","25000","25000","0","25000","25000","0","25000","25000","0","25000","25000","0","25000","25000","0","25000","0","25000","150000","125000","25000","PARTIAL","CALL IMMEDIATELY (DUE: ₹25000)"
"BRDP20250351","Seema Jaiswal","Vinod Jaiswal","9724635311","BA","2025-2028","2","Mohali, Uttar Pradesh","ACTIVE","3000","3000","0","3000","1500","1500","3000","0","3000","3000","0","3000","3000","0","3000","3000","0","3000","18000","4500","13500","PARTIAL","CALL IMMEDIATELY (DUE: ₹13500)"
"BRDP20240352","Pinku Sharma","Mahek Sharma","9583338015","B.Sc","2024-2027","3","Lakhimpur Kheri, Uttar Pradesh","ACTIVE","5000","5000","0","5000","5000","0","5000","2000","3000","5000","0","5000","5000","0","5000","5000","0","5000","30000","12000","18000","PARTIAL","CALL IMMEDIATELY (DUE: ₹18000)"
"BRDP20230353","Aarav Tiwari","Divyanshi Tiwari","9546216175","B.Sc","2023-2026","5","Patna, Uttar Pradesh","ACTIVE","5000","5000","0","5000","5000","0","5000","5000","0","5000","5000","0","5000","0","5000","5000","0","5000","30000","20000","10000","PARTIAL","CALL IMMEDIATELY (DUE: ₹10000)"
"BRDP20230354","Priya Khan","Vikas Khan","9377298633","BBA","2023-2026","5","Kanpur, Uttar Pradesh","ACTIVE","22000","22000","0","22000","22000","0","22000","22000","0","22000","22000","0","22000","22000","0","22000","0","22000","132000","110000","22000","PARTIAL","CALL IMMEDIATELY (DUE: ₹22000)"
"BRDP20250355","Usha Pal","Ayush Pal","9303298815","MCA","2025-2028","2","Sidhauli, Uttar Pradesh","ACTIVE","30000","30000","0","30000","24000","6000","30000","0","30000","30000","0","30000","30000","0","30000","30000","0","30000","180000","54000","126000","PARTIAL","CALL IMMEDIATELY (DUE: ₹126000)"
"BRDP20240356","Shivam Kumar","Shivam Kumar","9485197539","B.Sc","2024-2027","3","Kanpur, Uttar Pradesh","ACTIVE","5000","5000","0","5000","5000","0","5000","5000","0","5000","0","5000","5000","0","5000","5000","0","5000","30000","15000","15000","PARTIAL","CALL IMMEDIATELY (DUE: ₹15000)"
"BRDP20230357","Kavita Jaiswal","Kamlesh Jaiswal","9842802532","B.Tech CSE","2023-2026","5","Biswan, Uttar Pradesh","ACTIVE","25000","25000","0","25000","25000","0","25000","25000","0","25000","25000","0","25000","0","25000","25000","0","25000","150000","100000","50000","PARTIAL","CALL IMMEDIATELY (DUE: ₹50000)"
"BRDP20260358","Saumya Srivastava","Ashish Srivastava","9666215096","BCA","2026-2029","1","Sitapur, Uttar Pradesh","ACTIVE","20000","6000","14000","20000","0","20000","20000","0","20000","20000","0","20000","20000","0","20000","20000","0","20000","120000","6000","114000","PARTIAL","CALL IMMEDIATELY (DUE: ₹114000)"
"BRDP20250359","Anjali Shukla","Sunita Shukla","9413479519","BA","2025-2028","2","Patna, Uttar Pradesh","ACTIVE","3000","3000","0","3000","0","3000","3000","0","3000","3000","0","3000","3000","0","3000","3000","0","3000","18000","3000","15000","PARTIAL","CALL IMMEDIATELY (DUE: ₹15000)"
"BRDP20230360","Saumya Gupta","Vijay Gupta","9502831224","BCA","2023-2026","5","Misrikh, Uttar Pradesh","ACTIVE","20000","20000","0","20000","20000","0","20000","20000","0","20000","20000","0","20000","20000","0","20000","0","20000","120000","100000","20000","PARTIAL","CALL IMMEDIATELY (DUE: ₹20000)"
"BRDP20260361","Pankaj Verma","Sunil Verma","9361219517","BBA","2026-2029","1","Mohali, Uttar Pradesh","ACTIVE","22000","0","22000","22000","0","22000","22000","0","22000","22000","0","22000","22000","0","22000","22000","0","22000","132000","0","132000","PENDING","CALL IMMEDIATELY (DUE: ₹132000)"
"BRDP20240362","Aarav Saini","Manoj Saini","9291011158","BCA","2024-2027","3","Lakhimpur Kheri, Uttar Pradesh","ACTIVE","20000","20000","0","20000","20000","0","20000","15000","5000","20000","0","20000","20000","0","20000","20000","0","20000","120000","55000","65000","PARTIAL","CALL IMMEDIATELY (DUE: ₹65000)"
"BRDP20230363","Anamika Paswan","Shivam Paswan","9640185394","B.Sc","2023-2026","5","Mohali, Uttar Pradesh","ACTIVE","5000","5000","0","5000","5000","0","5000","5000","0","5000","5000","0","5000","3500","1500","5000","0","5000","30000","23500","6500","PARTIAL","CALL IMMEDIATELY (DUE: ₹6500)"
"BRDP20250364","Sunil Kumar","Aarti Kumar","9826804021","BA","2025-2028","2","Mohali, Uttar Pradesh","ACTIVE","3000","3000","0","3000","3000","0","3000","0","3000","3000","0","3000","3000","0","3000","3000","0","3000","18000","6000","12000","PARTIAL","CALL IMMEDIATELY (DUE: ₹12000)"
"BRDP20260365","Shivani Kanaujiya","Aditya Kanaujiya","9504636982","B.Tech CSE","2026-2029","1","Lakhimpur Kheri, Uttar Pradesh","ACTIVE","25000","13500","11500","25000","0","25000","25000","0","25000","25000","0","25000","25000","0","25000","25000","0","25000","150000","13500","136500","PARTIAL","CALL IMMEDIATELY (DUE: ₹136500)"
"BRDP20240366","Subhendu Mishra","Ankul Mishra","9410813686","B.Tech CSE","2024-2027","3","Lakhimpur Kheri, Uttar Pradesh","DELETED","25000","25000","0","25000","25000","0","25000","25000","0","25000","0","25000","25000","0","25000","25000","0","25000","150000","75000","75000","PARTIAL","CALL IMMEDIATELY (DUE: ₹75000)"
"BRDP20230367","Pari Gautam","Meena Gautam","9754039689","BA","2023-2026","5","Sitapur Sadar, Uttar Pradesh","ACTIVE","3000","3000","0","3000","3000","0","3000","3000","0","3000","3000","0","3000","3000","0","3000","0","3000","18000","15000","3000","PARTIAL","CALL IMMEDIATELY (DUE: ₹3000)"
"BRDP20260368","Rohan Mishra","Sunil Mishra","9696559670","B.Sc","2026-2029","1","Lakhimpur Kheri, Uttar Pradesh","ACTIVE","5000","3000","2000","5000","0","5000","5000","0","5000","5000","0","5000","5000","0","5000","5000","0","5000","30000","3000","27000","PARTIAL","CALL IMMEDIATELY (DUE: ₹27000)"
"BRDP20260369","Sarita Prajapati","Sangita Prajapati","9966777913","B.Sc","2026-2029","1","Khairabad, Uttar Pradesh","ACTIVE","5000","2500","2500","5000","0","5000","5000","0","5000","5000","0","5000","5000","0","5000","5000","0","5000","30000","2500","27500","PARTIAL","CALL IMMEDIATELY (DUE: ₹27500)"
"BRDP20260370","Iliyash Devi","Ankul Devi","9915630445","BBA","2026-2029","1","Patna, Uttar Pradesh","ACTIVE","22000","8500","13500","22000","0","22000","22000","0","22000","22000","0","22000","22000","0","22000","22000","0","22000","132000","8500","123500","PARTIAL","CALL IMMEDIATELY (DUE: ₹123500)"
"BRDP20230371","Mahek Devi","Shivangi Devi","9646967552","B.Tech CSE","2023-2026","5","Maholi, Uttar Pradesh","ACTIVE","25000","25000","0","25000","25000","0","25000","25000","0","25000","25000","0","25000","25000","0","25000","0","25000","150000","125000","25000","PARTIAL","CALL IMMEDIATELY (DUE: ₹25000)"
"BRDP20240372","Vinay Gupta","Anamika Gupta","9806318014","B.Tech CSE","2024-2027","3","Biswan, Uttar Pradesh","ACTIVE","25000","25000","0","25000","25000","0","25000","8000","17000","25000","0","25000","25000","0","25000","25000","0","25000","150000","58000","92000","PARTIAL","CALL IMMEDIATELY (DUE: ₹92000)"
"BRDP20240373","Deepak Shukla","Rashi Shukla","9916610260","BBA","2024-2027","3","Lakhimpur Kheri, Uttar Pradesh","ACTIVE","22000","22000","0","22000","22000","0","22000","22000","0","22000","0","22000","22000","0","22000","22000","0","22000","132000","66000","66000","PARTIAL","CALL IMMEDIATELY (DUE: ₹66000)"
"BRDP20250374","Laxmi Verma","Priya Verma","9566544819","BBA","2025-2028","2","Mohali, Uttar Pradesh","ACTIVE","22000","22000","0","22000","14000","8000","22000","0","22000","22000","0","22000","22000","0","22000","22000","0","22000","132000","36000","96000","PARTIAL","CALL IMMEDIATELY (DUE: ₹96000)"
"BRDP20260375","Anamika Saini","Pankaj Saini","9980585474","B.Tech CSE","2026-2029","1","Hargaon, Uttar Pradesh","ACTIVE","25000","25000","0","25000","0","25000","25000","0","25000","25000","0","25000","25000","0","25000","25000","0","25000","150000","25000","125000","PARTIAL","CALL IMMEDIATELY (DUE: ₹125000)"
"BRDP20230376","Ramesh Maurya","Pushpendra Maurya","9221991065","B.Sc","2023-2026","5","Khairabad, Uttar Pradesh","DELETED","5000","5000","0","5000","5000","0","5000","5000","0","5000","5000","0","5000","0","5000","5000","0","5000","30000","20000","10000","PARTIAL","CALL IMMEDIATELY (DUE: ₹10000)"
"BRDP20250377","Anamika Kanaujiya","Seema Kanaujiya","9109668380","BCA","2025-2028","2","Mohali, Uttar Pradesh","ACTIVE","20000","20000","0","20000","20000","0","20000","0","20000","20000","0","20000","20000","0","20000","20000","0","20000","120000","40000","80000","PARTIAL","CALL IMMEDIATELY (DUE: ₹80000)"
"BRDP20250378","Pooja Kanaujiya","Meena Kanaujiya","9923079174","B.Tech CSE","2025-2028","2","Sidhauli, Uttar Pradesh","ACTIVE","25000","25000","0","25000","19500","5500","25000","0","25000","25000","0","25000","25000","0","25000","25000","0","25000","150000","44500","105500","PARTIAL","CALL IMMEDIATELY (DUE: ₹105500)"
"BRDP20240379","Dharmendra Srivastava","Mahek Srivastava","9811708631","B.Tech CSE","2024-2027","3","Biswan, Uttar Pradesh","ACTIVE","25000","25000","0","25000","25000","0","25000","0","25000","25000","0","25000","25000","0","25000","25000","0","25000","150000","50000","100000","PARTIAL","CALL IMMEDIATELY (DUE: ₹100000)"
"BRDP20240380","Divyanshi Gautam","Aarti Gautam","9596875915","BBA","2024-2027","3","Mohali, Uttar Pradesh","ACTIVE","22000","22000","0","22000","22000","0","22000","22000","0","22000","0","22000","22000","0","22000","22000","0","22000","132000","66000","66000","PARTIAL","CALL IMMEDIATELY (DUE: ₹66000)"
"BRDP20260381","Asha Tripathi","Alok Tripathi","9652616525","BA","2026-2029","1","Patna, Uttar Pradesh","ACTIVE","3000","3000","0","3000","0","3000","3000","0","3000","3000","0","3000","3000","0","3000","3000","0","3000","18000","3000","15000","PARTIAL","CALL IMMEDIATELY (DUE: ₹15000)"
"BRDP20260382","Deepak Paswan","Anjali Paswan","9783598020","B.Sc","2026-2029","1","Maholi, Uttar Pradesh","ACTIVE","5000","0","5000","5000","0","5000","5000","0","5000","5000","0","5000","5000","0","5000","5000","0","5000","30000","0","30000","PENDING","CALL IMMEDIATELY (DUE: ₹30000)"
"BRDP20240383","Aarya Paswan","Suman Paswan","9311877360","BCA","2024-2027","3","Laharpur, Uttar Pradesh","ACTIVE","20000","20000","0","20000","20000","0","20000","0","20000","20000","0","20000","20000","0","20000","20000","0","20000","120000","40000","80000","PARTIAL","CALL IMMEDIATELY (DUE: ₹80000)"
"BRDP20260384","Sonika Tiwari","Gudiya Tiwari","9436073782","B.Sc","2026-2029","1","Khairabad, Uttar Pradesh","ACTIVE","5000","2000","3000","5000","0","5000","5000","0","5000","5000","0","5000","5000","0","5000","5000","0","5000","30000","2000","28000","PARTIAL","CALL IMMEDIATELY (DUE: ₹28000)"
"BRDP20240385","Ashish Agrahari","Ritu Agrahari","9975699434","BBA","2024-2027","3","Maholi, Uttar Pradesh","ACTIVE","22000","22000","0","22000","22000","0","22000","0","22000","22000","0","22000","22000","0","22000","22000","0","22000","132000","44000","88000","PARTIAL","CALL IMMEDIATELY (DUE: ₹88000)"
"BRDP20240386","Roshani Verma","Ramesh Verma","9991093715","MCA","2024-2027","3","Sitapur, Uttar Pradesh","DELETED","30000","30000","0","30000","30000","0","30000","20500","9500","30000","0","30000","30000","0","30000","30000","0","30000","180000","80500","99500","PARTIAL","CALL IMMEDIATELY (DUE: ₹99500)"
"BRDP20230387","Anjali Giri","Sani Giri","9514815267","MCA","2023-2026","5","Sidhauli, Uttar Pradesh","ACTIVE","30000","30000","0","30000","30000","0","30000","30000","0","30000","30000","0","30000","0","30000","30000","0","30000","180000","120000","60000","PARTIAL","CALL IMMEDIATELY (DUE: ₹60000)"
"BRDP20230388","Vinod Dubey","Sunita Dubey","9462936235","B.Tech CSE","2023-2026","5","Sitapur, Uttar Pradesh","ACTIVE","25000","25000","0","25000","25000","0","25000","25000","0","25000","25000","0","25000","25000","0","25000","0","25000","150000","125000","25000","PARTIAL","CALL IMMEDIATELY (DUE: ₹25000)"
"BRDP20230389","Dharmendra Singh","Ashish Singh","9511149250","B.Tech CSE","2023-2026","5","Mohali, Uttar Pradesh","ACTIVE","25000","25000","0","25000","25000","0","25000","25000","0","25000","25000","0","25000","0","25000","25000","0","25000","150000","100000","50000","PARTIAL","CALL IMMEDIATELY (DUE: ₹50000)"
"BRDP20250390","Deepika Singh","Ajay Singh","9649967527","BBA","2025-2028","2","Lucknow, Uttar Pradesh","ACTIVE","22000","22000","0","22000","0","22000","22000","0","22000","22000","0","22000","22000","0","22000","22000","0","22000","132000","22000","110000","PARTIAL","CALL IMMEDIATELY (DUE: ₹110000)"
"BRDP20250391","Roshani Dubey","Alok Dubey","9619491419","BBA","2025-2028","2","Lucknow, Uttar Pradesh","ACTIVE","22000","22000","0","22000","0","22000","22000","0","22000","22000","0","22000","22000","0","22000","22000","0","22000","132000","22000","110000","PARTIAL","CALL IMMEDIATELY (DUE: ₹110000)"
"BRDP20250392","Vishal Agrahari","Sunita Agrahari","9537299126","MCA","2025-2028","2","Khairabad, Uttar Pradesh","ACTIVE","30000","30000","0","30000","30000","0","30000","0","30000","30000","0","30000","30000","0","30000","30000","0","30000","180000","60000","120000","PARTIAL","CALL IMMEDIATELY (DUE: ₹120000)"
"BRDP20240393","Adarsh Saini","Sangita Saini","9350441169","BBA","2024-2027","3","Khairabad, Uttar Pradesh","ACTIVE","22000","22000","0","22000","22000","0","22000","10500","11500","22000","0","22000","22000","0","22000","22000","0","22000","132000","54500","77500","PARTIAL","CALL IMMEDIATELY (DUE: ₹77500)"
"BRDP20260394","Mahek Saini","Manish Saini","9890176660","BCA","2026-2029","1","Sitapur Sadar, Uttar Pradesh","ACTIVE","20000","11000","9000","20000","0","20000","20000","0","20000","20000","0","20000","20000","0","20000","20000","0","20000","120000","11000","109000","PARTIAL","CALL IMMEDIATELY (DUE: ₹109000)"
"BRDP20250395","Ramesh Khan","Kavita Khan","9416102778","B.Tech CSE","2025-2028","2","Mohali, Uttar Pradesh","DELETED","25000","25000","0","25000","10500","14500","25000","0","25000","25000","0","25000","25000","0","25000","25000","0","25000","150000","35500","114500","PARTIAL","CALL IMMEDIATELY (DUE: ₹114500)"
"BRDP20230396","Subhendu Agrahari","Sunita Agrahari","9648347627","BBA","2023-2026","5","Khairabad, Uttar Pradesh","ACTIVE","22000","22000","0","22000","22000","0","22000","22000","0","22000","22000","0","22000","9500","12500","22000","0","22000","132000","97500","34500","PARTIAL","CALL IMMEDIATELY (DUE: ₹34500)"
"BRDP20260397","Subhendu Kanaujiya","Gudiya Kanaujiya","9623314665","BCA","2026-2029","1","Sitapur, Uttar Pradesh","ACTIVE","20000","20000","0","20000","0","20000","20000","0","20000","20000","0","20000","20000","0","20000","20000","0","20000","120000","20000","100000","PARTIAL","CALL IMMEDIATELY (DUE: ₹100000)"
"BRDP20250398","Kavita Kanaujiya","Sandeep Kanaujiya","9116029322","MCA","2025-2028","2","Sidhauli, Uttar Pradesh","DELETED","30000","30000","0","30000","30000","0","30000","0","30000","30000","0","30000","30000","0","30000","30000","0","30000","180000","60000","120000","PARTIAL","CALL IMMEDIATELY (DUE: ₹120000)"
"BRDP20260399","Prateek Saini","Gudiya Saini","9982908138","BCA","2026-2029","1","Sitapur Sadar, Uttar Pradesh","ACTIVE","20000","0","20000","20000","0","20000","20000","0","20000","20000","0","20000","20000","0","20000","20000","0","20000","120000","0","120000","PENDING","CALL IMMEDIATELY (DUE: ₹120000)"
"BRDP20240400","Yashee Sharma","Aarya Sharma","9947757535","BCA","2024-2027","3","Maholi, Uttar Pradesh","ACTIVE","20000","20000","0","20000","20000","0","20000","20000","0","20000","0","20000","20000","0","20000","20000","0","20000","120000","60000","60000","PARTIAL","CALL IMMEDIATELY (DUE: ₹60000)"
"BRDP20240401","Nainsi Gautam","Priya Gautam","9122133708","B.Sc","2024-2027","3","Mohali, Uttar Pradesh","ACTIVE","5000","5000","0","5000","5000","0","5000","5000","0","5000","0","5000","5000","0","5000","5000","0","5000","30000","15000","15000","PARTIAL","CALL IMMEDIATELY (DUE: ₹15000)"
"BRDP20260402","Sonika Rajpoot","Aarav Rajpoot","9389482464","MCA","2026-2029","1","Mohali, Uttar Pradesh","ACTIVE","30000","30000","0","30000","0","30000","30000","0","30000","30000","0","30000","30000","0","30000","30000","0","30000","180000","30000","150000","PARTIAL","CALL IMMEDIATELY (DUE: ₹150000)"
"BRDP20260403","Dharmendra Rajpoot","Vinay Rajpoot","9914696555","BCA","2026-2029","1","Patna, Uttar Pradesh","ACTIVE","20000","0","20000","20000","0","20000","20000","0","20000","20000","0","20000","20000","0","20000","20000","0","20000","120000","0","120000","PENDING","CALL IMMEDIATELY (DUE: ₹120000)"
"BRDP20260404","Anjali Kashyap","Usha Kashyap","9557297744","B.Tech CSE","2026-2029","1","Khairabad, Uttar Pradesh","ACTIVE","25000","19000","6000","25000","0","25000","25000","0","25000","25000","0","25000","25000","0","25000","25000","0","25000","150000","19000","131000","PARTIAL","CALL IMMEDIATELY (DUE: ₹131000)"
"BRDP20260405","Meena Tiwari","Nainsi Tiwari","9419590159","B.Tech CSE","2026-2029","1","Lucknow, Uttar Pradesh","ACTIVE","25000","11000","14000","25000","0","25000","25000","0","25000","25000","0","25000","25000","0","25000","25000","0","25000","150000","11000","139000","PARTIAL","CALL IMMEDIATELY (DUE: ₹139000)"
"BRDP20250406","Rahul Maurya","Ayush Maurya","9452549682","BBA","2025-2028","2","Maholi, Uttar Pradesh","ACTIVE","22000","22000","0","22000","22000","0","22000","0","22000","22000","0","22000","22000","0","22000","22000","0","22000","132000","44000","88000","PARTIAL","CALL IMMEDIATELY (DUE: ₹88000)"
"BRDP20250407","Aarti Saini","Vishal Saini","9512357398","BCA","2025-2028","2","Khairabad, Uttar Pradesh","ACTIVE","20000","20000","0","20000","20000","0","20000","0","20000","20000","0","20000","20000","0","20000","20000","0","20000","120000","40000","80000","PARTIAL","CALL IMMEDIATELY (DUE: ₹80000)"
"BRDP20230408","Rajesh Dubey","Abhishek Dubey","9989865143","B.Tech CSE","2023-2026","5","Patna, Uttar Pradesh","ACTIVE","25000","25000","0","25000","25000","0","25000","25000","0","25000","25000","0","25000","16500","8500","25000","0","25000","150000","116500","33500","PARTIAL","CALL IMMEDIATELY (DUE: ₹33500)"
"BRDP20250409","Sanjay Agrahari","Amit Agrahari","9258942363","MCA","2025-2028","2","Khairabad, Uttar Pradesh","ACTIVE","30000","30000","0","30000","0","30000","30000","0","30000","30000","0","30000","30000","0","30000","30000","0","30000","180000","30000","150000","PARTIAL","CALL IMMEDIATELY (DUE: ₹150000)"
"BRDP20260410","Dibya Yadav","Sonika Yadav","9386068332","B.Tech CSE","2026-2029","1","Khairabad, Uttar Pradesh","ACTIVE","25000","16500","8500","25000","0","25000","25000","0","25000","25000","0","25000","25000","0","25000","25000","0","25000","150000","16500","133500","PARTIAL","CALL IMMEDIATELY (DUE: ₹133500)"
"BRDP20240411","Vishal Paswan","Iliyash Paswan","9559247564","BCA","2024-2027","3","Hargaon, Uttar Pradesh","ACTIVE","20000","20000","0","20000","20000","0","20000","20000","0","20000","0","20000","20000","0","20000","20000","0","20000","120000","60000","60000","PARTIAL","CALL IMMEDIATELY (DUE: ₹60000)"
"BRDP20240412","Abhishek Dubey","Vikas Dubey","9433075181","MCA","2024-2027","3","Khairabad, Uttar Pradesh","ACTIVE","30000","30000","0","30000","30000","0","30000","20000","10000","30000","0","30000","30000","0","30000","30000","0","30000","180000","80000","100000","PARTIAL","CALL IMMEDIATELY (DUE: ₹100000)"
"BRDP20240413","Suresh Agrahari","Yashee Agrahari","9175932687","MCA","2024-2027","3","Maholi, Uttar Pradesh","ACTIVE","30000","30000","0","30000","30000","0","30000","30000","0","30000","0","30000","30000","0","30000","30000","0","30000","180000","90000","90000","PARTIAL","CALL IMMEDIATELY (DUE: ₹90000)"
"BRDP20240414","Dharmendra Saini","Seema Saini","9145576675","B.Sc","2024-2027","3","Lucknow, Uttar Pradesh","ACTIVE","5000","5000","0","5000","5000","0","5000","5000","0","5000","0","5000","5000","0","5000","5000","0","5000","30000","15000","15000","PARTIAL","CALL IMMEDIATELY (DUE: ₹15000)"
"BRDP20250415","Gudiya Dubey","Nainsi Dubey","9236349179","BBA","2025-2028","2","Khairabad, Uttar Pradesh","ACTIVE","22000","22000","0","22000","22000","0","22000","0","22000","22000","0","22000","22000","0","22000","22000","0","22000","132000","44000","88000","PARTIAL","CALL IMMEDIATELY (DUE: ₹88000)"
"BRDP20230416","Saurabh Mishra","Vijay Mishra","9327324657","BA","2023-2026","5","Sidhauli, Uttar Pradesh","ACTIVE","3000","3000","0","3000","3000","0","3000","3000","0","3000","3000","0","3000","1000","2000","3000","0","3000","18000","13000","5000","PARTIAL","CALL IMMEDIATELY (DUE: ₹5000)"
"BRDP20230417","Amit Dubey","Alok Dubey","9674225229","B.Tech CSE","2023-2026","5","Maholi, Uttar Pradesh","ACTIVE","25000","25000","0","25000","25000","0","25000","25000","0","25000","25000","0","25000","9500","15500","25000","0","25000","150000","109500","40500","PARTIAL","CALL IMMEDIATELY (DUE: ₹40500)"
"BRDP20240418","Sandeep Rathour","Dipanshi Rathour","9602938325","BA","2024-2027","3","Misrikh, Uttar Pradesh","ACTIVE","3000","3000","0","3000","3000","0","3000","1000","2000","3000","0","3000","3000","0","3000","3000","0","3000","18000","7000","11000","PARTIAL","CALL IMMEDIATELY (DUE: ₹11000)"
"BRDP20240419","Sangita Saini","Gudiya Saini","9142106163","MCA","2024-2027","3","Lucknow, Uttar Pradesh","ACTIVE","30000","30000","0","30000","30000","0","30000","30000","0","30000","0","30000","30000","0","30000","30000","0","30000","180000","90000","90000","PARTIAL","CALL IMMEDIATELY (DUE: ₹90000)"
"BRDP20260420","Adarsh Khan","Raj Khan","9596063293","BCA","2026-2029","1","Sitapur Sadar, Uttar Pradesh","ACTIVE","20000","20000","0","20000","0","20000","20000","0","20000","20000","0","20000","20000","0","20000","20000","0","20000","120000","20000","100000","PARTIAL","CALL IMMEDIATELY (DUE: ₹100000)"
"BRDP20250421","Asha Kanaujiya","Alok Kanaujiya","9337558274","BCA","2025-2028","2","Khairabad, Uttar Pradesh","ACTIVE","20000","20000","0","20000","14000","6000","20000","0","20000","20000","0","20000","20000","0","20000","20000","0","20000","120000","34000","86000","PARTIAL","CALL IMMEDIATELY (DUE: ₹86000)"
"BRDP20230422","Manish Yadav","Divanshi Yadav","9258098532","BA","2023-2026","5","Lucknow, Uttar Pradesh","ACTIVE","3000","3000","0","3000","3000","0","3000","3000","0","3000","3000","0","3000","3000","0","3000","0","3000","18000","15000","3000","PARTIAL","CALL IMMEDIATELY (DUE: ₹3000)"
"BRDP20260423","Alok Rathour","Shivani Rathour","9838557042","MCA","2026-2029","1","Maholi, Uttar Pradesh","ACTIVE","30000","30000","0","30000","0","30000","30000","0","30000","30000","0","30000","30000","0","30000","30000","0","30000","180000","30000","150000","PARTIAL","CALL IMMEDIATELY (DUE: ₹150000)"
"BRDP20240424","Sarita Kashyap","Dipanshi Kashyap","9843979994","MCA","2024-2027","3","Mohali, Uttar Pradesh","ACTIVE","30000","30000","0","30000","30000","0","30000","30000","0","30000","0","30000","30000","0","30000","30000","0","30000","180000","90000","90000","PARTIAL","CALL IMMEDIATELY (DUE: ₹90000)"
"BRDP20240425","Sunil Dubey","Subhendu Dubey","9786686445","BA","2024-2027","3","Misrikh, Uttar Pradesh","ACTIVE","3000","3000","0","3000","3000","0","3000","1500","1500","3000","0","3000","3000","0","3000","3000","0","3000","18000","7500","10500","PARTIAL","CALL IMMEDIATELY (DUE: ₹10500)"
"BRDP20260426","Sanjay Pandey","Dibya Pandey","9813472961","MCA","2026-2029","1","Sidhauli, Uttar Pradesh","ACTIVE","30000","30000","0","30000","0","30000","30000","0","30000","30000","0","30000","30000","0","30000","30000","0","30000","180000","30000","150000","PARTIAL","CALL IMMEDIATELY (DUE: ₹150000)"
"BRDP20230427","Sangita Shukla","Dibya Shukla","9552818666","BCA","2023-2026","5","Misrikh, Uttar Pradesh","ACTIVE","20000","20000","0","20000","20000","0","20000","20000","0","20000","20000","0","20000","10500","9500","20000","0","20000","120000","90500","29500","PARTIAL","CALL IMMEDIATELY (DUE: ₹29500)"
"BRDP20230428","Divanshi Gautam","Suresh Gautam","9888416202","BCA","2023-2026","5","Lakhimpur Kheri, Uttar Pradesh","ACTIVE","20000","20000","0","20000","20000","0","20000","20000","0","20000","20000","0","20000","20000","0","20000","0","20000","120000","100000","20000","PARTIAL","CALL IMMEDIATELY (DUE: ₹20000)"
"BRDP20240429","Ashish Yadav","Rekha Yadav","9676271546","BBA","2024-2027","3","Maholi, Uttar Pradesh","ACTIVE","22000","22000","0","22000","22000","0","22000","16000","6000","22000","0","22000","22000","0","22000","22000","0","22000","132000","60000","72000","PARTIAL","CALL IMMEDIATELY (DUE: ₹72000)"
"BRDP20260430","Shivani Kanaujiya","Aarya Kanaujiya","9509312405","B.Tech CSE","2026-2029","1","Laharpur, Uttar Pradesh","ACTIVE","25000","0","25000","25000","0","25000","25000","0","25000","25000","0","25000","25000","0","25000","25000","0","25000","150000","0","150000","PENDING","CALL IMMEDIATELY (DUE: ₹150000)"
"BRDP20230431","Vikas Kumar","Divyanshi Kumar","9131841819","B.Sc","2023-2026","5","Misrikh, Uttar Pradesh","ACTIVE","5000","5000","0","5000","5000","0","5000","5000","0","5000","5000","0","5000","2000","3000","5000","0","5000","30000","22000","8000","PARTIAL","CALL IMMEDIATELY (DUE: ₹8000)"
"BRDP20260432","Anamika Kashyap","Vinay Kashyap","9245005252","BA","2026-2029","1","Sitapur, Uttar Pradesh","ACTIVE","3000","3000","0","3000","0","3000","3000","0","3000","3000","0","3000","3000","0","3000","3000","0","3000","18000","3000","15000","PARTIAL","CALL IMMEDIATELY (DUE: ₹15000)"
"BRDP20240433","Manoj Kumar","Sunita Kumar","9238730148","MCA","2024-2027","3","Hargaon, Uttar Pradesh","ACTIVE","30000","30000","0","30000","30000","0","30000","0","30000","30000","0","30000","30000","0","30000","30000","0","30000","180000","60000","120000","PARTIAL","CALL IMMEDIATELY (DUE: ₹120000)"
"BRDP20250434","Ritu Agrahari","Kamlesh Agrahari","9162643405","BCA","2025-2028","2","Mohali, Uttar Pradesh","ACTIVE","20000","20000","0","20000","15500","4500","20000","0","20000","20000","0","20000","20000","0","20000","20000","0","20000","120000","35500","84500","PARTIAL","CALL IMMEDIATELY (DUE: ₹84500)"
"BRDP20260435","Meena Saini","Abhishek Saini","9448077712","BBA","2026-2029","1","Sidhauli, Uttar Pradesh","ACTIVE","22000","11000","11000","22000","0","22000","22000","0","22000","22000","0","22000","22000","0","22000","22000","0","22000","132000","11000","121000","PARTIAL","CALL IMMEDIATELY (DUE: ₹121000)"
"BRDP20230436","Kavita Kashyap","Saurabh Kashyap","9212752758","BBA","2023-2026","5","Maholi, Uttar Pradesh","ACTIVE","22000","22000","0","22000","22000","0","22000","22000","0","22000","22000","0","22000","15500","6500","22000","0","22000","132000","103500","28500","PARTIAL","CALL IMMEDIATELY (DUE: ₹28500)"
"BRDP20230437","Laxmi Giri","Aarav Giri","9143906195","BCA","2023-2026","5","Sitapur, Uttar Pradesh","ACTIVE","20000","20000","0","20000","20000","0","20000","20000","0","20000","20000","0","20000","11500","8500","20000","0","20000","120000","91500","28500","PARTIAL","CALL IMMEDIATELY (DUE: ₹28500)"
"BRDP20250438","Priya Rathour","Usha Rathour","9225658052","BCA","2025-2028","2","Sidhauli, Uttar Pradesh","ACTIVE","20000","20000","0","20000","14500","5500","20000","0","20000","20000","0","20000","20000","0","20000","20000","0","20000","120000","34500","85500","PARTIAL","CALL IMMEDIATELY (DUE: ₹85500)"
"BRDP20260439","Diwakar Pal","Sanjay Pal","9870328286","BA","2026-2029","1","Kanpur, Uttar Pradesh","ACTIVE","3000","0","3000","3000","0","3000","3000","0","3000","3000","0","3000","3000","0","3000","3000","0","3000","18000","0","18000","PENDING","CALL IMMEDIATELY (DUE: ₹18000)"
"BRDP20240440","Ashutosh Singh","Ashutosh Singh","9789496378","MCA","2024-2027","3","Sidhauli, Uttar Pradesh","ACTIVE","30000","30000","0","30000","30000","0","30000","23000","7000","30000","0","30000","30000","0","30000","30000","0","30000","180000","83000","97000","PARTIAL","CALL IMMEDIATELY (DUE: ₹97000)"
"BRDP20240441","Gudiya Mishra","Divanshi Mishra","9652420276","MCA","2024-2027","3","Patna, Uttar Pradesh","ACTIVE","30000","30000","0","30000","30000","0","30000","30000","0","30000","0","30000","30000","0","30000","30000","0","30000","180000","90000","90000","PARTIAL","CALL IMMEDIATELY (DUE: ₹90000)"
"BRDP20230442","Dharmendra Sharma","Pari Sharma","9614844555","B.Tech CSE","2023-2026","5","Khairabad, Uttar Pradesh","ACTIVE","25000","25000","0","25000","25000","0","25000","25000","0","25000","25000","0","25000","13000","12000","25000","0","25000","150000","113000","37000","PARTIAL","CALL IMMEDIATELY (DUE: ₹37000)"
"BRDP20260443","Usha Tiwari","Dibya Tiwari","9246475605","B.Sc","2026-2029","1","Misrikh, Uttar Pradesh","ACTIVE","5000","0","5000","5000","0","5000","5000","0","5000","5000","0","5000","5000","0","5000","5000","0","5000","30000","0","30000","PENDING","CALL IMMEDIATELY (DUE: ₹30000)"
"BRDP20230444","Pankaj Sharma","Alok Sharma","9961917552","B.Sc","2023-2026","5","Lakhimpur Kheri, Uttar Pradesh","ACTIVE","5000","5000","0","5000","5000","0","5000","5000","0","5000","5000","0","5000","5000","0","5000","0","5000","30000","25000","5000","PARTIAL","CALL IMMEDIATELY (DUE: ₹5000)"
"BRDP20240445","Shivani Giri","Ajay Giri","9235465279","MCA","2024-2027","3","Hargaon, Uttar Pradesh","ACTIVE","30000","30000","0","30000","30000","0","30000","30000","0","30000","0","30000","30000","0","30000","30000","0","30000","180000","90000","90000","PARTIAL","CALL IMMEDIATELY (DUE: ₹90000)"
"BRDP20250446","Sangita Singh","Ayush Singh","9297504073","BBA","2025-2028","2","Mohali, Uttar Pradesh","ACTIVE","22000","22000","0","22000","8000","14000","22000","0","22000","22000","0","22000","22000","0","22000","22000","0","22000","132000","30000","102000","PARTIAL","CALL IMMEDIATELY (DUE: ₹102000)"
"BRDP20230447","Abhishek Shukla","Sangita Shukla","9366549643","BBA","2023-2026","5","Lucknow, Uttar Pradesh","ACTIVE","22000","22000","0","22000","22000","0","22000","22000","0","22000","22000","0","22000","22000","0","22000","0","22000","132000","110000","22000","PARTIAL","CALL IMMEDIATELY (DUE: ₹22000)"
"BRDP20260448","Ankul Paswan","Vikas Paswan","9531540363","BA","2026-2029","1","Sitapur Sadar, Uttar Pradesh","ACTIVE","3000","0","3000","3000","0","3000","3000","0","3000","3000","0","3000","3000","0","3000","3000","0","3000","18000","0","18000","PENDING","CALL IMMEDIATELY (DUE: ₹18000)"
"BRDP20240449","Dharmendra Tripathi","Vinay Tripathi","9710493610","B.Sc","2024-2027","3","Misrikh, Uttar Pradesh","ACTIVE","5000","5000","0","5000","5000","0","5000","3500","1500","5000","0","5000","5000","0","5000","5000","0","5000","30000","13500","16500","PARTIAL","CALL IMMEDIATELY (DUE: ₹16500)"
"BRDP20260450","Aarti Pal","Satish Pal","9330215729","MCA","2026-2029","1","Biswan, Uttar Pradesh","ACTIVE","30000","30000","0","30000","0","30000","30000","0","30000","30000","0","30000","30000","0","30000","30000","0","30000","180000","30000","150000","PARTIAL","CALL IMMEDIATELY (DUE: ₹150000)"
"BRDP20260451","Aarti Shukla","Anita Shukla","9154270777","B.Tech CSE","2026-2029","1","Biswan, Uttar Pradesh","DELETED","25000","25000","0","25000","0","25000","25000","0","25000","25000","0","25000","25000","0","25000","25000","0","25000","150000","25000","125000","PARTIAL","CALL IMMEDIATELY (DUE: ₹125000)"
"BRDP20250452","Adarsh Srivastava","Kamlesh Srivastava","9305665484","MCA","2025-2028","2","Kanpur, Uttar Pradesh","ACTIVE","30000","30000","0","30000","30000","0","30000","0","30000","30000","0","30000","30000","0","30000","30000","0","30000","180000","60000","120000","PARTIAL","CALL IMMEDIATELY (DUE: ₹120000)"
"BRDP20240453","Satish Tiwari","Usha Tiwari","9295303851","MCA","2024-2027","3","Biswan, Uttar Pradesh","ACTIVE","30000","30000","0","30000","30000","0","30000","23000","7000","30000","0","30000","30000","0","30000","30000","0","30000","180000","83000","97000","PARTIAL","CALL IMMEDIATELY (DUE: ₹97000)"
"BRDP20260454","Manish Rajpoot","Raj Rajpoot","9927232734","MCA","2026-2029","1","Sitapur, Uttar Pradesh","ACTIVE","30000","0","30000","30000","0","30000","30000","0","30000","30000","0","30000","30000","0","30000","30000","0","30000","180000","0","180000","PENDING","CALL IMMEDIATELY (DUE: ₹180000)"
"BRDP20240455","Neha Dubey","Usha Dubey","9961361649","MCA","2024-2027","3","Sitapur Sadar, Uttar Pradesh","ACTIVE","30000","30000","0","30000","30000","0","30000","30000","0","30000","0","30000","30000","0","30000","30000","0","30000","180000","90000","90000","PARTIAL","CALL IMMEDIATELY (DUE: ₹90000)"
"BRDP20250456","Meena Maurya","Ayush Maurya","9191085233","BCA","2025-2028","2","Mohali, Uttar Pradesh","ACTIVE","20000","20000","0","20000","20000","0","20000","0","20000","20000","0","20000","20000","0","20000","20000","0","20000","120000","40000","80000","PARTIAL","CALL IMMEDIATELY (DUE: ₹80000)"
"BRDP20230457","Rajesh Tiwari","Divanshi Tiwari","9717135467","MCA","2023-2026","5","Biswan, Uttar Pradesh","ACTIVE","30000","30000","0","30000","30000","0","30000","30000","0","30000","30000","0","30000","30000","0","30000","0","30000","180000","150000","30000","PARTIAL","CALL IMMEDIATELY (DUE: ₹30000)"
"BRDP20230458","Vivek Jaiswal","Naimish Jaiswal","9366769634","BCA","2023-2026","5","Sitapur, Uttar Pradesh","ACTIVE","20000","20000","0","20000","20000","0","20000","20000","0","20000","20000","0","20000","11500","8500","20000","0","20000","120000","91500","28500","PARTIAL","CALL IMMEDIATELY (DUE: ₹28500)"
"BRDP20230459","Shivam Kashyap","Manoj Kashyap","9813843179","BCA","2023-2026","5","Hargaon, Uttar Pradesh","ACTIVE","20000","20000","0","20000","20000","0","20000","20000","0","20000","20000","0","20000","0","20000","20000","0","20000","120000","80000","40000","PARTIAL","CALL IMMEDIATELY (DUE: ₹40000)"
"BRDP20230460","Vikas Sharma","Vikas Sharma","9518805223","MCA","2023-2026","5","Lucknow, Uttar Pradesh","ACTIVE","30000","30000","0","30000","30000","0","30000","30000","0","30000","30000","0","30000","11500","18500","30000","0","30000","180000","131500","48500","PARTIAL","CALL IMMEDIATELY (DUE: ₹48500)"
"BRDP20260461","Vivek Giri","Rashi Giri","9990368072","BBA","2026-2029","1","Biswan, Uttar Pradesh","ACTIVE","22000","13500","8500","22000","0","22000","22000","0","22000","22000","0","22000","22000","0","22000","22000","0","22000","132000","13500","118500","PARTIAL","CALL IMMEDIATELY (DUE: ₹118500)"
"BRDP20250462","Pankaj Gupta","Kamlesh Gupta","9832147123","B.Tech CSE","2025-2028","2","Sidhauli, Uttar Pradesh","ACTIVE","25000","25000","0","25000","25000","0","25000","0","25000","25000","0","25000","25000","0","25000","25000","0","25000","150000","50000","100000","PARTIAL","CALL IMMEDIATELY (DUE: ₹100000)"
"BRDP20260463","Sunita Chaurasiya","Ritu Chaurasiya","9902777400","B.Tech CSE","2026-2029","1","Maholi, Uttar Pradesh","DELETED","25000","8000","17000","25000","0","25000","25000","0","25000","25000","0","25000","25000","0","25000","25000","0","25000","150000","8000","142000","PARTIAL","CALL IMMEDIATELY (DUE: ₹142000)"
"BRDP20260464","Anita Paswan","Anamika Paswan","9921417763","BCA","2026-2029","1","Lucknow, Uttar Pradesh","ACTIVE","20000","20000","0","20000","0","20000","20000","0","20000","20000","0","20000","20000","0","20000","20000","0","20000","120000","20000","100000","PARTIAL","CALL IMMEDIATELY (DUE: ₹100000)"
"BRDP20250465","Sanjay Devi","Sani Devi","9776564452","B.Tech CSE","2025-2028","2","Sidhauli, Uttar Pradesh","ACTIVE","25000","25000","0","25000","13500","11500","25000","0","25000","25000","0","25000","25000","0","25000","25000","0","25000","150000","38500","111500","PARTIAL","CALL IMMEDIATELY (DUE: ₹111500)"
"BRDP20230466","Neha Agrahari","Priya Agrahari","9418535586","MCA","2023-2026","5","Sitapur, Uttar Pradesh","ACTIVE","30000","30000","0","30000","30000","0","30000","30000","0","30000","30000","0","30000","30000","0","30000","0","30000","180000","150000","30000","PARTIAL","CALL IMMEDIATELY (DUE: ₹30000)"
"BRDP20250467","Ravi Dwivedi","Rajesh Dwivedi","9560570095","B.Sc","2025-2028","2","Kanpur, Uttar Pradesh","ACTIVE","5000","5000","0","5000","3000","2000","5000","0","5000","5000","0","5000","5000","0","5000","5000","0","5000","30000","8000","22000","PARTIAL","CALL IMMEDIATELY (DUE: ₹22000)"
"BRDP20250468","Ritu Dwivedi","Deepak Dwivedi","9660971484","B.Sc","2025-2028","2","Lucknow, Uttar Pradesh","ACTIVE","5000","5000","0","5000","5000","0","5000","0","5000","5000","0","5000","5000","0","5000","5000","0","5000","30000","10000","20000","PARTIAL","CALL IMMEDIATELY (DUE: ₹20000)"
"BRDP20260469","Aarya Verma","Sarita Verma","9938746073","B.Sc","2026-2029","1","Misrikh, Uttar Pradesh","ACTIVE","5000","5000","0","5000","0","5000","5000","0","5000","5000","0","5000","5000","0","5000","5000","0","5000","30000","5000","25000","PARTIAL","CALL IMMEDIATELY (DUE: ₹25000)"
"BRDP20260470","Vivek Sharma","Nainsi Sharma","9868976059","BCA","2026-2029","1","Lakhimpur Kheri, Uttar Pradesh","ACTIVE","20000","20000","0","20000","0","20000","20000","0","20000","20000","0","20000","20000","0","20000","20000","0","20000","120000","20000","100000","PARTIAL","CALL IMMEDIATELY (DUE: ₹100000)"
"BRDP20230471","Aarti Kashyap","Alok Kashyap","9252653344","B.Sc","2023-2026","5","Maholi, Uttar Pradesh","ACTIVE","5000","5000","0","5000","5000","0","5000","5000","0","5000","5000","0","5000","0","5000","5000","0","5000","30000","20000","10000","PARTIAL","CALL IMMEDIATELY (DUE: ₹10000)"
"BRDP20230472","Vivek Maurya","Manish Maurya","9839199294","BA","2023-2026","5","Khairabad, Uttar Pradesh","ACTIVE","3000","3000","0","3000","3000","0","3000","3000","0","3000","3000","0","3000","3000","0","3000","0","3000","18000","15000","3000","PARTIAL","CALL IMMEDIATELY (DUE: ₹3000)"
"BRDP20260473","Meena Tiwari","Dipanshi Tiwari","9294144068","BA","2026-2029","1","Maholi, Uttar Pradesh","ACTIVE","3000","2000","1000","3000","0","3000","3000","0","3000","3000","0","3000","3000","0","3000","3000","0","3000","18000","2000","16000","PARTIAL","CALL IMMEDIATELY (DUE: ₹16000)"
"BRDP20230474","Ravi Verma","Mahek Verma","9929790479","B.Sc","2023-2026","5","Sitapur, Uttar Pradesh","ACTIVE","5000","5000","0","5000","5000","0","5000","5000","0","5000","5000","0","5000","3500","1500","5000","0","5000","30000","23500","6500","PARTIAL","CALL IMMEDIATELY (DUE: ₹6500)"
"BRDP20260475","Vivek Kashyap","Saurabh Kashyap","9393325011","BBA","2026-2029","1","Kanpur, Uttar Pradesh","ACTIVE","22000","0","22000","22000","0","22000","22000","0","22000","22000","0","22000","22000","0","22000","22000","0","22000","132000","0","132000","PENDING","CALL IMMEDIATELY (DUE: ₹132000)"
"BRDP20240476","Subhendu Verma","Sandeep Verma","9772708011","BBA","2024-2027","3","Laharpur, Uttar Pradesh","ACTIVE","22000","22000","0","22000","22000","0","22000","0","22000","22000","0","22000","22000","0","22000","22000","0","22000","132000","44000","88000","PARTIAL","CALL IMMEDIATELY (DUE: ₹88000)"
"BRDP20250477","Priya Agrahari","Suman Agrahari","9755482424","BA","2025-2028","2","Laharpur, Uttar Pradesh","ACTIVE","3000","3000","0","3000","3000","0","3000","0","3000","3000","0","3000","3000","0","3000","3000","0","3000","18000","6000","12000","PARTIAL","CALL IMMEDIATELY (DUE: ₹12000)"
"BRDP20230478","Manish Tripathi","Shivani Tripathi","9848735644","MCA","2023-2026","5","Sitapur, Uttar Pradesh","ACTIVE","30000","30000","0","30000","30000","0","30000","30000","0","30000","30000","0","30000","11500","18500","30000","0","30000","180000","131500","48500","PARTIAL","CALL IMMEDIATELY (DUE: ₹48500)"
"BRDP20250479","Satish Tripathi","Ravi Tripathi","9271655303","BBA","2025-2028","2","Mohali, Uttar Pradesh","ACTIVE","22000","22000","0","22000","22000","0","22000","0","22000","22000","0","22000","22000","0","22000","22000","0","22000","132000","44000","88000","PARTIAL","CALL IMMEDIATELY (DUE: ₹88000)"
"BRDP20240480","Rohan Maurya","Laxmi Maurya","9360791812","BBA","2024-2027","3","Lakhimpur Kheri, Uttar Pradesh","ACTIVE","22000","22000","0","22000","22000","0","22000","8000","14000","22000","0","22000","22000","0","22000","22000","0","22000","132000","52000","80000","PARTIAL","CALL IMMEDIATELY (DUE: ₹80000)"
"BRDP20250481","Sunita Jaiswal","Ayush Jaiswal","9957765999","MCA","2025-2028","2","Patna, Uttar Pradesh","ACTIVE","30000","30000","0","30000","30000","0","30000","0","30000","30000","0","30000","30000","0","30000","30000","0","30000","180000","60000","120000","PARTIAL","CALL IMMEDIATELY (DUE: ₹120000)"
"BRDP20240482","Nainsi Gautam","Laxmi Gautam","9185808905","B.Tech CSE","2024-2027","3","Lucknow, Uttar Pradesh","ACTIVE","25000","25000","0","25000","25000","0","25000","25000","0","25000","0","25000","25000","0","25000","25000","0","25000","150000","75000","75000","PARTIAL","CALL IMMEDIATELY (DUE: ₹75000)"
"BRDP20260483","Kamlesh Kumar","Rashi Kumar","9218008912","BA","2026-2029","1","Misrikh, Uttar Pradesh","ACTIVE","3000","1000","2000","3000","0","3000","3000","0","3000","3000","0","3000","3000","0","3000","3000","0","3000","18000","1000","17000","PARTIAL","CALL IMMEDIATELY (DUE: ₹17000)"
"BRDP20230484","Priya Srivastava","Kamlesh Srivastava","9334566254","MCA","2023-2026","5","Patna, Uttar Pradesh","ACTIVE","30000","30000","0","30000","30000","0","30000","30000","0","30000","30000","0","30000","0","30000","30000","0","30000","180000","120000","60000","PARTIAL","CALL IMMEDIATELY (DUE: ₹60000)"
"BRDP20260485","Aarya Gupta","Pushpendra Gupta","9166122419","MCA","2026-2029","1","Sidhauli, Uttar Pradesh","ACTIVE","30000","0","30000","30000","0","30000","30000","0","30000","30000","0","30000","30000","0","30000","30000","0","30000","180000","0","180000","PENDING","CALL IMMEDIATELY (DUE: ₹180000)"
"BRDP20240486","Amit Verma","Seema Verma","9394789360","BBA","2024-2027","3","Lakhimpur Kheri, Uttar Pradesh","ACTIVE","22000","22000","0","22000","22000","0","22000","13500","8500","22000","0","22000","22000","0","22000","22000","0","22000","132000","57500","74500","PARTIAL","CALL IMMEDIATELY (DUE: ₹74500)"
"BRDP20260487","Yashee Agrahari","Dharmendra Agrahari","9672611975","BA","2026-2029","1","Khairabad, Uttar Pradesh","ACTIVE","3000","1000","2000","3000","0","3000","3000","0","3000","3000","0","3000","3000","0","3000","3000","0","3000","18000","1000","17000","PARTIAL","CALL IMMEDIATELY (DUE: ₹17000)"
"BRDP20260488","Ashutosh Kashyap","Pinku Kashyap","9640811691","BA","2026-2029","1","Mohali, Uttar Pradesh","ACTIVE","3000","1500","1500","3000","0","3000","3000","0","3000","3000","0","3000","3000","0","3000","3000","0","3000","18000","1500","16500","PARTIAL","CALL IMMEDIATELY (DUE: ₹16500)"
"BRDP20240489","Meena Kumar","Roshani Kumar","9200929457","MCA","2024-2027","3","Sitapur Sadar, Uttar Pradesh","ACTIVE","30000","30000","0","30000","30000","0","30000","18500","11500","30000","0","30000","30000","0","30000","30000","0","30000","180000","78500","101500","PARTIAL","CALL IMMEDIATELY (DUE: ₹101500)"
"BRDP20230490","Anamika Jaiswal","Prateek Jaiswal","9798667232","BCA","2023-2026","5","Hargaon, Uttar Pradesh","ACTIVE","20000","20000","0","20000","20000","0","20000","20000","0","20000","20000","0","20000","20000","0","20000","0","20000","120000","100000","20000","PARTIAL","CALL IMMEDIATELY (DUE: ₹20000)"
"BRDP20240491","Shivangi Kanaujiya","Vikas Kanaujiya","9495653488","BBA","2024-2027","3","Mohali, Uttar Pradesh","ACTIVE","22000","22000","0","22000","22000","0","22000","0","22000","22000","0","22000","22000","0","22000","22000","0","22000","132000","44000","88000","PARTIAL","CALL IMMEDIATELY (DUE: ₹88000)"
"BRDP20240492","Kavita Verma","Sarita Verma","9682646573","B.Sc","2024-2027","3","Khairabad, Uttar Pradesh","ACTIVE","5000","5000","0","5000","5000","0","5000","0","5000","5000","0","5000","5000","0","5000","5000","0","5000","30000","10000","20000","PARTIAL","CALL IMMEDIATELY (DUE: ₹20000)"
"BRDP20240493","Sangita Rathour","Ashutosh Rathour","9535508769","BBA","2024-2027","3","Sitapur, Uttar Pradesh","ACTIVE","22000","22000","0","22000","22000","0","22000","22000","0","22000","0","22000","22000","0","22000","22000","0","22000","132000","66000","66000","PARTIAL","CALL IMMEDIATELY (DUE: ₹66000)"
"BRDP20240494","Divyanshi Pal","Alok Pal","9201122514","BCA","2024-2027","3","Hargaon, Uttar Pradesh","ACTIVE","20000","20000","0","20000","20000","0","20000","20000","0","20000","0","20000","20000","0","20000","20000","0","20000","120000","60000","60000","PARTIAL","CALL IMMEDIATELY (DUE: ₹60000)"
"BRDP20260495","Usha Maurya","Vinay Maurya","9691651142","BA","2026-2029","1","Misrikh, Uttar Pradesh","DELETED","3000","1000","2000","3000","0","3000","3000","0","3000","3000","0","3000","3000","0","3000","3000","0","3000","18000","1000","17000","PARTIAL","CALL IMMEDIATELY (DUE: ₹17000)"
"BRDP20260496","Roshani Prajapati","Sunil Prajapati","9194629485","BCA","2026-2029","1","Mohali, Uttar Pradesh","ACTIVE","20000","20000","0","20000","0","20000","20000","0","20000","20000","0","20000","20000","0","20000","20000","0","20000","120000","20000","100000","PARTIAL","CALL IMMEDIATELY (DUE: ₹100000)"
"BRDP20250497","Alok Shukla","Ankul Shukla","9944546814","MCA","2025-2028","2","Patna, Uttar Pradesh","ACTIVE","30000","30000","0","30000","30000","0","30000","0","30000","30000","0","30000","30000","0","30000","30000","0","30000","180000","60000","120000","PARTIAL","CALL IMMEDIATELY (DUE: ₹120000)"
"BRDP20230498","Rohan Giri","Sonu Giri","9140375939","BA","2023-2026","5","Khairabad, Uttar Pradesh","ACTIVE","3000","3000","0","3000","3000","0","3000","3000","0","3000","3000","0","3000","3000","0","3000","0","3000","18000","15000","3000","PARTIAL","CALL IMMEDIATELY (DUE: ₹3000)"
"BRDP20230499","Divanshi Devi","Sani Devi","9280068251","BBA","2023-2026","5","Lucknow, Uttar Pradesh","ACTIVE","22000","22000","0","22000","22000","0","22000","22000","0","22000","22000","0","22000","7000","15000","22000","0","22000","132000","95000","37000","PARTIAL","CALL IMMEDIATELY (DUE: ₹37000)"
"BRDP20250500","Prateek Saini","Dipanshi Saini","9109722343","B.Sc","2025-2028","2","Biswan, Uttar Pradesh","ACTIVE","5000","5000","0","5000","2500","2500","5000","0","5000","5000","0","5000","5000","0","5000","5000","0","5000","30000","7500","22500","PARTIAL","CALL IMMEDIATELY (DUE: ₹22500)"
"BRDP20260501","Raj Kumar","Ananya Kumar","9160925336","B.Tech CSE","2026-2029","1","Mohali, Uttar Pradesh","ACTIVE","25000","12000","13000","25000","0","25000","25000","0","25000","25000","0","25000","25000","0","25000","25000","0","25000","150000","12000","138000","PARTIAL","CALL IMMEDIATELY (DUE: ₹138000)"
"BRDP20240502","Divanshi Srivastava","Pankaj Srivastava","9726335325","B.Tech CSE","2024-2027","3","Mohali, Uttar Pradesh","ACTIVE","25000","25000","0","25000","25000","0","25000","25000","0","25000","0","25000","25000","0","25000","25000","0","25000","150000","75000","75000","PARTIAL","CALL IMMEDIATELY (DUE: ₹75000)"
"BRDP20230503","Meena Saini","Roshani Saini","9722574403","B.Tech CSE","2023-2026","5","Biswan, Uttar Pradesh","ACTIVE","25000","25000","0","25000","25000","0","25000","25000","0","25000","25000","0","25000","25000","0","25000","0","25000","150000","125000","25000","PARTIAL","CALL IMMEDIATELY (DUE: ₹25000)"
"BRDP20230504","Laxmi Giri","Pinku Giri","9676784837","BBA","2023-2026","5","Sitapur Sadar, Uttar Pradesh","ACTIVE","22000","22000","0","22000","22000","0","22000","22000","0","22000","22000","0","22000","8000","14000","22000","0","22000","132000","96000","36000","PARTIAL","CALL IMMEDIATELY (DUE: ₹36000)"
"BRDP20260505","Vijay Dubey","Shivangi Dubey","9746915894","B.Sc","2026-2029","1","Laharpur, Uttar Pradesh","ACTIVE","5000","5000","0","5000","0","5000","5000","0","5000","5000","0","5000","5000","0","5000","5000","0","5000","30000","5000","25000","PARTIAL","CALL IMMEDIATELY (DUE: ₹25000)"
"BRDP20260506","Saurabh Tripathi","Saumya Tripathi","9326088840","B.Sc","2026-2029","1","Lucknow, Uttar Pradesh","ACTIVE","5000","5000","0","5000","0","5000","5000","0","5000","5000","0","5000","5000","0","5000","5000","0","5000","30000","5000","25000","PARTIAL","CALL IMMEDIATELY (DUE: ₹25000)"
"BRDP20240507","Anita Paswan","Meena Paswan","9780718339","B.Sc","2024-2027","3","Lakhimpur Kheri, Uttar Pradesh","ACTIVE","5000","5000","0","5000","5000","0","5000","5000","0","5000","0","5000","5000","0","5000","5000","0","5000","30000","15000","15000","PARTIAL","CALL IMMEDIATELY (DUE: ₹15000)"
"BRDP20240508","Alok Pandey","Satish Pandey","9163501236","B.Sc","2024-2027","3","Sitapur, Uttar Pradesh","ACTIVE","5000","5000","0","5000","5000","0","5000","4000","1000","5000","0","5000","5000","0","5000","5000","0","5000","30000","14000","16000","PARTIAL","CALL IMMEDIATELY (DUE: ₹16000)"
"BRDP20260509","Divyanshi Paswan","Pankaj Paswan","9333811566","B.Sc","2026-2029","1","Sitapur Sadar, Uttar Pradesh","ACTIVE","5000","5000","0","5000","0","5000","5000","0","5000","5000","0","5000","5000","0","5000","5000","0","5000","30000","5000","25000","PARTIAL","CALL IMMEDIATELY (DUE: ₹25000)"
"BRDP20230510","Dibya Verma","Amit Verma","9301031552","BBA","2023-2026","5","Sitapur Sadar, Uttar Pradesh","ACTIVE","22000","22000","0","22000","22000","0","22000","22000","0","22000","22000","0","22000","11000","11000","22000","0","22000","132000","99000","33000","PARTIAL","CALL IMMEDIATELY (DUE: ₹33000)"
"BRDP20240511","Alok Paswan","Ashutosh Paswan","9940671336","BCA","2024-2027","3","Patna, Uttar Pradesh","ACTIVE","20000","20000","0","20000","20000","0","20000","13000","7000","20000","0","20000","20000","0","20000","20000","0","20000","120000","53000","67000","PARTIAL","CALL IMMEDIATELY (DUE: ₹67000)"
"BRDP20250512","Aarti Verma","Neha Verma","9746475755","B.Tech CSE","2025-2028","2","Sidhauli, Uttar Pradesh","ACTIVE","25000","25000","0","25000","25000","0","25000","0","25000","25000","0","25000","25000","0","25000","25000","0","25000","150000","50000","100000","PARTIAL","CALL IMMEDIATELY (DUE: ₹100000)"
"BRDP20250513","Ashutosh Srivastava","Aarav Srivastava","9976611804","BCA","2025-2028","2","Hargaon, Uttar Pradesh","DELETED","20000","20000","0","20000","0","20000","20000","0","20000","20000","0","20000","20000","0","20000","20000","0","20000","120000","20000","100000","PARTIAL","CALL IMMEDIATELY (DUE: ₹100000)"
"BRDP20250514","Aditya Kumar","Prateek Kumar","9563498159","BBA","2025-2028","2","Sitapur, Uttar Pradesh","ACTIVE","22000","22000","0","22000","22000","0","22000","0","22000","22000","0","22000","22000","0","22000","22000","0","22000","132000","44000","88000","PARTIAL","CALL IMMEDIATELY (DUE: ₹88000)"
"BRDP20240515","Nainsi Saini","Mahek Saini","9500791207","BBA","2024-2027","3","Biswan, Uttar Pradesh","ACTIVE","22000","22000","0","22000","22000","0","22000","0","22000","22000","0","22000","22000","0","22000","22000","0","22000","132000","44000","88000","PARTIAL","CALL IMMEDIATELY (DUE: ₹88000)"
"BRDP20260516","Aarti Paswan","Deepak Paswan","9619873091","B.Sc","2026-2029","1","Kanpur, Uttar Pradesh","ACTIVE","5000","3500","1500","5000","0","5000","5000","0","5000","5000","0","5000","5000","0","5000","5000","0","5000","30000","3500","26500","PARTIAL","CALL IMMEDIATELY (DUE: ₹26500)"
"BRDP20260517","Ramesh Gautam","Nainsi Gautam","9936989771","BA","2026-2029","1","Hargaon, Uttar Pradesh","ACTIVE","3000","0","3000","3000","0","3000","3000","0","3000","3000","0","3000","3000","0","3000","3000","0","3000","18000","0","18000","PENDING","CALL IMMEDIATELY (DUE: ₹18000)"
"BRDP20230518","Sonu Srivastava","Rahul Srivastava","9778270065","BBA","2023-2026","5","Laharpur, Uttar Pradesh","ACTIVE","22000","22000","0","22000","22000","0","22000","22000","0","22000","22000","0","22000","12000","10000","22000","0","22000","132000","100000","32000","PARTIAL","CALL IMMEDIATELY (DUE: ₹32000)"
"BRDP20240519","Priya Giri","Deepa Giri","9168825511","BCA","2024-2027","3","Maholi, Uttar Pradesh","ACTIVE","20000","20000","0","20000","20000","0","20000","8000","12000","20000","0","20000","20000","0","20000","20000","0","20000","120000","48000","72000","PARTIAL","CALL IMMEDIATELY (DUE: ₹72000)"
"BRDP20230520","Aarti Dubey","Manish Dubey","9997472848","BBA","2023-2026","5","Biswan, Uttar Pradesh","ACTIVE","22000","22000","0","22000","22000","0","22000","22000","0","22000","22000","0","22000","0","22000","22000","0","22000","132000","88000","44000","PARTIAL","CALL IMMEDIATELY (DUE: ₹44000)"
"BRDP20230521","Pari Kashyap","Divyanshi Kashyap","9186627294","MCA","2023-2026","5","Sitapur Sadar, Uttar Pradesh","ACTIVE","30000","30000","0","30000","30000","0","30000","30000","0","30000","30000","0","30000","30000","0","30000","0","30000","180000","150000","30000","PARTIAL","CALL IMMEDIATELY (DUE: ₹30000)"
"BRDP20240522","Vinod Pandey","Rekha Pandey","9241399527","BCA","2024-2027","3","Biswan, Uttar Pradesh","ACTIVE","20000","20000","0","20000","20000","0","20000","20000","0","20000","0","20000","20000","0","20000","20000","0","20000","120000","60000","60000","PARTIAL","CALL IMMEDIATELY (DUE: ₹60000)"
"BRDP20260523","Ramesh Kanaujiya","Sandeep Kanaujiya","9991717679","BA","2026-2029","1","Laharpur, Uttar Pradesh","ACTIVE","3000","0","3000","3000","0","3000","3000","0","3000","3000","0","3000","3000","0","3000","3000","0","3000","18000","0","18000","PENDING","CALL IMMEDIATELY (DUE: ₹18000)"
"BRDP20240524","Divanshi Gautam","Deepak Gautam","9770102751","B.Tech CSE","2024-2027","3","Misrikh, Uttar Pradesh","ACTIVE","25000","25000","0","25000","25000","0","25000","16500","8500","25000","0","25000","25000","0","25000","25000","0","25000","150000","66500","83500","PARTIAL","CALL IMMEDIATELY (DUE: ₹83500)"
"BRDP20260525","Satish Giri","Sonu Giri","9599471745","BCA","2026-2029","1","Kanpur, Uttar Pradesh","ACTIVE","20000","10000","10000","20000","0","20000","20000","0","20000","20000","0","20000","20000","0","20000","20000","0","20000","120000","10000","110000","PARTIAL","CALL IMMEDIATELY (DUE: ₹110000)"
"BRDP20250526","Ajay Sharma","Deepa Sharma","9495423652","BCA","2025-2028","2","Lakhimpur Kheri, Uttar Pradesh","ACTIVE","20000","20000","0","20000","20000","0","20000","0","20000","20000","0","20000","20000","0","20000","20000","0","20000","120000","40000","80000","PARTIAL","CALL IMMEDIATELY (DUE: ₹80000)"
"BRDP20230527","Pinku Agrahari","Prateek Agrahari","9557771906","BBA","2023-2026","5","Hargaon, Uttar Pradesh","DELETED","22000","22000","0","22000","22000","0","22000","22000","0","22000","22000","0","22000","7000","15000","22000","0","22000","132000","95000","37000","PARTIAL","CALL IMMEDIATELY (DUE: ₹37000)"
"BRDP20250528","Pankaj Dubey","Aarti Dubey","9712074728","MCA","2025-2028","2","Misrikh, Uttar Pradesh","ACTIVE","30000","30000","0","30000","15000","15000","30000","0","30000","30000","0","30000","30000","0","30000","30000","0","30000","180000","45000","135000","PARTIAL","CALL IMMEDIATELY (DUE: ₹135000)"
"BRDP20250529","Vijay Gautam","Shivangi Gautam","9569878288","BA","2025-2028","2","Hargaon, Uttar Pradesh","ACTIVE","3000","3000","0","3000","1500","1500","3000","0","3000","3000","0","3000","3000","0","3000","3000","0","3000","18000","4500","13500","PARTIAL","CALL IMMEDIATELY (DUE: ₹13500)"
"BRDP20230530","Rohan Yadav","Manish Yadav","9637178875","B.Tech CSE","2023-2026","5","Lakhimpur Kheri, Uttar Pradesh","ACTIVE","25000","25000","0","25000","25000","0","25000","25000","0","25000","25000","0","25000","25000","0","25000","0","25000","150000","125000","25000","PARTIAL","CALL IMMEDIATELY (DUE: ₹25000)"
"BRDP20240531","Aarti Prajapati","Ashutosh Prajapati","9482028061","B.Tech CSE","2024-2027","3","Sitapur, Uttar Pradesh","ACTIVE","25000","25000","0","25000","25000","0","25000","0","25000","25000","0","25000","25000","0","25000","25000","0","25000","150000","50000","100000","PARTIAL","CALL IMMEDIATELY (DUE: ₹100000)"
"BRDP20260532","Meena Chaurasiya","Anamika Chaurasiya","9986794789","B.Tech CSE","2026-2029","1","Sitapur, Uttar Pradesh","ACTIVE","25000","25000","0","25000","0","25000","25000","0","25000","25000","0","25000","25000","0","25000","25000","0","25000","150000","25000","125000","PARTIAL","CALL IMMEDIATELY (DUE: ₹125000)"
"BRDP20260533","Priya Rajpoot","Dibya Rajpoot","9753007378","B.Tech CSE","2026-2029","1","Lucknow, Uttar Pradesh","ACTIVE","25000","17000","8000","25000","0","25000","25000","0","25000","25000","0","25000","25000","0","25000","25000","0","25000","150000","17000","133000","PARTIAL","CALL IMMEDIATELY (DUE: ₹133000)"
"BRDP20260534","Kavita Prajapati","Aditya Prajapati","9890866804","BBA","2026-2029","1","Kanpur, Uttar Pradesh","ACTIVE","22000","22000","0","22000","0","22000","22000","0","22000","22000","0","22000","22000","0","22000","22000","0","22000","132000","22000","110000","PARTIAL","CALL IMMEDIATELY (DUE: ₹110000)"
"BRDP20230535","Dharmendra Mishra","Divyanshi Mishra","9832814267","BBA","2023-2026","5","Biswan, Uttar Pradesh","ACTIVE","22000","22000","0","22000","22000","0","22000","22000","0","22000","22000","0","22000","22000","0","22000","0","22000","132000","110000","22000","PARTIAL","CALL IMMEDIATELY (DUE: ₹22000)"
"BRDP20240536","Suman Singh","Suman Singh","9400757298","BA","2024-2027","3","Maholi, Uttar Pradesh","ACTIVE","3000","3000","0","3000","3000","0","3000","1500","1500","3000","0","3000","3000","0","3000","3000","0","3000","18000","7500","10500","PARTIAL","CALL IMMEDIATELY (DUE: ₹10500)"
"BRDP20240537","Divanshi Agrahari","Dibya Agrahari","9184123085","B.Tech CSE","2024-2027","3","Misrikh, Uttar Pradesh","ACTIVE","25000","25000","0","25000","25000","0","25000","25000","0","25000","0","25000","25000","0","25000","25000","0","25000","150000","75000","75000","PARTIAL","CALL IMMEDIATELY (DUE: ₹75000)"
"BRDP20250538","Vijay Rathour","Deepa Rathour","9995366827","BBA","2025-2028","2","Kanpur, Uttar Pradesh","ACTIVE","22000","22000","0","22000","13000","9000","22000","0","22000","22000","0","22000","22000","0","22000","22000","0","22000","132000","35000","97000","PARTIAL","CALL IMMEDIATELY (DUE: ₹97000)"
"BRDP20260539","Vijay Sharma","Avneesh Sharma","9912144545","BBA","2026-2029","1","Laharpur, Uttar Pradesh","ACTIVE","22000","11000","11000","22000","0","22000","22000","0","22000","22000","0","22000","22000","0","22000","22000","0","22000","132000","11000","121000","PARTIAL","CALL IMMEDIATELY (DUE: ₹121000)"
"BRDP20260540","Neha Saini","Raj Saini","9393639125","MCA","2026-2029","1","Sidhauli, Uttar Pradesh","ACTIVE","30000","30000","0","30000","0","30000","30000","0","30000","30000","0","30000","30000","0","30000","30000","0","30000","180000","30000","150000","PARTIAL","CALL IMMEDIATELY (DUE: ₹150000)"
"BRDP20250541","Rashi Mishra","Sonu Mishra","9533036155","B.Sc","2025-2028","2","Mohali, Uttar Pradesh","ACTIVE","5000","5000","0","5000","1500","3500","5000","0","5000","5000","0","5000","5000","0","5000","5000","0","5000","30000","6500","23500","PARTIAL","CALL IMMEDIATELY (DUE: ₹23500)"
"BRDP20250542","Anamika Shukla","Diwakar Shukla","9945367073","B.Sc","2025-2028","2","Maholi, Uttar Pradesh","ACTIVE","5000","5000","0","5000","2000","3000","5000","0","5000","5000","0","5000","5000","0","5000","5000","0","5000","30000","7000","23000","PARTIAL","CALL IMMEDIATELY (DUE: ₹23000)"
"BRDP20240543","Adarsh Sharma","Vivek Sharma","9852349315","BCA","2024-2027","3","Kanpur, Uttar Pradesh","ACTIVE","20000","20000","0","20000","20000","0","20000","20000","0","20000","0","20000","20000","0","20000","20000","0","20000","120000","60000","60000","PARTIAL","CALL IMMEDIATELY (DUE: ₹60000)"
"BRDP20260544","Sunita Gupta","Alok Gupta","9872915749","MCA","2026-2029","1","Mohali, Uttar Pradesh","DELETED","30000","0","30000","30000","0","30000","30000","0","30000","30000","0","30000","30000","0","30000","30000","0","30000","180000","0","180000","PENDING","CALL IMMEDIATELY (DUE: ₹180000)"
"BRDP20240545","Aarav Sharma","Dipanshi Sharma","9438943628","MCA","2024-2027","3","Mohali, Uttar Pradesh","ACTIVE","30000","30000","0","30000","30000","0","30000","0","30000","30000","0","30000","30000","0","30000","30000","0","30000","180000","60000","120000","PARTIAL","CALL IMMEDIATELY (DUE: ₹120000)"
"BRDP20250546","Meena Pandey","Anjali Pandey","9201280270","B.Tech CSE","2025-2028","2","Hargaon, Uttar Pradesh","ACTIVE","25000","25000","0","25000","25000","0","25000","0","25000","25000","0","25000","25000","0","25000","25000","0","25000","150000","50000","100000","PARTIAL","CALL IMMEDIATELY (DUE: ₹100000)"
"BRDP20260547","Laxmi Khan","Aarav Khan","9273008653","BCA","2026-2029","1","Biswan, Uttar Pradesh","ACTIVE","20000","0","20000","20000","0","20000","20000","0","20000","20000","0","20000","20000","0","20000","20000","0","20000","120000","0","120000","PENDING","CALL IMMEDIATELY (DUE: ₹120000)"
"BRDP20240548","Sangita Devi","Shivani Devi","9965933573","BCA","2024-2027","3","Laharpur, Uttar Pradesh","ACTIVE","20000","20000","0","20000","20000","0","20000","6500","13500","20000","0","20000","20000","0","20000","20000","0","20000","120000","46500","73500","PARTIAL","CALL IMMEDIATELY (DUE: ₹73500)"
"BRDP20240549","Shivam Pandey","Rashi Pandey","9615290761","BBA","2024-2027","3","Kanpur, Uttar Pradesh","ACTIVE","22000","22000","0","22000","22000","0","22000","22000","0","22000","0","22000","22000","0","22000","22000","0","22000","132000","66000","66000","PARTIAL","CALL IMMEDIATELY (DUE: ₹66000)"
"BRDP20240550","Dharmendra Gupta","Asha Gupta","9728749917","B.Sc","2024-2027","3","Hargaon, Uttar Pradesh","ACTIVE","5000","5000","0","5000","5000","0","5000","5000","0","5000","0","5000","5000","0","5000","5000","0","5000","30000","15000","15000","PARTIAL","CALL IMMEDIATELY (DUE: ₹15000)"
"BRDP20250551","Adarsh Maurya","Divyanshi Maurya","9995171330","BBA","2025-2028","2","Hargaon, Uttar Pradesh","ACTIVE","22000","22000","0","22000","14000","8000","22000","0","22000","22000","0","22000","22000","0","22000","22000","0","22000","132000","36000","96000","PARTIAL","CALL IMMEDIATELY (DUE: ₹96000)"
"BRDP20230552","Ramesh Paswan","Suresh Paswan","9974202241","MCA","2023-2026","5","Patna, Uttar Pradesh","ACTIVE","30000","30000","0","30000","30000","0","30000","30000","0","30000","30000","0","30000","13500","16500","30000","0","30000","180000","133500","46500","PARTIAL","CALL IMMEDIATELY (DUE: ₹46500)"
"BRDP20260553","Ashutosh Sharma","Iliyash Sharma","9367770989","B.Sc","2026-2029","1","Laharpur, Uttar Pradesh","ACTIVE","5000","5000","0","5000","0","5000","5000","0","5000","5000","0","5000","5000","0","5000","5000","0","5000","30000","5000","25000","PARTIAL","CALL IMMEDIATELY (DUE: ₹25000)"
"BRDP20230554","Kamlesh Prajapati","Pankaj Prajapati","9784526841","BCA","2023-2026","5","Patna, Uttar Pradesh","ACTIVE","20000","20000","0","20000","20000","0","20000","20000","0","20000","20000","0","20000","0","20000","20000","0","20000","120000","80000","40000","PARTIAL","CALL IMMEDIATELY (DUE: ₹40000)"
"BRDP20230555","Usha Kashyap","Ankul Kashyap","9891614545","MCA","2023-2026","5","Biswan, Uttar Pradesh","ACTIVE","30000","30000","0","30000","30000","0","30000","30000","0","30000","30000","0","30000","30000","0","30000","0","30000","180000","150000","30000","PARTIAL","CALL IMMEDIATELY (DUE: ₹30000)"
"BRDP20260556","Geeta Kumar","Manoj Kumar","9499038901","B.Tech CSE","2026-2029","1","Patna, Uttar Pradesh","ACTIVE","25000","25000","0","25000","0","25000","25000","0","25000","25000","0","25000","25000","0","25000","25000","0","25000","150000","25000","125000","PARTIAL","CALL IMMEDIATELY (DUE: ₹125000)"
"BRDP20240557","Saumya Khan","Amit Khan","9566570478","BBA","2024-2027","3","Patna, Uttar Pradesh","DELETED","22000","22000","0","22000","22000","0","22000","22000","0","22000","0","22000","22000","0","22000","22000","0","22000","132000","66000","66000","PARTIAL","CALL IMMEDIATELY (DUE: ₹66000)"
"BRDP20240558","Avneesh Paswan","Seema Paswan","9810021415","BBA","2024-2027","3","Kanpur, Uttar Pradesh","ACTIVE","22000","22000","0","22000","22000","0","22000","0","22000","22000","0","22000","22000","0","22000","22000","0","22000","132000","44000","88000","PARTIAL","CALL IMMEDIATELY (DUE: ₹88000)"
"BRDP20230559","Deepika Pandey","Dipanshi Pandey","9521244666","B.Tech CSE","2023-2026","5","Lakhimpur Kheri, Uttar Pradesh","ACTIVE","25000","25000","0","25000","25000","0","25000","25000","0","25000","25000","0","25000","25000","0","25000","0","25000","150000","125000","25000","PARTIAL","CALL IMMEDIATELY (DUE: ₹25000)"
"BRDP20250560","Yashee Shukla","Diwakar Shukla","9502679230","BA","2025-2028","2","Sidhauli, Uttar Pradesh","ACTIVE","3000","3000","0","3000","3000","0","3000","0","3000","3000","0","3000","3000","0","3000","3000","0","3000","18000","6000","12000","PARTIAL","CALL IMMEDIATELY (DUE: ₹12000)"
"BRDP20230561","Aarav Rathour","Pooja Rathour","9210568902","BBA","2023-2026","5","Khairabad, Uttar Pradesh","ACTIVE","22000","22000","0","22000","22000","0","22000","22000","0","22000","22000","0","22000","22000","0","22000","0","22000","132000","110000","22000","PARTIAL","CALL IMMEDIATELY (DUE: ₹22000)"
"BRDP20260562","Aarav Chaurasiya","Rajesh Chaurasiya","9795875838","BBA","2026-2029","1","Sidhauli, Uttar Pradesh","ACTIVE","22000","0","22000","22000","0","22000","22000","0","22000","22000","0","22000","22000","0","22000","22000","0","22000","132000","0","132000","PENDING","CALL IMMEDIATELY (DUE: ₹132000)"
"BRDP20230563","Alok Shukla","Prateek Shukla","9453508791","B.Tech CSE","2023-2026","5","Sitapur Sadar, Uttar Pradesh","ACTIVE","25000","25000","0","25000","25000","0","25000","25000","0","25000","25000","0","25000","11000","14000","25000","0","25000","150000","111000","39000","PARTIAL","CALL IMMEDIATELY (DUE: ₹39000)"
"BRDP20240564","Aarya Saini","Neha Saini","9207307828","B.Sc","2024-2027","3","Biswan, Uttar Pradesh","ACTIVE","5000","5000","0","5000","5000","0","5000","0","5000","5000","0","5000","5000","0","5000","5000","0","5000","30000","10000","20000","PARTIAL","CALL IMMEDIATELY (DUE: ₹20000)"
"BRDP20260565","Pari Jaiswal","Rashi Jaiswal","9728954245","B.Sc","2026-2029","1","Lucknow, Uttar Pradesh","ACTIVE","5000","0","5000","5000","0","5000","5000","0","5000","5000","0","5000","5000","0","5000","5000","0","5000","30000","0","30000","PENDING","CALL IMMEDIATELY (DUE: ₹30000)"
"BRDP20230566","Aditya Pal","Pankaj Pal","9814837516","B.Sc","2023-2026","5","Laharpur, Uttar Pradesh","ACTIVE","5000","5000","0","5000","5000","0","5000","5000","0","5000","5000","0","5000","3500","1500","5000","0","5000","30000","23500","6500","PARTIAL","CALL IMMEDIATELY (DUE: ₹6500)"
"BRDP20240567","Gudiya Pal","Sangita Pal","9959975347","B.Tech CSE","2024-2027","3","Lucknow, Uttar Pradesh","ACTIVE","25000","25000","0","25000","25000","0","25000","25000","0","25000","0","25000","25000","0","25000","25000","0","25000","150000","75000","75000","PARTIAL","CALL IMMEDIATELY (DUE: ₹75000)"
"BRDP20250568","Sangita Devi","Iliyash Devi","9567110523","MCA","2025-2028","2","Sitapur, Uttar Pradesh","ACTIVE","30000","30000","0","30000","30000","0","30000","0","30000","30000","0","30000","30000","0","30000","30000","0","30000","180000","60000","120000","PARTIAL","CALL IMMEDIATELY (DUE: ₹120000)"
"BRDP20240569","Alok Agrahari","Sonika Agrahari","9768100663","BCA","2024-2027","3","Lucknow, Uttar Pradesh","ACTIVE","20000","20000","0","20000","20000","0","20000","0","20000","20000","0","20000","20000","0","20000","20000","0","20000","120000","40000","80000","PARTIAL","CALL IMMEDIATELY (DUE: ₹80000)"
"BRDP20250570","Priya Agrahari","Ramesh Agrahari","9142882233","MCA","2025-2028","2","Mohali, Uttar Pradesh","ACTIVE","30000","30000","0","30000","19500","10500","30000","0","30000","30000","0","30000","30000","0","30000","30000","0","30000","180000","49500","130500","PARTIAL","CALL IMMEDIATELY (DUE: ₹130500)"
"BRDP20250571","Sunita Gupta","Divanshi Gupta","9412927172","BCA","2025-2028","2","Misrikh, Uttar Pradesh","ACTIVE","20000","20000","0","20000","11000","9000","20000","0","20000","20000","0","20000","20000","0","20000","20000","0","20000","120000","31000","89000","PARTIAL","CALL IMMEDIATELY (DUE: ₹89000)"
"BRDP20230572","Seema Chaurasiya","Ankul Chaurasiya","9599169786","B.Sc","2023-2026","5","Mohali, Uttar Pradesh","ACTIVE","5000","5000","0","5000","5000","0","5000","5000","0","5000","5000","0","5000","5000","0","5000","0","5000","30000","25000","5000","PARTIAL","CALL IMMEDIATELY (DUE: ₹5000)"
"BRDP20230573","Vinay Dubey","Raj Dubey","9625392622","MCA","2023-2026","5","Lucknow, Uttar Pradesh","ACTIVE","30000","30000","0","30000","30000","0","30000","30000","0","30000","30000","0","30000","13500","16500","30000","0","30000","180000","133500","46500","PARTIAL","CALL IMMEDIATELY (DUE: ₹46500)"
"BRDP20250574","Alok Khan","Anjali Khan","9730016112","MCA","2025-2028","2","Patna, Uttar Pradesh","ACTIVE","30000","30000","0","30000","15500","14500","30000","0","30000","30000","0","30000","30000","0","30000","30000","0","30000","180000","45500","134500","PARTIAL","CALL IMMEDIATELY (DUE: ₹134500)"
"BRDP20240575","Aarya Paswan","Ajay Paswan","9894214649","B.Tech CSE","2024-2027","3","Khairabad, Uttar Pradesh","ACTIVE","25000","25000","0","25000","25000","0","25000","25000","0","25000","0","25000","25000","0","25000","25000","0","25000","150000","75000","75000","PARTIAL","CALL IMMEDIATELY (DUE: ₹75000)"
"BRDP20230576","Aditya Gautam","Deepika Gautam","9449538114","B.Sc","2023-2026","5","Biswan, Uttar Pradesh","DELETED","5000","5000","0","5000","5000","0","5000","5000","0","5000","5000","0","5000","2500","2500","5000","0","5000","30000","22500","7500","PARTIAL","CALL IMMEDIATELY (DUE: ₹7500)"
"BRDP20250577","Sarita Gautam","Anita Gautam","9229621992","BA","2025-2028","2","Sitapur, Uttar Pradesh","ACTIVE","3000","3000","0","3000","3000","0","3000","0","3000","3000","0","3000","3000","0","3000","3000","0","3000","18000","6000","12000","PARTIAL","CALL IMMEDIATELY (DUE: ₹12000)"
"BRDP20260578","Diwakar Chaurasiya","Manoj Chaurasiya","9785574951","B.Tech CSE","2026-2029","1","Kanpur, Uttar Pradesh","DELETED","25000","9500","15500","25000","0","25000","25000","0","25000","25000","0","25000","25000","0","25000","25000","0","25000","150000","9500","140500","PARTIAL","CALL IMMEDIATELY (DUE: ₹140500)"
"BRDP20240579","Nainsi Sharma","Sunil Sharma","9921058879","BBA","2024-2027","3","Sitapur, Uttar Pradesh","ACTIVE","22000","22000","0","22000","22000","0","22000","13500","8500","22000","0","22000","22000","0","22000","22000","0","22000","132000","57500","74500","PARTIAL","CALL IMMEDIATELY (DUE: ₹74500)"
"BRDP20250580","Mahek Shukla","Iliyash Shukla","9426226184","MCA","2025-2028","2","Lakhimpur Kheri, Uttar Pradesh","ACTIVE","30000","30000","0","30000","30000","0","30000","0","30000","30000","0","30000","30000","0","30000","30000","0","30000","180000","60000","120000","PARTIAL","CALL IMMEDIATELY (DUE: ₹120000)"
"BRDP20250581","Aarti Verma","Vijay Verma","9382046022","B.Tech CSE","2025-2028","2","Laharpur, Uttar Pradesh","ACTIVE","25000","25000","0","25000","8000","17000","25000","0","25000","25000","0","25000","25000","0","25000","25000","0","25000","150000","33000","117000","PARTIAL","CALL IMMEDIATELY (DUE: ₹117000)"
"BRDP20240582","Yashee Rajpoot","Geeta Rajpoot","9514175152","BA","2024-2027","3","Khairabad, Uttar Pradesh","ACTIVE","3000","3000","0","3000","3000","0","3000","1500","1500","3000","0","3000","3000","0","3000","3000","0","3000","18000","7500","10500","PARTIAL","CALL IMMEDIATELY (DUE: ₹10500)"
"BRDP20240583","Vishal Sharma","Sonu Sharma","9414933981","BCA","2024-2027","3","Lucknow, Uttar Pradesh","ACTIVE","20000","20000","0","20000","20000","0","20000","0","20000","20000","0","20000","20000","0","20000","20000","0","20000","120000","40000","80000","PARTIAL","CALL IMMEDIATELY (DUE: ₹80000)"
"BRDP20240584","Pari Dwivedi","Ramesh Dwivedi","9334054348","B.Tech CSE","2024-2027","3","Sitapur Sadar, Uttar Pradesh","ACTIVE","25000","25000","0","25000","25000","0","25000","18500","6500","25000","0","25000","25000","0","25000","25000","0","25000","150000","68500","81500","PARTIAL","CALL IMMEDIATELY (DUE: ₹81500)"
"BRDP20240585","Yashee Sharma","Aditya Sharma","9446457055","BBA","2024-2027","3","Sidhauli, Uttar Pradesh","ACTIVE","22000","22000","0","22000","22000","0","22000","17000","5000","22000","0","22000","22000","0","22000","22000","0","22000","132000","61000","71000","PARTIAL","CALL IMMEDIATELY (DUE: ₹71000)"
"BRDP20260586","Shivangi Kanaujiya","Ravi Kanaujiya","9753626622","MCA","2026-2029","1","Misrikh, Uttar Pradesh","ACTIVE","30000","30000","0","30000","0","30000","30000","0","30000","30000","0","30000","30000","0","30000","30000","0","30000","180000","30000","150000","PARTIAL","CALL IMMEDIATELY (DUE: ₹150000)"
"BRDP20240587","Ankul Srivastava","Gudiya Srivastava","9821556694","BCA","2024-2027","3","Maholi, Uttar Pradesh","ACTIVE","20000","20000","0","20000","20000","0","20000","10500","9500","20000","0","20000","20000","0","20000","20000","0","20000","120000","50500","69500","PARTIAL","CALL IMMEDIATELY (DUE: ₹69500)"
"BRDP20230588","Neha Jaiswal","Pushpendra Jaiswal","9562857300","BA","2023-2026","5","Misrikh, Uttar Pradesh","ACTIVE","3000","3000","0","3000","3000","0","3000","3000","0","3000","3000","0","3000","1500","1500","3000","0","3000","18000","13500","4500","PARTIAL","CALL IMMEDIATELY (DUE: ₹4500)"
"BRDP20230589","Neha Rajpoot","Saumya Rajpoot","9298017640","B.Sc","2023-2026","5","Laharpur, Uttar Pradesh","ACTIVE","5000","5000","0","5000","5000","0","5000","5000","0","5000","5000","0","5000","2000","3000","5000","0","5000","30000","22000","8000","PARTIAL","CALL IMMEDIATELY (DUE: ₹8000)"
"BRDP20250590","Meena Dwivedi","Shivangi Dwivedi","9889654921","B.Sc","2025-2028","2","Sitapur, Uttar Pradesh","ACTIVE","5000","5000","0","5000","3000","2000","5000","0","5000","5000","0","5000","5000","0","5000","5000","0","5000","30000","8000","22000","PARTIAL","CALL IMMEDIATELY (DUE: ₹22000)"
"BRDP20250591","Ravi Paswan","Dharmendra Paswan","9504775830","BBA","2025-2028","2","Laharpur, Uttar Pradesh","ACTIVE","22000","22000","0","22000","8500","13500","22000","0","22000","22000","0","22000","22000","0","22000","22000","0","22000","132000","30500","101500","PARTIAL","CALL IMMEDIATELY (DUE: ₹101500)"
"BRDP20230592","Aditya Shukla","Anjali Shukla","9188866497","MCA","2023-2026","5","Sidhauli, Uttar Pradesh","ACTIVE","30000","30000","0","30000","30000","0","30000","30000","0","30000","30000","0","30000","30000","0","30000","0","30000","180000","150000","30000","PARTIAL","CALL IMMEDIATELY (DUE: ₹30000)"
"BRDP20230593","Saumya Sharma","Ritu Sharma","9432682223","BCA","2023-2026","5","Sitapur Sadar, Uttar Pradesh","ACTIVE","20000","20000","0","20000","20000","0","20000","20000","0","20000","20000","0","20000","16000","4000","20000","0","20000","120000","96000","24000","PARTIAL","CALL IMMEDIATELY (DUE: ₹24000)"
"BRDP20250594","Alok Yadav","Suresh Yadav","9827578944","BA","2025-2028","2","Biswan, Uttar Pradesh","ACTIVE","3000","3000","0","3000","3000","0","3000","0","3000","3000","0","3000","3000","0","3000","3000","0","3000","18000","6000","12000","PARTIAL","CALL IMMEDIATELY (DUE: ₹12000)"
"BRDP20260595","Vivek Shukla","Dibya Shukla","9789140022","MCA","2026-2029","1","Hargaon, Uttar Pradesh","ACTIVE","30000","21000","9000","30000","0","30000","30000","0","30000","30000","0","30000","30000","0","30000","30000","0","30000","180000","21000","159000","PARTIAL","CALL IMMEDIATELY (DUE: ₹159000)"
"BRDP20260596","Nainsi Saini","Shivangi Saini","9678160274","B.Sc","2026-2029","1","Sidhauli, Uttar Pradesh","ACTIVE","5000","4000","1000","5000","0","5000","5000","0","5000","5000","0","5000","5000","0","5000","5000","0","5000","30000","4000","26000","PARTIAL","CALL IMMEDIATELY (DUE: ₹26000)"
"BRDP20240597","Neha Devi","Sanjay Devi","9383897580","B.Sc","2024-2027","3","Lakhimpur Kheri, Uttar Pradesh","ACTIVE","5000","5000","0","5000","5000","0","5000","5000","0","5000","0","5000","5000","0","5000","5000","0","5000","30000","15000","15000","PARTIAL","CALL IMMEDIATELY (DUE: ₹15000)"
"BRDP20250598","Ajay Kanaujiya","Vivek Kanaujiya","9453724049","MCA","2025-2028","2","Sitapur, Uttar Pradesh","ACTIVE","30000","30000","0","30000","23000","7000","30000","0","30000","30000","0","30000","30000","0","30000","30000","0","30000","180000","53000","127000","PARTIAL","CALL IMMEDIATELY (DUE: ₹127000)"
"BRDP20260599","Mahek Pal","Anamika Pal","9586270573","BCA","2026-2029","1","Patna, Uttar Pradesh","ACTIVE","20000","0","20000","20000","0","20000","20000","0","20000","20000","0","20000","20000","0","20000","20000","0","20000","120000","0","120000","PENDING","CALL IMMEDIATELY (DUE: ₹120000)"
"BRDP20230600","Diwakar Verma","Priya Verma","9497969118","B.Sc","2023-2026","5","Lakhimpur Kheri, Uttar Pradesh","ACTIVE","5000","5000","0","5000","5000","0","5000","5000","0","5000","5000","0","5000","2500","2500","5000","0","5000","30000","22500","7500","PARTIAL","CALL IMMEDIATELY (DUE: ₹7500)"
"BRDP20240601","Rohan Saini","Sangita Saini","9252127364","MCA","2024-2027","3","Misrikh, Uttar Pradesh","ACTIVE","30000","30000","0","30000","30000","0","30000","17500","12500","30000","0","30000","30000","0","30000","30000","0","30000","180000","77500","102500","PARTIAL","CALL IMMEDIATELY (DUE: ₹102500)"
"BRDP20230602","Rohan Gautam","Divyanshi Gautam","9156500933","BBA","2023-2026","5","Laharpur, Uttar Pradesh","DELETED","22000","22000","0","22000","22000","0","22000","22000","0","22000","22000","0","22000","7500","14500","22000","0","22000","132000","95500","36500","PARTIAL","CALL IMMEDIATELY (DUE: ₹36500)"
"BRDP20250603","Manish Prajapati","Shivangi Prajapati","9495599163","B.Tech CSE","2025-2028","2","Biswan, Uttar Pradesh","ACTIVE","25000","25000","0","25000","19000","6000","25000","0","25000","25000","0","25000","25000","0","25000","25000","0","25000","150000","44000","106000","PARTIAL","CALL IMMEDIATELY (DUE: ₹106000)"
"BRDP20240604","Deepa Dwivedi","Anita Dwivedi","9289335340","BA","2024-2027","3","Kanpur, Uttar Pradesh","ACTIVE","3000","3000","0","3000","3000","0","3000","0","3000","3000","0","3000","3000","0","3000","3000","0","3000","18000","6000","12000","PARTIAL","CALL IMMEDIATELY (DUE: ₹12000)"
"BRDP20260605","Iliyash Sharma","Rohan Sharma","9735175384","MCA","2026-2029","1","Lakhimpur Kheri, Uttar Pradesh","ACTIVE","30000","9500","20500","30000","0","30000","30000","0","30000","30000","0","30000","30000","0","30000","30000","0","30000","180000","9500","170500","PARTIAL","CALL IMMEDIATELY (DUE: ₹170500)"
"BRDP20230606","Naimish Kashyap","Usha Kashyap","9325682222","MCA","2023-2026","5","Lucknow, Uttar Pradesh","ACTIVE","30000","30000","0","30000","30000","0","30000","30000","0","30000","30000","0","30000","16500","13500","30000","0","30000","180000","136500","43500","PARTIAL","CALL IMMEDIATELY (DUE: ₹43500)"
"BRDP20240607","Rashi Paswan","Sandeep Paswan","9602210996","B.Sc","2024-2027","3","Lakhimpur Kheri, Uttar Pradesh","ACTIVE","5000","5000","0","5000","5000","0","5000","2000","3000","5000","0","5000","5000","0","5000","5000","0","5000","30000","12000","18000","PARTIAL","CALL IMMEDIATELY (DUE: ₹18000)"
"BRDP20230608","Pooja Gautam","Sanjay Gautam","9205343657","BA","2023-2026","5","Mohali, Uttar Pradesh","DELETED","3000","3000","0","3000","3000","0","3000","3000","0","3000","3000","0","3000","2000","1000","3000","0","3000","18000","14000","4000","PARTIAL","CALL IMMEDIATELY (DUE: ₹4000)"
"BRDP20250609","Pankaj Dwivedi","Divyanshi Dwivedi","9322416548","BBA","2025-2028","2","Mohali, Uttar Pradesh","ACTIVE","22000","22000","0","22000","22000","0","22000","0","22000","22000","0","22000","22000","0","22000","22000","0","22000","132000","44000","88000","PARTIAL","CALL IMMEDIATELY (DUE: ₹88000)"
"BRDP20250610","Saurabh Kanaujiya","Roshani Kanaujiya","9902832813","BCA","2025-2028","2","Kanpur, Uttar Pradesh","ACTIVE","20000","20000","0","20000","0","20000","20000","0","20000","20000","0","20000","20000","0","20000","20000","0","20000","120000","20000","100000","PARTIAL","CALL IMMEDIATELY (DUE: ₹100000)"
"BRDP20260611","Rahul Gautam","Vinay Gautam","9715464476","BBA","2026-2029","1","Laharpur, Uttar Pradesh","ACTIVE","22000","11000","11000","22000","0","22000","22000","0","22000","22000","0","22000","22000","0","22000","22000","0","22000","132000","11000","121000","PARTIAL","CALL IMMEDIATELY (DUE: ₹121000)"
"BRDP20260612","Meena Singh","Rohan Singh","9826683197","BCA","2026-2029","1","Lucknow, Uttar Pradesh","ACTIVE","20000","20000","0","20000","0","20000","20000","0","20000","20000","0","20000","20000","0","20000","20000","0","20000","120000","20000","100000","PARTIAL","CALL IMMEDIATELY (DUE: ₹100000)"
"BRDP20260613","Deepa Saini","Priya Saini","9394863955","BBA","2026-2029","1","Lucknow, Uttar Pradesh","ACTIVE","22000","22000","0","22000","0","22000","22000","0","22000","22000","0","22000","22000","0","22000","22000","0","22000","132000","22000","110000","PARTIAL","CALL IMMEDIATELY (DUE: ₹110000)"
"BRDP20260614","Laxmi Kashyap","Deepak Kashyap","9765906537","MCA","2026-2029","1","Misrikh, Uttar Pradesh","ACTIVE","30000","15500","14500","30000","0","30000","30000","0","30000","30000","0","30000","30000","0","30000","30000","0","30000","180000","15500","164500","PARTIAL","CALL IMMEDIATELY (DUE: ₹164500)"
"BRDP20240615","Seema Dwivedi","Satish Dwivedi","9498336187","B.Sc","2024-2027","3","Laharpur, Uttar Pradesh","ACTIVE","5000","5000","0","5000","5000","0","5000","5000","0","5000","0","5000","5000","0","5000","5000","0","5000","30000","15000","15000","PARTIAL","CALL IMMEDIATELY (DUE: ₹15000)"
"BRDP20260616","Pooja Devi","Saumya Devi","9410265941","B.Tech CSE","2026-2029","1","Sidhauli, Uttar Pradesh","ACTIVE","25000","18000","7000","25000","0","25000","25000","0","25000","25000","0","25000","25000","0","25000","25000","0","25000","150000","18000","132000","PARTIAL","CALL IMMEDIATELY (DUE: ₹132000)"
"BRDP20230617","Ashish Mishra","Pooja Mishra","9491334484","MCA","2023-2026","5","Khairabad, Uttar Pradesh","ACTIVE","30000","30000","0","30000","30000","0","30000","30000","0","30000","30000","0","30000","30000","0","30000","0","30000","180000","150000","30000","PARTIAL","CALL IMMEDIATELY (DUE: ₹30000)"
"BRDP20240618","Abhishek Singh","Suman Singh","9205677730","B.Tech CSE","2024-2027","3","Mohali, Uttar Pradesh","ACTIVE","25000","25000","0","25000","25000","0","25000","25000","0","25000","0","25000","25000","0","25000","25000","0","25000","150000","75000","75000","PARTIAL","CALL IMMEDIATELY (DUE: ₹75000)"
"BRDP20260619","Rajesh Yadav","Saumya Yadav","9322796400","BA","2026-2029","1","Patna, Uttar Pradesh","ACTIVE","3000","1000","2000","3000","0","3000","3000","0","3000","3000","0","3000","3000","0","3000","3000","0","3000","18000","1000","17000","PARTIAL","CALL IMMEDIATELY (DUE: ₹17000)"
"BRDP20230620","Rekha Kumar","Sunil Kumar","9739307003","B.Tech CSE","2023-2026","5","Sidhauli, Uttar Pradesh","ACTIVE","25000","25000","0","25000","25000","0","25000","25000","0","25000","25000","0","25000","25000","0","25000","0","25000","150000","125000","25000","PARTIAL","CALL IMMEDIATELY (DUE: ₹25000)"
"BRDP20250621","Rajesh Kumar","Deepa Kumar","9915316336","BCA","2025-2028","2","Maholi, Uttar Pradesh","ACTIVE","20000","20000","0","20000","6000","14000","20000","0","20000","20000","0","20000","20000","0","20000","20000","0","20000","120000","26000","94000","PARTIAL","CALL IMMEDIATELY (DUE: ₹94000)"
"BRDP20240622","Rajesh Gautam","Amit Gautam","9873383543","B.Tech CSE","2024-2027","3","Hargaon, Uttar Pradesh","ACTIVE","25000","25000","0","25000","25000","0","25000","9500","15500","25000","0","25000","25000","0","25000","25000","0","25000","150000","59500","90500","PARTIAL","CALL IMMEDIATELY (DUE: ₹90500)"
"BRDP20250623","Yashee Rathour","Ravi Rathour","9840949117","B.Sc","2025-2028","2","Lakhimpur Kheri, Uttar Pradesh","ACTIVE","5000","5000","0","5000","0","5000","5000","0","5000","5000","0","5000","5000","0","5000","5000","0","5000","30000","5000","25000","PARTIAL","CALL IMMEDIATELY (DUE: ₹25000)"
"BRDP20240624","Sonika Khan","Ankul Khan","9279459938","B.Tech CSE","2024-2027","3","Laharpur, Uttar Pradesh","ACTIVE","25000","25000","0","25000","25000","0","25000","25000","0","25000","0","25000","25000","0","25000","25000","0","25000","150000","75000","75000","PARTIAL","CALL IMMEDIATELY (DUE: ₹75000)"
"BRDP20260625","Rajesh Agrahari","Shivani Agrahari","9286209200","BCA","2026-2029","1","Patna, Uttar Pradesh","ACTIVE","20000","0","20000","20000","0","20000","20000","0","20000","20000","0","20000","20000","0","20000","20000","0","20000","120000","0","120000","PENDING","CALL IMMEDIATELY (DUE: ₹120000)"
"BRDP20250626","Roshani Kanaujiya","Divyanshi Kanaujiya","9102829530","MCA","2025-2028","2","Sidhauli, Uttar Pradesh","ACTIVE","30000","30000","0","30000","22000","8000","30000","0","30000","30000","0","30000","30000","0","30000","30000","0","30000","180000","52000","128000","PARTIAL","CALL IMMEDIATELY (DUE: ₹128000)"
"BRDP20230627","Aarti Giri","Ajay Giri","9337689079","MCA","2023-2026","5","Kanpur, Uttar Pradesh","ACTIVE","30000","30000","0","30000","30000","0","30000","30000","0","30000","30000","0","30000","0","30000","30000","0","30000","180000","120000","60000","PARTIAL","CALL IMMEDIATELY (DUE: ₹60000)"
"BRDP20240628","Seema Dwivedi","Sarita Dwivedi","9509768212","B.Tech CSE","2024-2027","3","Khairabad, Uttar Pradesh","ACTIVE","25000","25000","0","25000","25000","0","25000","13000","12000","25000","0","25000","25000","0","25000","25000","0","25000","150000","63000","87000","PARTIAL","CALL IMMEDIATELY (DUE: ₹87000)"
"BRDP20240629","Deepa Kanaujiya","Diwakar Kanaujiya","9806086126","BA","2024-2027","3","Patna, Uttar Pradesh","ACTIVE","3000","3000","0","3000","3000","0","3000","2500","500","3000","0","3000","3000","0","3000","3000","0","3000","18000","8500","9500","PARTIAL","CALL IMMEDIATELY (DUE: ₹9500)"
"BRDP20230630","Usha Kanaujiya","Aarav Kanaujiya","9489788326","MCA","2023-2026","5","Sidhauli, Uttar Pradesh","ACTIVE","30000","30000","0","30000","30000","0","30000","30000","0","30000","30000","0","30000","10500","19500","30000","0","30000","180000","130500","49500","PARTIAL","CALL IMMEDIATELY (DUE: ₹49500)"
"BRDP20240631","Vinod Dubey","Sarita Dubey","9307996185","MCA","2024-2027","3","Sidhauli, Uttar Pradesh","DELETED","30000","30000","0","30000","30000","0","30000","15000","15000","30000","0","30000","30000","0","30000","30000","0","30000","180000","75000","105000","PARTIAL","CALL IMMEDIATELY (DUE: ₹105000)"
"BRDP20230632","Sunil Kanaujiya","Rashi Kanaujiya","9151863576","B.Tech CSE","2023-2026","5","Maholi, Uttar Pradesh","ACTIVE","25000","25000","0","25000","25000","0","25000","25000","0","25000","25000","0","25000","18500","6500","25000","0","25000","150000","118500","31500","PARTIAL","CALL IMMEDIATELY (DUE: ₹31500)"
"BRDP20230633","Subhendu Prajapati","Laxmi Prajapati","9957258832","MCA","2023-2026","5","Misrikh, Uttar Pradesh","ACTIVE","30000","30000","0","30000","30000","0","30000","30000","0","30000","30000","0","30000","0","30000","30000","0","30000","180000","120000","60000","PARTIAL","CALL IMMEDIATELY (DUE: ₹60000)"
"BRDP20240634","Nainsi Dubey","Vinay Dubey","9879918234","BCA","2024-2027","3","Biswan, Uttar Pradesh","ACTIVE","20000","20000","0","20000","20000","0","20000","20000","0","20000","0","20000","20000","0","20000","20000","0","20000","120000","60000","60000","PARTIAL","CALL IMMEDIATELY (DUE: ₹60000)"
"BRDP20260635","Roshani Srivastava","Pankaj Srivastava","9867490198","BA","2026-2029","1","Biswan, Uttar Pradesh","DELETED","3000","1500","1500","3000","0","3000","3000","0","3000","3000","0","3000","3000","0","3000","3000","0","3000","18000","1500","16500","PARTIAL","CALL IMMEDIATELY (DUE: ₹16500)"
"BRDP20250636","Yashee Saini","Shivani Saini","9134350627","B.Tech CSE","2025-2028","2","Sidhauli, Uttar Pradesh","ACTIVE","25000","25000","0","25000","12500","12500","25000","0","25000","25000","0","25000","25000","0","25000","25000","0","25000","150000","37500","112500","PARTIAL","CALL IMMEDIATELY (DUE: ₹112500)"
"BRDP20240637","Shivam Pal","Manish Pal","9195636887","BA","2024-2027","3","Sitapur, Uttar Pradesh","ACTIVE","3000","3000","0","3000","3000","0","3000","0","3000","3000","0","3000","3000","0","3000","3000","0","3000","18000","6000","12000","PARTIAL","CALL IMMEDIATELY (DUE: ₹12000)"
"BRDP20260638","Saurabh Mishra","Pooja Mishra","9597495185","BCA","2026-2029","1","Biswan, Uttar Pradesh","ACTIVE","20000","7000","13000","20000","0","20000","20000","0","20000","20000","0","20000","20000","0","20000","20000","0","20000","120000","7000","113000","PARTIAL","CALL IMMEDIATELY (DUE: ₹113000)"
"BRDP20240639","Dharmendra Shukla","Shivam Shukla","9213650728","BBA","2024-2027","3","Mohali, Uttar Pradesh","ACTIVE","22000","22000","0","22000","22000","0","22000","0","22000","22000","0","22000","22000","0","22000","22000","0","22000","132000","44000","88000","PARTIAL","CALL IMMEDIATELY (DUE: ₹88000)"
"BRDP20240640","Anamika Srivastava","Sarita Srivastava","9650603135","MCA","2024-2027","3","Mohali, Uttar Pradesh","ACTIVE","30000","30000","0","30000","30000","0","30000","17500","12500","30000","0","30000","30000","0","30000","30000","0","30000","180000","77500","102500","PARTIAL","CALL IMMEDIATELY (DUE: ₹102500)"
"BRDP20240641","Vishal Sharma","Saumya Sharma","9174694259","B.Tech CSE","2024-2027","3","Sitapur Sadar, Uttar Pradesh","ACTIVE","25000","25000","0","25000","25000","0","25000","25000","0","25000","0","25000","25000","0","25000","25000","0","25000","150000","75000","75000","PARTIAL","CALL IMMEDIATELY (DUE: ₹75000)"
"BRDP20260642","Neha Srivastava","Saumya Srivastava","9738279736","B.Sc","2026-2029","1","Laharpur, Uttar Pradesh","ACTIVE","5000","5000","0","5000","0","5000","5000","0","5000","5000","0","5000","5000","0","5000","5000","0","5000","30000","5000","25000","PARTIAL","CALL IMMEDIATELY (DUE: ₹25000)"
"BRDP20250643","Sandeep Devi","Ankul Devi","9920251491","B.Sc","2025-2028","2","Patna, Uttar Pradesh","ACTIVE","5000","5000","0","5000","2500","2500","5000","0","5000","5000","0","5000","5000","0","5000","5000","0","5000","30000","7500","22500","PARTIAL","CALL IMMEDIATELY (DUE: ₹22500)"
"BRDP20250644","Sonika Agrahari","Priya Agrahari","9498153546","MCA","2025-2028","2","Kanpur, Uttar Pradesh","ACTIVE","30000","30000","0","30000","9500","20500","30000","0","30000","30000","0","30000","30000","0","30000","30000","0","30000","180000","39500","140500","PARTIAL","CALL IMMEDIATELY (DUE: ₹140500)"
"BRDP20260645","Seema Kanaujiya","Shivam Kanaujiya","9387081100","B.Sc","2026-2029","1","Lucknow, Uttar Pradesh","ACTIVE","5000","3500","1500","5000","0","5000","5000","0","5000","5000","0","5000","5000","0","5000","5000","0","5000","30000","3500","26500","PARTIAL","CALL IMMEDIATELY (DUE: ₹26500)"
"BRDP20260646","Gudiya Rathour","Adarsh Rathour","9504047570","BBA","2026-2029","1","Kanpur, Uttar Pradesh","ACTIVE","22000","14500","7500","22000","0","22000","22000","0","22000","22000","0","22000","22000","0","22000","22000","0","22000","132000","14500","117500","PARTIAL","CALL IMMEDIATELY (DUE: ₹117500)"
"BRDP20260647","Raj Dubey","Ayush Dubey","9398964345","BA","2026-2029","1","Maholi, Uttar Pradesh","ACTIVE","3000","0","3000","3000","0","3000","3000","0","3000","3000","0","3000","3000","0","3000","3000","0","3000","18000","0","18000","PENDING","CALL IMMEDIATELY (DUE: ₹18000)"
"BRDP20260648","Priya Rajpoot","Dharmendra Rajpoot","9647205660","BA","2026-2029","1","Lakhimpur Kheri, Uttar Pradesh","ACTIVE","3000","0","3000","3000","0","3000","3000","0","3000","3000","0","3000","3000","0","3000","3000","0","3000","18000","0","18000","PENDING","CALL IMMEDIATELY (DUE: ₹18000)"
"BRDP20230649","Roshani Giri","Sandeep Giri","9465620690","B.Tech CSE","2023-2026","5","Sitapur Sadar, Uttar Pradesh","ACTIVE","25000","25000","0","25000","25000","0","25000","25000","0","25000","25000","0","25000","18500","6500","25000","0","25000","150000","118500","31500","PARTIAL","CALL IMMEDIATELY (DUE: ₹31500)"
"BRDP20250650","Saumya Yadav","Sonika Yadav","9657587453","B.Tech CSE","2025-2028","2","Maholi, Uttar Pradesh","ACTIVE","25000","25000","0","25000","14500","10500","25000","0","25000","25000","0","25000","25000","0","25000","25000","0","25000","150000","39500","110500","PARTIAL","CALL IMMEDIATELY (DUE: ₹110500)"
"BRDP20250651","Ankul Yadav","Vikas Yadav","9873714826","B.Tech CSE","2025-2028","2","Hargaon, Uttar Pradesh","ACTIVE","25000","25000","0","25000","7500","17500","25000","0","25000","25000","0","25000","25000","0","25000","25000","0","25000","150000","32500","117500","PARTIAL","CALL IMMEDIATELY (DUE: ₹117500)"
"BRDP20240652","Suresh Mishra","Dibya Mishra","9396194295","BBA","2024-2027","3","Sitapur, Uttar Pradesh","ACTIVE","22000","22000","0","22000","22000","0","22000","10500","11500","22000","0","22000","22000","0","22000","22000","0","22000","132000","54500","77500","PARTIAL","CALL IMMEDIATELY (DUE: ₹77500)"
"BRDP20250653","Saurabh Gupta","Rekha Gupta","9805219714","BCA","2025-2028","2","Mohali, Uttar Pradesh","ACTIVE","20000","20000","0","20000","12500","7500","20000","0","20000","20000","0","20000","20000","0","20000","20000","0","20000","120000","32500","87500","PARTIAL","CALL IMMEDIATELY (DUE: ₹87500)"
"BRDP20250654","Sunil Rajpoot","Ajay Rajpoot","9388158636","BBA","2025-2028","2","Sitapur, Uttar Pradesh","DELETED","22000","22000","0","22000","22000","0","22000","0","22000","22000","0","22000","22000","0","22000","22000","0","22000","132000","44000","88000","PARTIAL","CALL IMMEDIATELY (DUE: ₹88000)"
"BRDP20260655","Deepak Singh","Anjali Singh","9574352026","B.Sc","2026-2029","1","Patna, Uttar Pradesh","ACTIVE","5000","5000","0","5000","0","5000","5000","0","5000","5000","0","5000","5000","0","5000","5000","0","5000","30000","5000","25000","PARTIAL","CALL IMMEDIATELY (DUE: ₹25000)"
"BRDP20250656","Rashi Gautam","Geeta Gautam","9521808592","BBA","2025-2028","2","Sitapur, Uttar Pradesh","ACTIVE","22000","22000","0","22000","0","22000","22000","0","22000","22000","0","22000","22000","0","22000","22000","0","22000","132000","22000","110000","PARTIAL","CALL IMMEDIATELY (DUE: ₹110000)"
"BRDP20230657","Sunil Devi","Sunil Devi","9395211773","BCA","2023-2026","5","Sitapur Sadar, Uttar Pradesh","ACTIVE","20000","20000","0","20000","20000","0","20000","20000","0","20000","20000","0","20000","11500","8500","20000","0","20000","120000","91500","28500","PARTIAL","CALL IMMEDIATELY (DUE: ₹28500)"
"BRDP20240658","Pinku Tripathi","Pooja Tripathi","9320887539","BCA","2024-2027","3","Hargaon, Uttar Pradesh","ACTIVE","20000","20000","0","20000","20000","0","20000","12500","7500","20000","0","20000","20000","0","20000","20000","0","20000","120000","52500","67500","PARTIAL","CALL IMMEDIATELY (DUE: ₹67500)"
"BRDP20260659","Subhendu Tiwari","Rahul Tiwari","9189582744","BCA","2026-2029","1","Lucknow, Uttar Pradesh","ACTIVE","20000","20000","0","20000","0","20000","20000","0","20000","20000","0","20000","20000","0","20000","20000","0","20000","120000","20000","100000","PARTIAL","CALL IMMEDIATELY (DUE: ₹100000)"
"BRDP20260660","Seema Prajapati","Anamika Prajapati","9588987426","BCA","2026-2029","1","Misrikh, Uttar Pradesh","ACTIVE","20000","20000","0","20000","0","20000","20000","0","20000","20000","0","20000","20000","0","20000","20000","0","20000","120000","20000","100000","PARTIAL","CALL IMMEDIATELY (DUE: ₹100000)"
"BRDP20260661","Alok Maurya","Seema Maurya","9871821069","BBA","2026-2029","1","Khairabad, Uttar Pradesh","ACTIVE","22000","22000","0","22000","0","22000","22000","0","22000","22000","0","22000","22000","0","22000","22000","0","22000","132000","22000","110000","PARTIAL","CALL IMMEDIATELY (DUE: ₹110000)"
"BRDP20260662","Kavita Jaiswal","Ayush Jaiswal","9842650818","B.Sc","2026-2029","1","Lucknow, Uttar Pradesh","ACTIVE","5000","2500","2500","5000","0","5000","5000","0","5000","5000","0","5000","5000","0","5000","5000","0","5000","30000","2500","27500","PARTIAL","CALL IMMEDIATELY (DUE: ₹27500)"
"BRDP20250663","Vinod Yadav","Pinku Yadav","9752086053","B.Tech CSE","2025-2028","2","Lakhimpur Kheri, Uttar Pradesh","ACTIVE","25000","25000","0","25000","0","25000","25000","0","25000","25000","0","25000","25000","0","25000","25000","0","25000","150000","25000","125000","PARTIAL","CALL IMMEDIATELY (DUE: ₹125000)"
"BRDP20240664","Raj Paswan","Raj Paswan","9223053171","BBA","2024-2027","3","Patna, Uttar Pradesh","ACTIVE","22000","22000","0","22000","22000","0","22000","17000","5000","22000","0","22000","22000","0","22000","22000","0","22000","132000","61000","71000","PARTIAL","CALL IMMEDIATELY (DUE: ₹71000)"
"BRDP20240665","Deepika Tiwari","Pooja Tiwari","9483986301","B.Tech CSE","2024-2027","3","Sitapur Sadar, Uttar Pradesh","ACTIVE","25000","25000","0","25000","25000","0","25000","11500","13500","25000","0","25000","25000","0","25000","25000","0","25000","150000","61500","88500","PARTIAL","CALL IMMEDIATELY (DUE: ₹88500)"
"BRDP20260666","Pinku Shukla","Rekha Shukla","9137613968","BCA","2026-2029","1","Mohali, Uttar Pradesh","ACTIVE","20000","0","20000","20000","0","20000","20000","0","20000","20000","0","20000","20000","0","20000","20000","0","20000","120000","0","120000","PENDING","CALL IMMEDIATELY (DUE: ₹120000)"
"BRDP20260667","Vinay Dubey","Pushpendra Dubey","9483161116","MCA","2026-2029","1","Patna, Uttar Pradesh","ACTIVE","30000","12500","17500","30000","0","30000","30000","0","30000","30000","0","30000","30000","0","30000","30000","0","30000","180000","12500","167500","PARTIAL","CALL IMMEDIATELY (DUE: ₹167500)"
"BRDP20260668","Abhishek Prajapati","Nainsi Prajapati","9530246882","B.Sc","2026-2029","1","Biswan, Uttar Pradesh","ACTIVE","5000","2500","2500","5000","0","5000","5000","0","5000","5000","0","5000","5000","0","5000","5000","0","5000","30000","2500","27500","PARTIAL","CALL IMMEDIATELY (DUE: ₹27500)"
"BRDP20260669","Sani Agrahari","Abhishek Agrahari","9469306661","BA","2026-2029","1","Biswan, Uttar Pradesh","ACTIVE","3000","3000","0","3000","0","3000","3000","0","3000","3000","0","3000","3000","0","3000","3000","0","3000","18000","3000","15000","PARTIAL","CALL IMMEDIATELY (DUE: ₹15000)"
"BRDP20240670","Diwakar Shukla","Nainsi Shukla","9291559114","BA","2024-2027","3","Sitapur Sadar, Uttar Pradesh","ACTIVE","3000","3000","0","3000","3000","0","3000","3000","0","3000","0","3000","3000","0","3000","3000","0","3000","18000","9000","9000","PARTIAL","CALL IMMEDIATELY (DUE: ₹9000)"
"BRDP20250671","Ananya Srivastava","Shivangi Srivastava","9870822488","BA","2025-2028","2","Biswan, Uttar Pradesh","ACTIVE","3000","3000","0","3000","0","3000","3000","0","3000","3000","0","3000","3000","0","3000","3000","0","3000","18000","3000","15000","PARTIAL","CALL IMMEDIATELY (DUE: ₹15000)"
"BRDP20230672","Mahek Pandey","Manish Pandey","9232798569","BCA","2023-2026","5","Khairabad, Uttar Pradesh","ACTIVE","20000","20000","0","20000","20000","0","20000","20000","0","20000","20000","0","20000","20000","0","20000","0","20000","120000","100000","20000","PARTIAL","CALL IMMEDIATELY (DUE: ₹20000)"
"BRDP20260673","Ankul Prajapati","Raj Prajapati","9423445794","MCA","2026-2029","1","Kanpur, Uttar Pradesh","ACTIVE","30000","30000","0","30000","0","30000","30000","0","30000","30000","0","30000","30000","0","30000","30000","0","30000","180000","30000","150000","PARTIAL","CALL IMMEDIATELY (DUE: ₹150000)"
"BRDP20240674","Sunil Chaurasiya","Priya Chaurasiya","9785706866","BBA","2024-2027","3","Khairabad, Uttar Pradesh","ACTIVE","22000","22000","0","22000","22000","0","22000","0","22000","22000","0","22000","22000","0","22000","22000","0","22000","132000","44000","88000","PARTIAL","CALL IMMEDIATELY (DUE: ₹88000)"
"BRDP20250675","Pinku Maurya","Neha Maurya","9302432712","B.Sc","2025-2028","2","Lakhimpur Kheri, Uttar Pradesh","ACTIVE","5000","5000","0","5000","3000","2000","5000","0","5000","5000","0","5000","5000","0","5000","5000","0","5000","30000","8000","22000","PARTIAL","CALL IMMEDIATELY (DUE: ₹22000)"
"BRDP20260676","Mahek Rathour","Rajesh Rathour","9961979363","BBA","2026-2029","1","Hargaon, Uttar Pradesh","ACTIVE","22000","8000","14000","22000","0","22000","22000","0","22000","22000","0","22000","22000","0","22000","22000","0","22000","132000","8000","124000","PARTIAL","CALL IMMEDIATELY (DUE: ₹124000)"
"BRDP20250677","Sarita Agrahari","Ritu Agrahari","9492821863","BBA","2025-2028","2","Misrikh, Uttar Pradesh","ACTIVE","22000","22000","0","22000","15500","6500","22000","0","22000","22000","0","22000","22000","0","22000","22000","0","22000","132000","37500","94500","PARTIAL","CALL IMMEDIATELY (DUE: ₹94500)"
"BRDP20250678","Sandeep Singh","Pushpendra Singh","9633827553","B.Sc","2025-2028","2","Sidhauli, Uttar Pradesh","ACTIVE","5000","5000","0","5000","0","5000","5000","0","5000","5000","0","5000","5000","0","5000","5000","0","5000","30000","5000","25000","PARTIAL","CALL IMMEDIATELY (DUE: ₹25000)"
"BRDP20240679","Anamika Devi","Kavita Devi","9106647176","B.Sc","2024-2027","3","Misrikh, Uttar Pradesh","ACTIVE","5000","5000","0","5000","5000","0","5000","0","5000","5000","0","5000","5000","0","5000","5000","0","5000","30000","10000","20000","PARTIAL","CALL IMMEDIATELY (DUE: ₹20000)"
"BRDP20230680","Raj Chaurasiya","Neha Chaurasiya","9864294334","BCA","2023-2026","5","Lakhimpur Kheri, Uttar Pradesh","ACTIVE","20000","20000","0","20000","20000","0","20000","20000","0","20000","20000","0","20000","20000","0","20000","0","20000","120000","100000","20000","PARTIAL","CALL IMMEDIATELY (DUE: ₹20000)"
"BRDP20250681","Pooja Dwivedi","Rahul Dwivedi","9581690181","BBA","2025-2028","2","Sitapur, Uttar Pradesh","ACTIVE","22000","22000","0","22000","17000","5000","22000","0","22000","22000","0","22000","22000","0","22000","22000","0","22000","132000","39000","93000","PARTIAL","CALL IMMEDIATELY (DUE: ₹93000)"
"BRDP20240682","Kavita Tiwari","Aarav Tiwari","9295067552","BA","2024-2027","3","Kanpur, Uttar Pradesh","ACTIVE","3000","3000","0","3000","3000","0","3000","3000","0","3000","0","3000","3000","0","3000","3000","0","3000","18000","9000","9000","PARTIAL","CALL IMMEDIATELY (DUE: ₹9000)"
"BRDP20230683","Abhishek Rathour","Satish Rathour","9565700335","BA","2023-2026","5","Patna, Uttar Pradesh","ACTIVE","3000","3000","0","3000","3000","0","3000","3000","0","3000","3000","0","3000","0","3000","3000","0","3000","18000","12000","6000","PARTIAL","CALL IMMEDIATELY (DUE: ₹6000)"
"BRDP20230684","Mahek Rathour","Yashee Rathour","9339198244","BCA","2023-2026","5","Mohali, Uttar Pradesh","ACTIVE","20000","20000","0","20000","20000","0","20000","20000","0","20000","20000","0","20000","10000","10000","20000","0","20000","120000","90000","30000","PARTIAL","CALL IMMEDIATELY (DUE: ₹30000)"
"BRDP20260685","Priya Rathour","Alok Rathour","9147988596","MCA","2026-2029","1","Lucknow, Uttar Pradesh","ACTIVE","30000","0","30000","30000","0","30000","30000","0","30000","30000","0","30000","30000","0","30000","30000","0","30000","180000","0","180000","PENDING","CALL IMMEDIATELY (DUE: ₹180000)"
"BRDP20260686","Pooja Giri","Ajay Giri","9348740959","BCA","2026-2029","1","Biswan, Uttar Pradesh","ACTIVE","20000","20000","0","20000","0","20000","20000","0","20000","20000","0","20000","20000","0","20000","20000","0","20000","120000","20000","100000","PARTIAL","CALL IMMEDIATELY (DUE: ₹100000)"
"BRDP20260687","Vivek Rajpoot","Subhendu Rajpoot","9324401367","B.Tech CSE","2026-2029","1","Mohali, Uttar Pradesh","ACTIVE","25000","12000","13000","25000","0","25000","25000","0","25000","25000","0","25000","25000","0","25000","25000","0","25000","150000","12000","138000","PARTIAL","CALL IMMEDIATELY (DUE: ₹138000)"
"BRDP20240688","Vishal Saini","Ananya Saini","9914933407","B.Sc","2024-2027","3","Khairabad, Uttar Pradesh","ACTIVE","5000","5000","0","5000","5000","0","5000","5000","0","5000","0","5000","5000","0","5000","5000","0","5000","30000","15000","15000","PARTIAL","CALL IMMEDIATELY (DUE: ₹15000)"
"BRDP20250689","Vinay Verma","Roshani Verma","9703363173","B.Sc","2025-2028","2","Maholi, Uttar Pradesh","ACTIVE","5000","5000","0","5000","5000","0","5000","0","5000","5000","0","5000","5000","0","5000","5000","0","5000","30000","10000","20000","PARTIAL","CALL IMMEDIATELY (DUE: ₹20000)"
"BRDP20230690","Satish Paswan","Yashee Paswan","9928638212","BA","2023-2026","5","Khairabad, Uttar Pradesh","ACTIVE","3000","3000","0","3000","3000","0","3000","3000","0","3000","3000","0","3000","2000","1000","3000","0","3000","18000","14000","4000","PARTIAL","CALL IMMEDIATELY (DUE: ₹4000)"
"BRDP20260691","Sonu Gupta","Suresh Gupta","9704495314","MCA","2026-2029","1","Hargaon, Uttar Pradesh","ACTIVE","30000","30000","0","30000","0","30000","30000","0","30000","30000","0","30000","30000","0","30000","30000","0","30000","180000","30000","150000","PARTIAL","CALL IMMEDIATELY (DUE: ₹150000)"
"BRDP20250692","Saumya Giri","Vijay Giri","9320778147","BBA","2025-2028","2","Lucknow, Uttar Pradesh","ACTIVE","22000","22000","0","22000","22000","0","22000","0","22000","22000","0","22000","22000","0","22000","22000","0","22000","132000","44000","88000","PARTIAL","CALL IMMEDIATELY (DUE: ₹88000)"
"BRDP20260693","Vikas Chaurasiya","Prateek Chaurasiya","9468392430","BBA","2026-2029","1","Biswan, Uttar Pradesh","ACTIVE","22000","22000","0","22000","0","22000","22000","0","22000","22000","0","22000","22000","0","22000","22000","0","22000","132000","22000","110000","PARTIAL","CALL IMMEDIATELY (DUE: ₹110000)"
"BRDP20250694","Sunita Singh","Deepak Singh","9354685576","BCA","2025-2028","2","Kanpur, Uttar Pradesh","ACTIVE","20000","20000","0","20000","0","20000","20000","0","20000","20000","0","20000","20000","0","20000","20000","0","20000","120000","20000","100000","PARTIAL","CALL IMMEDIATELY (DUE: ₹100000)"
"BRDP20240695","Adarsh Prajapati","Sangita Prajapati","9211134287","BBA","2024-2027","3","Lucknow, Uttar Pradesh","ACTIVE","22000","22000","0","22000","22000","0","22000","9500","12500","22000","0","22000","22000","0","22000","22000","0","22000","132000","53500","78500","PARTIAL","CALL IMMEDIATELY (DUE: ₹78500)"
"BRDP20240696","Deepa Mishra","Vikas Mishra","9864254671","BCA","2024-2027","3","Khairabad, Uttar Pradesh","ACTIVE","20000","20000","0","20000","20000","0","20000","7000","13000","20000","0","20000","20000","0","20000","20000","0","20000","120000","47000","73000","PARTIAL","CALL IMMEDIATELY (DUE: ₹73000)"
"BRDP20250697","Sani Dwivedi","Abhishek Dwivedi","9917570672","B.Tech CSE","2025-2028","2","Hargaon, Uttar Pradesh","DELETED","25000","25000","0","25000","0","25000","25000","0","25000","25000","0","25000","25000","0","25000","25000","0","25000","150000","25000","125000","PARTIAL","CALL IMMEDIATELY (DUE: ₹125000)"
"BRDP20240698","Sarita Yadav","Kamlesh Yadav","9129909650","BCA","2024-2027","3","Khairabad, Uttar Pradesh","ACTIVE","20000","20000","0","20000","20000","0","20000","0","20000","20000","0","20000","20000","0","20000","20000","0","20000","120000","40000","80000","PARTIAL","CALL IMMEDIATELY (DUE: ₹80000)"
"BRDP20260699","Raj Tiwari","Deepak Tiwari","9490165494","BCA","2026-2029","1","Misrikh, Uttar Pradesh","ACTIVE","20000","10000","10000","20000","0","20000","20000","0","20000","20000","0","20000","20000","0","20000","20000","0","20000","120000","10000","110000","PARTIAL","CALL IMMEDIATELY (DUE: ₹110000)"
"BRDP20230700","Suresh Maurya","Diwakar Maurya","9674113022","MCA","2023-2026","5","Khairabad, Uttar Pradesh","ACTIVE","30000","30000","0","30000","30000","0","30000","30000","0","30000","30000","0","30000","30000","0","30000","0","30000","180000","150000","30000","PARTIAL","CALL IMMEDIATELY (DUE: ₹30000)"
"BRDP20250701","Sunita Singh","Ashutosh Singh","9222338033","B.Tech CSE","2025-2028","2","Khairabad, Uttar Pradesh","ACTIVE","25000","25000","0","25000","0","25000","25000","0","25000","25000","0","25000","25000","0","25000","25000","0","25000","150000","25000","125000","PARTIAL","CALL IMMEDIATELY (DUE: ₹125000)"
"BRDP20230702","Sarita Saini","Rekha Saini","9768354367","MCA","2023-2026","5","Lucknow, Uttar Pradesh","ACTIVE","30000","30000","0","30000","30000","0","30000","30000","0","30000","30000","0","30000","19500","10500","30000","0","30000","180000","139500","40500","PARTIAL","CALL IMMEDIATELY (DUE: ₹40500)"
"BRDP20230703","Ravi Kanaujiya","Pooja Kanaujiya","9955488818","B.Sc","2023-2026","5","Sitapur Sadar, Uttar Pradesh","DELETED","5000","5000","0","5000","5000","0","5000","5000","0","5000","5000","0","5000","3500","1500","5000","0","5000","30000","23500","6500","PARTIAL","CALL IMMEDIATELY (DUE: ₹6500)"
"BRDP20240704","Ajay Jaiswal","Rekha Jaiswal","9969851518","B.Sc","2024-2027","3","Sidhauli, Uttar Pradesh","ACTIVE","5000","5000","0","5000","5000","0","5000","5000","0","5000","0","5000","5000","0","5000","5000","0","5000","30000","15000","15000","PARTIAL","CALL IMMEDIATELY (DUE: ₹15000)"
"BRDP20260705","Ashutosh Maurya","Saumya Maurya","9968890923","B.Sc","2026-2029","1","Biswan, Uttar Pradesh","ACTIVE","5000","3500","1500","5000","0","5000","5000","0","5000","5000","0","5000","5000","0","5000","5000","0","5000","30000","3500","26500","PARTIAL","CALL IMMEDIATELY (DUE: ₹26500)"
"BRDP20230706","Ritu Tripathi","Usha Tripathi","9316369925","MCA","2023-2026","5","Laharpur, Uttar Pradesh","ACTIVE","30000","30000","0","30000","30000","0","30000","30000","0","30000","30000","0","30000","30000","0","30000","0","30000","180000","150000","30000","PARTIAL","CALL IMMEDIATELY (DUE: ₹30000)"
"BRDP20240707","Rahul Agrahari","Suresh Agrahari","9666822419","B.Sc","2024-2027","3","Lakhimpur Kheri, Uttar Pradesh","ACTIVE","5000","5000","0","5000","5000","0","5000","5000","0","5000","0","5000","5000","0","5000","5000","0","5000","30000","15000","15000","PARTIAL","CALL IMMEDIATELY (DUE: ₹15000)"
"BRDP20230708","Shivangi Tripathi","Sani Tripathi","9266055207","BA","2023-2026","5","Maholi, Uttar Pradesh","ACTIVE","3000","3000","0","3000","3000","0","3000","3000","0","3000","3000","0","3000","3000","0","3000","0","3000","18000","15000","3000","PARTIAL","CALL IMMEDIATELY (DUE: ₹3000)"
"BRDP20230709","Asha Jaiswal","Aditya Jaiswal","9696379148","BA","2023-2026","5","Kanpur, Uttar Pradesh","ACTIVE","3000","3000","0","3000","3000","0","3000","3000","0","3000","3000","0","3000","3000","0","3000","0","3000","18000","15000","3000","PARTIAL","CALL IMMEDIATELY (DUE: ₹3000)"
"BRDP20260710","Nainsi Paswan","Yashee Paswan","9604430020","MCA","2026-2029","1","Hargaon, Uttar Pradesh","ACTIVE","30000","30000","0","30000","0","30000","30000","0","30000","30000","0","30000","30000","0","30000","30000","0","30000","180000","30000","150000","PARTIAL","CALL IMMEDIATELY (DUE: ₹150000)"
"BRDP20230711","Anita Devi","Seema Devi","9121769005","BBA","2023-2026","5","Patna, Uttar Pradesh","ACTIVE","22000","22000","0","22000","22000","0","22000","22000","0","22000","22000","0","22000","7500","14500","22000","0","22000","132000","95500","36500","PARTIAL","CALL IMMEDIATELY (DUE: ₹36500)"
"BRDP20240712","Aarya Prajapati","Dharmendra Prajapati","9873400477","BCA","2024-2027","3","Patna, Uttar Pradesh","ACTIVE","20000","20000","0","20000","20000","0","20000","0","20000","20000","0","20000","20000","0","20000","20000","0","20000","120000","40000","80000","PARTIAL","CALL IMMEDIATELY (DUE: ₹80000)"
"BRDP20230713","Ravi Paswan","Sarita Paswan","9779416720","BA","2023-2026","5","Kanpur, Uttar Pradesh","ACTIVE","3000","3000","0","3000","3000","0","3000","3000","0","3000","3000","0","3000","0","3000","3000","0","3000","18000","12000","6000","PARTIAL","CALL IMMEDIATELY (DUE: ₹6000)"
"BRDP20260714","Divanshi Agrahari","Sanjay Agrahari","9143822837","MCA","2026-2029","1","Maholi, Uttar Pradesh","ACTIVE","30000","30000","0","30000","0","30000","30000","0","30000","30000","0","30000","30000","0","30000","30000","0","30000","180000","30000","150000","PARTIAL","CALL IMMEDIATELY (DUE: ₹150000)"
"BRDP20260715","Rohan Yadav","Diwakar Yadav","9234525731","BBA","2026-2029","1","Hargaon, Uttar Pradesh","ACTIVE","22000","22000","0","22000","0","22000","22000","0","22000","22000","0","22000","22000","0","22000","22000","0","22000","132000","22000","110000","PARTIAL","CALL IMMEDIATELY (DUE: ₹110000)"
"BRDP20230716","Divyanshi Chaurasiya","Rashi Chaurasiya","9104598407","B.Sc","2023-2026","5","Khairabad, Uttar Pradesh","ACTIVE","5000","5000","0","5000","5000","0","5000","5000","0","5000","5000","0","5000","3000","2000","5000","0","5000","30000","23000","7000","PARTIAL","CALL IMMEDIATELY (DUE: ₹7000)"
"BRDP20250717","Neha Tripathi","Sunil Tripathi","9468786182","B.Tech CSE","2025-2028","2","Laharpur, Uttar Pradesh","ACTIVE","25000","25000","0","25000","25000","0","25000","0","25000","25000","0","25000","25000","0","25000","25000","0","25000","150000","50000","100000","PARTIAL","CALL IMMEDIATELY (DUE: ₹100000)"
"BRDP20230718","Sangita Khan","Ajay Khan","9403341263","BA","2023-2026","5","Lakhimpur Kheri, Uttar Pradesh","ACTIVE","3000","3000","0","3000","3000","0","3000","3000","0","3000","3000","0","3000","1000","2000","3000","0","3000","18000","13000","5000","PARTIAL","CALL IMMEDIATELY (DUE: ₹5000)"
"BRDP20250719","Avneesh Yadav","Ramesh Yadav","9566715201","MCA","2025-2028","2","Lakhimpur Kheri, Uttar Pradesh","ACTIVE","30000","30000","0","30000","23000","7000","30000","0","30000","30000","0","30000","30000","0","30000","30000","0","30000","180000","53000","127000","PARTIAL","CALL IMMEDIATELY (DUE: ₹127000)"
"BRDP20240720","Sangita Prajapati","Rekha Prajapati","9302040178","B.Tech CSE","2024-2027","3","Sidhauli, Uttar Pradesh","ACTIVE","25000","25000","0","25000","25000","0","25000","25000","0","25000","0","25000","25000","0","25000","25000","0","25000","150000","75000","75000","PARTIAL","CALL IMMEDIATELY (DUE: ₹75000)"
"BRDP20230721","Suresh Yadav","Ananya Yadav","9818424342","BBA","2023-2026","5","Laharpur, Uttar Pradesh","ACTIVE","22000","22000","0","22000","22000","0","22000","22000","0","22000","22000","0","22000","17500","4500","22000","0","22000","132000","105500","26500","PARTIAL","CALL IMMEDIATELY (DUE: ₹26500)"
"BRDP20230722","Divyanshi Srivastava","Ramesh Srivastava","9165654640","MCA","2023-2026","5","Sidhauli, Uttar Pradesh","ACTIVE","30000","30000","0","30000","30000","0","30000","30000","0","30000","30000","0","30000","0","30000","30000","0","30000","180000","120000","60000","PARTIAL","CALL IMMEDIATELY (DUE: ₹60000)"
"BRDP20260723","Nainsi Shukla","Pushpendra Shukla","9706661355","BBA","2026-2029","1","Misrikh, Uttar Pradesh","ACTIVE","22000","22000","0","22000","0","22000","22000","0","22000","22000","0","22000","22000","0","22000","22000","0","22000","132000","22000","110000","PARTIAL","CALL IMMEDIATELY (DUE: ₹110000)"
"BRDP20240724","Vinay Gupta","Satish Gupta","9730491501","BCA","2024-2027","3","Sitapur, Uttar Pradesh","ACTIVE","20000","20000","0","20000","20000","0","20000","6000","14000","20000","0","20000","20000","0","20000","20000","0","20000","120000","46000","74000","PARTIAL","CALL IMMEDIATELY (DUE: ₹74000)"
"BRDP20250725","Abhishek Devi","Rohan Devi","9486072744","BA","2025-2028","2","Mohali, Uttar Pradesh","ACTIVE","3000","3000","0","3000","1500","1500","3000","0","3000","3000","0","3000","3000","0","3000","3000","0","3000","18000","4500","13500","PARTIAL","CALL IMMEDIATELY (DUE: ₹13500)"
"BRDP20250726","Aarya Pandey","Suresh Pandey","9560950700","BBA","2025-2028","2","Kanpur, Uttar Pradesh","ACTIVE","22000","22000","0","22000","11000","11000","22000","0","22000","22000","0","22000","22000","0","22000","22000","0","22000","132000","33000","99000","PARTIAL","CALL IMMEDIATELY (DUE: ₹99000)"
"BRDP20260727","Diwakar Tripathi","Amit Tripathi","9176430065","BA","2026-2029","1","Sitapur Sadar, Uttar Pradesh","ACTIVE","3000","1500","1500","3000","0","3000","3000","0","3000","3000","0","3000","3000","0","3000","3000","0","3000","18000","1500","16500","PARTIAL","CALL IMMEDIATELY (DUE: ₹16500)"
"BRDP20260728","Ajay Shukla","Sandeep Shukla","9525361575","B.Tech CSE","2026-2029","1","Patna, Uttar Pradesh","ACTIVE","25000","25000","0","25000","0","25000","25000","0","25000","25000","0","25000","25000","0","25000","25000","0","25000","150000","25000","125000","PARTIAL","CALL IMMEDIATELY (DUE: ₹125000)"
"BRDP20250729","Anamika Rajpoot","Ajay Rajpoot","9676325917","MCA","2025-2028","2","Maholi, Uttar Pradesh","DELETED","30000","30000","0","30000","21500","8500","30000","0","30000","30000","0","30000","30000","0","30000","30000","0","30000","180000","51500","128500","PARTIAL","CALL IMMEDIATELY (DUE: ₹128500)"
"BRDP20230730","Manish Singh","Divyanshi Singh","9967123296","BA","2023-2026","5","Laharpur, Uttar Pradesh","ACTIVE","3000","3000","0","3000","3000","0","3000","3000","0","3000","3000","0","3000","2000","1000","3000","0","3000","18000","14000","4000","PARTIAL","CALL IMMEDIATELY (DUE: ₹4000)"
"BRDP20240731","Satish Pandey","Ashish Pandey","9346406570","B.Tech CSE","2024-2027","3","Biswan, Uttar Pradesh","ACTIVE","25000","25000","0","25000","25000","0","25000","18000","7000","25000","0","25000","25000","0","25000","25000","0","25000","150000","68000","82000","PARTIAL","CALL IMMEDIATELY (DUE: ₹82000)"
"BRDP20250732","Vikas Chaurasiya","Abhishek Chaurasiya","9229336055","BBA","2025-2028","2","Sidhauli, Uttar Pradesh","ACTIVE","22000","22000","0","22000","0","22000","22000","0","22000","22000","0","22000","22000","0","22000","22000","0","22000","132000","22000","110000","PARTIAL","CALL IMMEDIATELY (DUE: ₹110000)"
"BRDP20230733","Pinku Gautam","Pinku Gautam","9131166824","BBA","2023-2026","5","Hargaon, Uttar Pradesh","ACTIVE","22000","22000","0","22000","22000","0","22000","22000","0","22000","22000","0","22000","13000","9000","22000","0","22000","132000","101000","31000","PARTIAL","CALL IMMEDIATELY (DUE: ₹31000)"
"BRDP20230734","Deepa Tiwari","Saumya Tiwari","9702503217","B.Tech CSE","2023-2026","5","Khairabad, Uttar Pradesh","ACTIVE","25000","25000","0","25000","25000","0","25000","25000","0","25000","25000","0","25000","17000","8000","25000","0","25000","150000","117000","33000","PARTIAL","CALL IMMEDIATELY (DUE: ₹33000)"
"BRDP20240735","Deepa Maurya","Nainsi Maurya","9847493802","BCA","2024-2027","3","Sitapur Sadar, Uttar Pradesh","ACTIVE","20000","20000","0","20000","20000","0","20000","20000","0","20000","0","20000","20000","0","20000","20000","0","20000","120000","60000","60000","PARTIAL","CALL IMMEDIATELY (DUE: ₹60000)"
"BRDP20230736","Aarav Dwivedi","Priya Dwivedi","9212802807","BCA","2023-2026","5","Lucknow, Uttar Pradesh","ACTIVE","20000","20000","0","20000","20000","0","20000","20000","0","20000","20000","0","20000","12500","7500","20000","0","20000","120000","92500","27500","PARTIAL","CALL IMMEDIATELY (DUE: ₹27500)"
"BRDP20230737","Rekha Giri","Saumya Giri","9390827361","B.Sc","2023-2026","5","Kanpur, Uttar Pradesh","ACTIVE","5000","5000","0","5000","5000","0","5000","5000","0","5000","5000","0","5000","5000","0","5000","0","5000","30000","25000","5000","PARTIAL","CALL IMMEDIATELY (DUE: ₹5000)"
"BRDP20230738","Ankul Giri","Suman Giri","9836656108","BCA","2023-2026","5","Sidhauli, Uttar Pradesh","ACTIVE","20000","20000","0","20000","20000","0","20000","20000","0","20000","20000","0","20000","0","20000","20000","0","20000","120000","80000","40000","PARTIAL","CALL IMMEDIATELY (DUE: ₹40000)"
"BRDP20260739","Ashutosh Yadav","Usha Yadav","9489349904","B.Tech CSE","2026-2029","1","Lucknow, Uttar Pradesh","ACTIVE","25000","16500","8500","25000","0","25000","25000","0","25000","25000","0","25000","25000","0","25000","25000","0","25000","150000","16500","133500","PARTIAL","CALL IMMEDIATELY (DUE: ₹133500)"
"BRDP20260740","Saurabh Gautam","Sandeep Gautam","9147268044","MCA","2026-2029","1","Mohali, Uttar Pradesh","ACTIVE","30000","30000","0","30000","0","30000","30000","0","30000","30000","0","30000","30000","0","30000","30000","0","30000","180000","30000","150000","PARTIAL","CALL IMMEDIATELY (DUE: ₹150000)"
"BRDP20260741","Ankul Singh","Divanshi Singh","9901360846","BCA","2026-2029","1","Laharpur, Uttar Pradesh","ACTIVE","20000","0","20000","20000","0","20000","20000","0","20000","20000","0","20000","20000","0","20000","20000","0","20000","120000","0","120000","PENDING","CALL IMMEDIATELY (DUE: ₹120000)"
"BRDP20250742","Sarita Mishra","Iliyash Mishra","9871615140","BA","2025-2028","2","Sidhauli, Uttar Pradesh","ACTIVE","3000","3000","0","3000","3000","0","3000","0","3000","3000","0","3000","3000","0","3000","3000","0","3000","18000","6000","12000","PARTIAL","CALL IMMEDIATELY (DUE: ₹12000)"
"BRDP20250743","Mahek Giri","Sangita Giri","9518397844","BCA","2025-2028","2","Lucknow, Uttar Pradesh","ACTIVE","20000","20000","0","20000","0","20000","20000","0","20000","20000","0","20000","20000","0","20000","20000","0","20000","120000","20000","100000","PARTIAL","CALL IMMEDIATELY (DUE: ₹100000)"
"BRDP20250744","Deepak Dubey","Priya Dubey","9865854769","B.Tech CSE","2025-2028","2","Mohali, Uttar Pradesh","ACTIVE","25000","25000","0","25000","15000","10000","25000","0","25000","25000","0","25000","25000","0","25000","25000","0","25000","150000","40000","110000","PARTIAL","CALL IMMEDIATELY (DUE: ₹110000)"
"BRDP20240745","Manoj Prajapati","Seema Prajapati","9506424989","BCA","2024-2027","3","Laharpur, Uttar Pradesh","DELETED","20000","20000","0","20000","20000","0","20000","7000","13000","20000","0","20000","20000","0","20000","20000","0","20000","120000","47000","73000","PARTIAL","CALL IMMEDIATELY (DUE: ₹73000)"
"BRDP20260746","Priya Jaiswal","Aarya Jaiswal","9603434073","MCA","2026-2029","1","Sitapur Sadar, Uttar Pradesh","ACTIVE","30000","30000","0","30000","0","30000","30000","0","30000","30000","0","30000","30000","0","30000","30000","0","30000","180000","30000","150000","PARTIAL","CALL IMMEDIATELY (DUE: ₹150000)"
"BRDP20260747","Avneesh Agrahari","Suman Agrahari","9371701541","B.Sc","2026-2029","1","Kanpur, Uttar Pradesh","ACTIVE","5000","3000","2000","5000","0","5000","5000","0","5000","5000","0","5000","5000","0","5000","5000","0","5000","30000","3000","27000","PARTIAL","CALL IMMEDIATELY (DUE: ₹27000)"
"BRDP20260748","Ankul Paswan","Rekha Paswan","9111370412","BA","2026-2029","1","Sitapur Sadar, Uttar Pradesh","ACTIVE","3000","3000","0","3000","0","3000","3000","0","3000","3000","0","3000","3000","0","3000","3000","0","3000","18000","3000","15000","PARTIAL","CALL IMMEDIATELY (DUE: ₹15000)"
"BRDP20230749","Yashee Dubey","Naimish Dubey","9631449856","BA","2023-2026","5","Sitapur, Uttar Pradesh","ACTIVE","3000","3000","0","3000","3000","0","3000","3000","0","3000","3000","0","3000","3000","0","3000","0","3000","18000","15000","3000","PARTIAL","CALL IMMEDIATELY (DUE: ₹3000)"
"BRDP20240750","Deepa Tripathi","Sonika Tripathi","9784149219","BCA","2024-2027","3","Kanpur, Uttar Pradesh","ACTIVE","20000","20000","0","20000","20000","0","20000","10000","10000","20000","0","20000","20000","0","20000","20000","0","20000","120000","50000","70000","PARTIAL","CALL IMMEDIATELY (DUE: ₹70000)"
"BRDP20230751","Usha Kanaujiya","Sonu Kanaujiya","9512347585","BCA","2023-2026","5","Sitapur, Uttar Pradesh","DELETED","20000","20000","0","20000","20000","0","20000","20000","0","20000","20000","0","20000","12000","8000","20000","0","20000","120000","92000","28000","PARTIAL","CALL IMMEDIATELY (DUE: ₹28000)"
"BRDP20250752","Ashish Rajpoot","Shivangi Rajpoot","9742587108","MCA","2025-2028","2","Lakhimpur Kheri, Uttar Pradesh","ACTIVE","30000","30000","0","30000","30000","0","30000","0","30000","30000","0","30000","30000","0","30000","30000","0","30000","180000","60000","120000","PARTIAL","CALL IMMEDIATELY (DUE: ₹120000)"
"BRDP20250753","Asha Rajpoot","Priya Rajpoot","9661974577","B.Tech CSE","2025-2028","2","Sidhauli, Uttar Pradesh","ACTIVE","25000","25000","0","25000","9000","16000","25000","0","25000","25000","0","25000","25000","0","25000","25000","0","25000","150000","34000","116000","PARTIAL","CALL IMMEDIATELY (DUE: ₹116000)"
"BRDP20260754","Ashutosh Chaurasiya","Dipanshi Chaurasiya","9735825092","BA","2026-2029","1","Patna, Uttar Pradesh","ACTIVE","3000","0","3000","3000","0","3000","3000","0","3000","3000","0","3000","3000","0","3000","3000","0","3000","18000","0","18000","PENDING","CALL IMMEDIATELY (DUE: ₹18000)"
"BRDP20260755","Anamika Tripathi","Ramesh Tripathi","9984091324","B.Sc","2026-2029","1","Misrikh, Uttar Pradesh","ACTIVE","5000","4000","1000","5000","0","5000","5000","0","5000","5000","0","5000","5000","0","5000","5000","0","5000","30000","4000","26000","PARTIAL","CALL IMMEDIATELY (DUE: ₹26000)"
"BRDP20250756","Priya Agrahari","Ramesh Agrahari","9255308716","B.Tech CSE","2025-2028","2","Hargaon, Uttar Pradesh","ACTIVE","25000","25000","0","25000","25000","0","25000","0","25000","25000","0","25000","25000","0","25000","25000","0","25000","150000","50000","100000","PARTIAL","CALL IMMEDIATELY (DUE: ₹100000)"
"BRDP20250757","Vinod Tripathi","Subhendu Tripathi","9871265724","BBA","2025-2028","2","Khairabad, Uttar Pradesh","ACTIVE","22000","22000","0","22000","22000","0","22000","0","22000","22000","0","22000","22000","0","22000","22000","0","22000","132000","44000","88000","PARTIAL","CALL IMMEDIATELY (DUE: ₹88000)"
"BRDP20240758","Vishal Gupta","Anjali Gupta","9556991377","B.Tech CSE","2024-2027","3","Khairabad, Uttar Pradesh","ACTIVE","25000","25000","0","25000","25000","0","25000","11500","13500","25000","0","25000","25000","0","25000","25000","0","25000","150000","61500","88500","PARTIAL","CALL IMMEDIATELY (DUE: ₹88500)"
"BRDP20240759","Ajay Rajpoot","Sangita Rajpoot","9402992074","MCA","2024-2027","3","Patna, Uttar Pradesh","ACTIVE","30000","30000","0","30000","30000","0","30000","0","30000","30000","0","30000","30000","0","30000","30000","0","30000","180000","60000","120000","PARTIAL","CALL IMMEDIATELY (DUE: ₹120000)"
"BRDP20260760","Saurabh Kumar","Naimish Kumar","9600498845","BA","2026-2029","1","Hargaon, Uttar Pradesh","ACTIVE","3000","0","3000","3000","0","3000","3000","0","3000","3000","0","3000","3000","0","3000","3000","0","3000","18000","0","18000","PENDING","CALL IMMEDIATELY (DUE: ₹18000)"
"BRDP20250761","Meena Dubey","Sonika Dubey","9848350079","B.Sc","2025-2028","2","Sitapur, Uttar Pradesh","ACTIVE","5000","5000","0","5000","5000","0","5000","0","5000","5000","0","5000","5000","0","5000","5000","0","5000","30000","10000","20000","PARTIAL","CALL IMMEDIATELY (DUE: ₹20000)"
"BRDP20260762","Neha Khan","Deepika Khan","9468441184","BA","2026-2029","1","Biswan, Uttar Pradesh","ACTIVE","3000","3000","0","3000","0","3000","3000","0","3000","3000","0","3000","3000","0","3000","3000","0","3000","18000","3000","15000","PARTIAL","CALL IMMEDIATELY (DUE: ₹15000)"
"BRDP20240763","Vivek Tripathi","Anjali Tripathi","9466909457","BA","2024-2027","3","Sitapur, Uttar Pradesh","ACTIVE","3000","3000","0","3000","3000","0","3000","0","3000","3000","0","3000","3000","0","3000","3000","0","3000","18000","6000","12000","PARTIAL","CALL IMMEDIATELY (DUE: ₹12000)"
"BRDP20240764","Raj Sharma","Pari Sharma","9144560110","BA","2024-2027","3","Sidhauli, Uttar Pradesh","ACTIVE","3000","3000","0","3000","3000","0","3000","0","3000","3000","0","3000","3000","0","3000","3000","0","3000","18000","6000","12000","PARTIAL","CALL IMMEDIATELY (DUE: ₹12000)"
"BRDP20230765","Vinay Giri","Amit Giri","9948253180","BCA","2023-2026","5","Biswan, Uttar Pradesh","ACTIVE","20000","20000","0","20000","20000","0","20000","20000","0","20000","20000","0","20000","20000","0","20000","0","20000","120000","100000","20000","PARTIAL","CALL IMMEDIATELY (DUE: ₹20000)"
"BRDP20260766","Sandeep Dubey","Saurabh Dubey","9659100858","BBA","2026-2029","1","Kanpur, Uttar Pradesh","ACTIVE","22000","22000","0","22000","0","22000","22000","0","22000","22000","0","22000","22000","0","22000","22000","0","22000","132000","22000","110000","PARTIAL","CALL IMMEDIATELY (DUE: ₹110000)"
"BRDP20230767","Subhendu Agrahari","Seema Agrahari","9759252578","BBA","2023-2026","5","Misrikh, Uttar Pradesh","ACTIVE","22000","22000","0","22000","22000","0","22000","22000","0","22000","22000","0","22000","17000","5000","22000","0","22000","132000","105000","27000","PARTIAL","CALL IMMEDIATELY (DUE: ₹27000)"
"BRDP20250768","Rajesh Rathour","Neha Rathour","9713880863","BCA","2025-2028","2","Sitapur, Uttar Pradesh","ACTIVE","20000","20000","0","20000","9000","11000","20000","0","20000","20000","0","20000","20000","0","20000","20000","0","20000","120000","29000","91000","PARTIAL","CALL IMMEDIATELY (DUE: ₹91000)"
"BRDP20230769","Seema Pandey","Vikas Pandey","9784758124","B.Tech CSE","2023-2026","5","Misrikh, Uttar Pradesh","ACTIVE","25000","25000","0","25000","25000","0","25000","25000","0","25000","25000","0","25000","25000","0","25000","0","25000","150000","125000","25000","PARTIAL","CALL IMMEDIATELY (DUE: ₹25000)"
"BRDP20260770","Sonu Tiwari","Ajay Tiwari","9191092972","BBA","2026-2029","1","Maholi, Uttar Pradesh","ACTIVE","22000","22000","0","22000","0","22000","22000","0","22000","22000","0","22000","22000","0","22000","22000","0","22000","132000","22000","110000","PARTIAL","CALL IMMEDIATELY (DUE: ₹110000)"
"BRDP20260771","Kamlesh Shukla","Vivek Shukla","9257817782","MCA","2026-2029","1","Patna, Uttar Pradesh","ACTIVE","30000","30000","0","30000","0","30000","30000","0","30000","30000","0","30000","30000","0","30000","30000","0","30000","180000","30000","150000","PARTIAL","CALL IMMEDIATELY (DUE: ₹150000)"
"BRDP20260772","Shivani Yadav","Sonu Yadav","9702627848","BBA","2026-2029","1","Sitapur Sadar, Uttar Pradesh","ACTIVE","22000","22000","0","22000","0","22000","22000","0","22000","22000","0","22000","22000","0","22000","22000","0","22000","132000","22000","110000","PARTIAL","CALL IMMEDIATELY (DUE: ₹110000)"
"BRDP20240773","Vinay Kumar","Ramesh Kumar","9709720816","BA","2024-2027","3","Lakhimpur Kheri, Uttar Pradesh","ACTIVE","3000","3000","0","3000","3000","0","3000","3000","0","3000","0","3000","3000","0","3000","3000","0","3000","18000","9000","9000","PARTIAL","CALL IMMEDIATELY (DUE: ₹9000)"
"BRDP20250774","Saumya Kashyap","Adarsh Kashyap","9787027708","BA","2025-2028","2","Hargaon, Uttar Pradesh","ACTIVE","3000","3000","0","3000","0","3000","3000","0","3000","3000","0","3000","3000","0","3000","3000","0","3000","18000","3000","15000","PARTIAL","CALL IMMEDIATELY (DUE: ₹15000)"
"BRDP20260775","Gudiya Saini","Nainsi Saini","9586723868","B.Sc","2026-2029","1","Maholi, Uttar Pradesh","ACTIVE","5000","5000","0","5000","0","5000","5000","0","5000","5000","0","5000","5000","0","5000","5000","0","5000","30000","5000","25000","PARTIAL","CALL IMMEDIATELY (DUE: ₹25000)"
"BRDP20260776","Suresh Maurya","Laxmi Maurya","9431576717","B.Tech CSE","2026-2029","1","Sidhauli, Uttar Pradesh","ACTIVE","25000","13000","12000","25000","0","25000","25000","0","25000","25000","0","25000","25000","0","25000","25000","0","25000","150000","13000","137000","PARTIAL","CALL IMMEDIATELY (DUE: ₹137000)"
"BRDP20250777","Dharmendra Dubey","Vijay Dubey","9573221888","B.Tech CSE","2025-2028","2","Sitapur Sadar, Uttar Pradesh","ACTIVE","25000","25000","0","25000","11500","13500","25000","0","25000","25000","0","25000","25000","0","25000","25000","0","25000","150000","36500","113500","PARTIAL","CALL IMMEDIATELY (DUE: ₹113500)"
"BRDP20230778","Vinay Kashyap","Vishal Kashyap","9613551346","BBA","2023-2026","5","Sitapur Sadar, Uttar Pradesh","ACTIVE","22000","22000","0","22000","22000","0","22000","22000","0","22000","22000","0","22000","9500","12500","22000","0","22000","132000","97500","34500","PARTIAL","CALL IMMEDIATELY (DUE: ₹34500)"
"BRDP20230779","Seema Yadav","Ajay Yadav","9853962728","BA","2023-2026","5","Khairabad, Uttar Pradesh","ACTIVE","3000","3000","0","3000","3000","0","3000","3000","0","3000","3000","0","3000","3000","0","3000","0","3000","18000","15000","3000","PARTIAL","CALL IMMEDIATELY (DUE: ₹3000)"
"BRDP20240780","Pinku Singh","Pari Singh","9875596282","MCA","2024-2027","3","Misrikh, Uttar Pradesh","ACTIVE","30000","30000","0","30000","30000","0","30000","30000","0","30000","0","30000","30000","0","30000","30000","0","30000","180000","90000","90000","PARTIAL","CALL IMMEDIATELY (DUE: ₹90000)"
"BRDP20230781","Sonika Gupta","Sonu Gupta","9112119378","BBA","2023-2026","5","Misrikh, Uttar Pradesh","ACTIVE","22000","22000","0","22000","22000","0","22000","22000","0","22000","22000","0","22000","22000","0","22000","0","22000","132000","110000","22000","PARTIAL","CALL IMMEDIATELY (DUE: ₹22000)"
"BRDP20250782","Ananya Jaiswal","Pinku Jaiswal","9785885781","B.Tech CSE","2025-2028","2","Sidhauli, Uttar Pradesh","ACTIVE","25000","25000","0","25000","18000","7000","25000","0","25000","25000","0","25000","25000","0","25000","25000","0","25000","150000","43000","107000","PARTIAL","CALL IMMEDIATELY (DUE: ₹107000)"
"BRDP20240783","Sarita Pandey","Anjali Pandey","9777662847","BA","2024-2027","3","Khairabad, Uttar Pradesh","ACTIVE","3000","3000","0","3000","3000","0","3000","0","3000","3000","0","3000","3000","0","3000","3000","0","3000","18000","6000","12000","PARTIAL","CALL IMMEDIATELY (DUE: ₹12000)"
"BRDP20240784","Saumya Prajapati","Amit Prajapati","9769972230","B.Sc","2024-2027","3","Biswan, Uttar Pradesh","ACTIVE","5000","5000","0","5000","5000","0","5000","0","5000","5000","0","5000","5000","0","5000","5000","0","5000","30000","10000","20000","PARTIAL","CALL IMMEDIATELY (DUE: ₹20000)"
"BRDP20230785","Alok Kashyap","Aditya Kashyap","9760581242","MCA","2023-2026","5","Mohali, Uttar Pradesh","ACTIVE","30000","30000","0","30000","30000","0","30000","30000","0","30000","30000","0","30000","23500","6500","30000","0","30000","180000","143500","36500","PARTIAL","CALL IMMEDIATELY (DUE: ₹36500)"
"BRDP20230786","Yashee Pal","Amit Pal","9501988760","B.Tech CSE","2023-2026","5","Kanpur, Uttar Pradesh","ACTIVE","25000","25000","0","25000","25000","0","25000","25000","0","25000","25000","0","25000","9500","15500","25000","0","25000","150000","109500","40500","PARTIAL","CALL IMMEDIATELY (DUE: ₹40500)"
"BRDP20240787","Adarsh Yadav","Ashish Yadav","9936837052","BA","2024-2027","3","Sitapur Sadar, Uttar Pradesh","ACTIVE","3000","3000","0","3000","3000","0","3000","3000","0","3000","0","3000","3000","0","3000","3000","0","3000","18000","9000","9000","PARTIAL","CALL IMMEDIATELY (DUE: ₹9000)"
"BRDP20240788","Asha Gupta","Neha Gupta","9845936130","BA","2024-2027","3","Mohali, Uttar Pradesh","ACTIVE","3000","3000","0","3000","3000","0","3000","3000","0","3000","0","3000","3000","0","3000","3000","0","3000","18000","9000","9000","PARTIAL","CALL IMMEDIATELY (DUE: ₹9000)"
"BRDP20250789","Sonika Prajapati","Shivangi Prajapati","9441738702","BCA","2025-2028","2","Khairabad, Uttar Pradesh","ACTIVE","20000","20000","0","20000","20000","0","20000","0","20000","20000","0","20000","20000","0","20000","20000","0","20000","120000","40000","80000","PARTIAL","CALL IMMEDIATELY (DUE: ₹80000)"
"BRDP20260790","Vinay Agrahari","Sunil Agrahari","9688960667","B.Sc","2026-2029","1","Maholi, Uttar Pradesh","ACTIVE","5000","5000","0","5000","0","5000","5000","0","5000","5000","0","5000","5000","0","5000","5000","0","5000","30000","5000","25000","PARTIAL","CALL IMMEDIATELY (DUE: ₹25000)"
"BRDP20250791","Yashee Pal","Vinod Pal","9726339332","B.Tech CSE","2025-2028","2","Sitapur, Uttar Pradesh","ACTIVE","25000","25000","0","25000","25000","0","25000","0","25000","25000","0","25000","25000","0","25000","25000","0","25000","150000","50000","100000","PARTIAL","CALL IMMEDIATELY (DUE: ₹100000)"
"BRDP20250792","Manish Pal","Deepak Pal","9626602209","BCA","2025-2028","2","Misrikh, Uttar Pradesh","ACTIVE","20000","20000","0","20000","8000","12000","20000","0","20000","20000","0","20000","20000","0","20000","20000","0","20000","120000","28000","92000","PARTIAL","CALL IMMEDIATELY (DUE: ₹92000)"
"BRDP20240793","Shivangi Jaiswal","Sonu Jaiswal","9803638192","BBA","2024-2027","3","Misrikh, Uttar Pradesh","ACTIVE","22000","22000","0","22000","22000","0","22000","12000","10000","22000","0","22000","22000","0","22000","22000","0","22000","132000","56000","76000","PARTIAL","CALL IMMEDIATELY (DUE: ₹76000)"
"BRDP20250794","Pushpendra Kashyap","Satish Kashyap","9202464392","BBA","2025-2028","2","Mohali, Uttar Pradesh","ACTIVE","22000","22000","0","22000","22000","0","22000","0","22000","22000","0","22000","22000","0","22000","22000","0","22000","132000","44000","88000","PARTIAL","CALL IMMEDIATELY (DUE: ₹88000)"
"BRDP20230795","Aditya Pal","Sandeep Pal","9670653846","BBA","2023-2026","5","Sitapur, Uttar Pradesh","ACTIVE","22000","22000","0","22000","22000","0","22000","22000","0","22000","22000","0","22000","22000","0","22000","0","22000","132000","110000","22000","PARTIAL","CALL IMMEDIATELY (DUE: ₹22000)"
"BRDP20250796","Divyanshi Rajpoot","Suman Rajpoot","9737934465","BA","2025-2028","2","Laharpur, Uttar Pradesh","ACTIVE","3000","3000","0","3000","3000","0","3000","0","3000","3000","0","3000","3000","0","3000","3000","0","3000","18000","6000","12000","PARTIAL","CALL IMMEDIATELY (DUE: ₹12000)"
"BRDP20250797","Ritu Kashyap","Aarav Kashyap","9927355066","BCA","2025-2028","2","Lakhimpur Kheri, Uttar Pradesh","ACTIVE","20000","20000","0","20000","0","20000","20000","0","20000","20000","0","20000","20000","0","20000","20000","0","20000","120000","20000","100000","PARTIAL","CALL IMMEDIATELY (DUE: ₹100000)"
"BRDP20260798","Aditya Giri","Pushpendra Giri","9847178492","BCA","2026-2029","1","Maholi, Uttar Pradesh","ACTIVE","20000","20000","0","20000","0","20000","20000","0","20000","20000","0","20000","20000","0","20000","20000","0","20000","120000","20000","100000","PARTIAL","CALL IMMEDIATELY (DUE: ₹100000)"
"BRDP20240799","Sarita Dwivedi","Naimish Dwivedi","9966348994","B.Sc","2024-2027","3","Khairabad, Uttar Pradesh","ACTIVE","5000","5000","0","5000","5000","0","5000","5000","0","5000","0","5000","5000","0","5000","5000","0","5000","30000","15000","15000","PARTIAL","CALL IMMEDIATELY (DUE: ₹15000)"
"BRDP20260800","Rajesh Mishra","Rohan Mishra","9212641448","MCA","2026-2029","1","Sitapur Sadar, Uttar Pradesh","ACTIVE","30000","30000","0","30000","0","30000","30000","0","30000","30000","0","30000","30000","0","30000","30000","0","30000","180000","30000","150000","PARTIAL","CALL IMMEDIATELY (DUE: ₹150000)"
"BRDP20250801","Saumya Jaiswal","Sonika Jaiswal","9180529262","B.Tech CSE","2025-2028","2","Sitapur, Uttar Pradesh","ACTIVE","25000","25000","0","25000","25000","0","25000","0","25000","25000","0","25000","25000","0","25000","25000","0","25000","150000","50000","100000","PARTIAL","CALL IMMEDIATELY (DUE: ₹100000)"
"BRDP20240802","Kamlesh Shukla","Sonika Shukla","9642562536","B.Tech CSE","2024-2027","3","Patna, Uttar Pradesh","ACTIVE","25000","25000","0","25000","25000","0","25000","25000","0","25000","0","25000","25000","0","25000","25000","0","25000","150000","75000","75000","PARTIAL","CALL IMMEDIATELY (DUE: ₹75000)"
"BRDP20240803","Divyanshi Saini","Vivek Saini","9256916066","BBA","2024-2027","3","Lucknow, Uttar Pradesh","ACTIVE","22000","22000","0","22000","22000","0","22000","22000","0","22000","0","22000","22000","0","22000","22000","0","22000","132000","66000","66000","PARTIAL","CALL IMMEDIATELY (DUE: ₹66000)"
"BRDP20260804","Manish Singh","Rohan Singh","9725211328","B.Tech CSE","2026-2029","1","Lakhimpur Kheri, Uttar Pradesh","ACTIVE","25000","0","25000","25000","0","25000","25000","0","25000","25000","0","25000","25000","0","25000","25000","0","25000","150000","0","150000","PENDING","CALL IMMEDIATELY (DUE: ₹150000)"
"BRDP20260805","Raj Dwivedi","Gudiya Dwivedi","9658302194","BBA","2026-2029","1","Sitapur, Uttar Pradesh","ACTIVE","22000","0","22000","22000","0","22000","22000","0","22000","22000","0","22000","22000","0","22000","22000","0","22000","132000","0","132000","PENDING","CALL IMMEDIATELY (DUE: ₹132000)"
"BRDP20230806","Alok Verma","Ramesh Verma","9641975108","B.Tech CSE","2023-2026","5","Hargaon, Uttar Pradesh","ACTIVE","25000","25000","0","25000","25000","0","25000","25000","0","25000","25000","0","25000","15500","9500","25000","0","25000","150000","115500","34500","PARTIAL","CALL IMMEDIATELY (DUE: ₹34500)"
"BRDP20240807","Aarti Srivastava","Deepak Srivastava","9249121243","BBA","2024-2027","3","Maholi, Uttar Pradesh","ACTIVE","22000","22000","0","22000","22000","0","22000","0","22000","22000","0","22000","22000","0","22000","22000","0","22000","132000","44000","88000","PARTIAL","CALL IMMEDIATELY (DUE: ₹88000)"
"BRDP20230808","Ashish Giri","Pankaj Giri","9626589382","B.Sc","2023-2026","5","Laharpur, Uttar Pradesh","ACTIVE","5000","5000","0","5000","5000","0","5000","5000","0","5000","5000","0","5000","5000","0","5000","0","5000","30000","25000","5000","PARTIAL","CALL IMMEDIATELY (DUE: ₹5000)"
"BRDP20250809","Pushpendra Saini","Manish Saini","9153051184","BCA","2025-2028","2","Sitapur Sadar, Uttar Pradesh","DELETED","20000","20000","0","20000","20000","0","20000","0","20000","20000","0","20000","20000","0","20000","20000","0","20000","120000","40000","80000","PARTIAL","CALL IMMEDIATELY (DUE: ₹80000)"
"BRDP20230810","Ananya Devi","Rohan Devi","9946429170","BCA","2023-2026","5","Khairabad, Uttar Pradesh","ACTIVE","20000","20000","0","20000","20000","0","20000","20000","0","20000","20000","0","20000","20000","0","20000","0","20000","120000","100000","20000","PARTIAL","CALL IMMEDIATELY (DUE: ₹20000)"
"BRDP20260811","Rekha Verma","Neha Verma","9607643508","BA","2026-2029","1","Sitapur Sadar, Uttar Pradesh","ACTIVE","3000","3000","0","3000","0","3000","3000","0","3000","3000","0","3000","3000","0","3000","3000","0","3000","18000","3000","15000","PARTIAL","CALL IMMEDIATELY (DUE: ₹15000)"
"BRDP20240812","Saumya Tripathi","Pooja Tripathi","9377960720","B.Tech CSE","2024-2027","3","Mohali, Uttar Pradesh","ACTIVE","25000","25000","0","25000","25000","0","25000","9000","16000","25000","0","25000","25000","0","25000","25000","0","25000","150000","59000","91000","PARTIAL","CALL IMMEDIATELY (DUE: ₹91000)"
"BRDP20250813","Sonika Devi","Dipanshi Devi","9656669891","BCA","2025-2028","2","Khairabad, Uttar Pradesh","ACTIVE","20000","20000","0","20000","15500","4500","20000","0","20000","20000","0","20000","20000","0","20000","20000","0","20000","120000","35500","84500","PARTIAL","CALL IMMEDIATELY (DUE: ₹84500)"
"BRDP20260814","Sunita Devi","Sanjay Devi","9933836989","B.Sc","2026-2029","1","Lakhimpur Kheri, Uttar Pradesh","ACTIVE","5000","0","5000","5000","0","5000","5000","0","5000","5000","0","5000","5000","0","5000","5000","0","5000","30000","0","30000","PENDING","CALL IMMEDIATELY (DUE: ₹30000)"
"BRDP20260815","Pankaj Rajpoot","Nainsi Rajpoot","9799616842","B.Tech CSE","2026-2029","1","Biswan, Uttar Pradesh","ACTIVE","25000","20000","5000","25000","0","25000","25000","0","25000","25000","0","25000","25000","0","25000","25000","0","25000","150000","20000","130000","PARTIAL","CALL IMMEDIATELY (DUE: ₹130000)"
"BRDP20230816","Aarya Paswan","Rekha Paswan","9824029026","BCA","2023-2026","5","Hargaon, Uttar Pradesh","ACTIVE","20000","20000","0","20000","20000","0","20000","20000","0","20000","20000","0","20000","20000","0","20000","0","20000","120000","100000","20000","PARTIAL","CALL IMMEDIATELY (DUE: ₹20000)"
"BRDP20230817","Saumya Pal","Ashutosh Pal","9293890380","BCA","2023-2026","5","Hargaon, Uttar Pradesh","DELETED","20000","20000","0","20000","20000","0","20000","20000","0","20000","20000","0","20000","20000","0","20000","0","20000","120000","100000","20000","PARTIAL","CALL IMMEDIATELY (DUE: ₹20000)"
"BRDP20240818","Anita Rathour","Adarsh Rathour","9239001690","BBA","2024-2027","3","Mohali, Uttar Pradesh","ACTIVE","22000","22000","0","22000","22000","0","22000","22000","0","22000","0","22000","22000","0","22000","22000","0","22000","132000","66000","66000","PARTIAL","CALL IMMEDIATELY (DUE: ₹66000)"
"BRDP20250819","Ashish Kashyap","Amit Kashyap","9457400109","B.Tech CSE","2025-2028","2","Lakhimpur Kheri, Uttar Pradesh","ACTIVE","25000","25000","0","25000","25000","0","25000","0","25000","25000","0","25000","25000","0","25000","25000","0","25000","150000","50000","100000","PARTIAL","CALL IMMEDIATELY (DUE: ₹100000)"
"BRDP20260820","Rahul Prajapati","Pankaj Prajapati","9501020448","BBA","2026-2029","1","Patna, Uttar Pradesh","ACTIVE","22000","14500","7500","22000","0","22000","22000","0","22000","22000","0","22000","22000","0","22000","22000","0","22000","132000","14500","117500","PARTIAL","CALL IMMEDIATELY (DUE: ₹117500)"
"BRDP20240821","Deepa Pandey","Yashee Pandey","9897410123","MCA","2024-2027","3","Sitapur, Uttar Pradesh","ACTIVE","30000","30000","0","30000","30000","0","30000","14500","15500","30000","0","30000","30000","0","30000","30000","0","30000","180000","74500","105500","PARTIAL","CALL IMMEDIATELY (DUE: ₹105500)"
"BRDP20250822","Kavita Kashyap","Subhendu Kashyap","9731944643","MCA","2025-2028","2","Patna, Uttar Pradesh","ACTIVE","30000","30000","0","30000","23000","7000","30000","0","30000","30000","0","30000","30000","0","30000","30000","0","30000","180000","53000","127000","PARTIAL","CALL IMMEDIATELY (DUE: ₹127000)"
"BRDP20240823","Rahul Kumar","Naimish Kumar","9706353842","B.Tech CSE","2024-2027","3","Sitapur Sadar, Uttar Pradesh","ACTIVE","25000","25000","0","25000","25000","0","25000","10000","15000","25000","0","25000","25000","0","25000","25000","0","25000","150000","60000","90000","PARTIAL","CALL IMMEDIATELY (DUE: ₹90000)"
"BRDP20240824","Priya Tripathi","Aditya Tripathi","9437521325","MCA","2024-2027","3","Lakhimpur Kheri, Uttar Pradesh","ACTIVE","30000","30000","0","30000","30000","0","30000","20000","10000","30000","0","30000","30000","0","30000","30000","0","30000","180000","80000","100000","PARTIAL","CALL IMMEDIATELY (DUE: ₹100000)"
"BRDP20260825","Mahek Khan","Diwakar Khan","9852051478","MCA","2026-2029","1","Maholi, Uttar Pradesh","ACTIVE","30000","22000","8000","30000","0","30000","30000","0","30000","30000","0","30000","30000","0","30000","30000","0","30000","180000","22000","158000","PARTIAL","CALL IMMEDIATELY (DUE: ₹158000)"
"BRDP20260826","Abhishek Prajapati","Manoj Prajapati","9916664412","BA","2026-2029","1","Mohali, Uttar Pradesh","ACTIVE","3000","2000","1000","3000","0","3000","3000","0","3000","3000","0","3000","3000","0","3000","3000","0","3000","18000","2000","16000","PARTIAL","CALL IMMEDIATELY (DUE: ₹16000)"
"BRDP20260827","Ayush Pal","Sani Pal","9488223278","MCA","2026-2029","1","Sidhauli, Uttar Pradesh","ACTIVE","30000","30000","0","30000","0","30000","30000","0","30000","30000","0","30000","30000","0","30000","30000","0","30000","180000","30000","150000","PARTIAL","CALL IMMEDIATELY (DUE: ₹150000)"
"BRDP20230828","Vinay Pal","Ramesh Pal","9356578393","MCA","2023-2026","5","Biswan, Uttar Pradesh","ACTIVE","30000","30000","0","30000","30000","0","30000","30000","0","30000","30000","0","30000","0","30000","30000","0","30000","180000","120000","60000","PARTIAL","CALL IMMEDIATELY (DUE: ₹60000)"
"BRDP20260829","Adarsh Pandey","Rashi Pandey","9208810750","BCA","2026-2029","1","Hargaon, Uttar Pradesh","ACTIVE","20000","20000","0","20000","0","20000","20000","0","20000","20000","0","20000","20000","0","20000","20000","0","20000","120000","20000","100000","PARTIAL","CALL IMMEDIATELY (DUE: ₹100000)"
"BRDP20230830","Pankaj Maurya","Suman Maurya","9344812010","BA","2023-2026","5","Mohali, Uttar Pradesh","ACTIVE","3000","3000","0","3000","3000","0","3000","3000","0","3000","3000","0","3000","2000","1000","3000","0","3000","18000","14000","4000","PARTIAL","CALL IMMEDIATELY (DUE: ₹4000)"
"BRDP20230831","Sanjay Srivastava","Rahul Srivastava","9609656565","BBA","2023-2026","5","Laharpur, Uttar Pradesh","ACTIVE","22000","22000","0","22000","22000","0","22000","22000","0","22000","22000","0","22000","22000","0","22000","0","22000","132000","110000","22000","PARTIAL","CALL IMMEDIATELY (DUE: ₹22000)"
"BRDP20250832","Laxmi Chaurasiya","Sani Chaurasiya","9319502946","B.Sc","2025-2028","2","Laharpur, Uttar Pradesh","ACTIVE","5000","5000","0","5000","5000","0","5000","0","5000","5000","0","5000","5000","0","5000","5000","0","5000","30000","10000","20000","PARTIAL","CALL IMMEDIATELY (DUE: ₹20000)"
"BRDP20230833","Pushpendra Agrahari","Aarya Agrahari","9120499290","BA","2023-2026","5","Lucknow, Uttar Pradesh","ACTIVE","3000","3000","0","3000","3000","0","3000","3000","0","3000","3000","0","3000","1000","2000","3000","0","3000","18000","13000","5000","PARTIAL","CALL IMMEDIATELY (DUE: ₹5000)"
"BRDP20240834","Aarav Rathour","Raj Rathour","9859350247","BBA","2024-2027","3","Hargaon, Uttar Pradesh","ACTIVE","22000","22000","0","22000","22000","0","22000","7500","14500","22000","0","22000","22000","0","22000","22000","0","22000","132000","51500","80500","PARTIAL","CALL IMMEDIATELY (DUE: ₹80500)"
"BRDP20240835","Vijay Khan","Satish Khan","9324539060","MCA","2024-2027","3","Patna, Uttar Pradesh","ACTIVE","30000","30000","0","30000","30000","0","30000","20500","9500","30000","0","30000","30000","0","30000","30000","0","30000","180000","80500","99500","PARTIAL","CALL IMMEDIATELY (DUE: ₹99500)"
"BRDP20230836","Sanjay Dubey","Manoj Dubey","9155391940","B.Sc","2023-2026","5","Sitapur, Uttar Pradesh","ACTIVE","5000","5000","0","5000","5000","0","5000","5000","0","5000","5000","0","5000","5000","0","5000","0","5000","30000","25000","5000","PARTIAL","CALL IMMEDIATELY (DUE: ₹5000)"
"BRDP20230837","Pinku Mishra","Raj Mishra","9237518173","B.Sc","2023-2026","5","Laharpur, Uttar Pradesh","ACTIVE","5000","5000","0","5000","5000","0","5000","5000","0","5000","5000","0","5000","0","5000","5000","0","5000","30000","20000","10000","PARTIAL","CALL IMMEDIATELY (DUE: ₹10000)"
"BRDP20250838","Mahek Gupta","Shivam Gupta","9315738308","BCA","2025-2028","2","Khairabad, Uttar Pradesh","ACTIVE","20000","20000","0","20000","20000","0","20000","0","20000","20000","0","20000","20000","0","20000","20000","0","20000","120000","40000","80000","PARTIAL","CALL IMMEDIATELY (DUE: ₹80000)"
"BRDP20240839","Rohan Gupta","Ramesh Gupta","9114379198","B.Tech CSE","2024-2027","3","Sidhauli, Uttar Pradesh","ACTIVE","25000","25000","0","25000","25000","0","25000","25000","0","25000","0","25000","25000","0","25000","25000","0","25000","150000","75000","75000","PARTIAL","CALL IMMEDIATELY (DUE: ₹75000)"
"BRDP20260840","Prateek Maurya","Pooja Maurya","9820331012","B.Tech CSE","2026-2029","1","Biswan, Uttar Pradesh","ACTIVE","25000","13500","11500","25000","0","25000","25000","0","25000","25000","0","25000","25000","0","25000","25000","0","25000","150000","13500","136500","PARTIAL","CALL IMMEDIATELY (DUE: ₹136500)"
"BRDP20260841","Diwakar Tripathi","Pari Tripathi","9219782323","BBA","2026-2029","1","Sitapur Sadar, Uttar Pradesh","ACTIVE","22000","0","22000","22000","0","22000","22000","0","22000","22000","0","22000","22000","0","22000","22000","0","22000","132000","0","132000","PENDING","CALL IMMEDIATELY (DUE: ₹132000)"
"BRDP20260842","Diwakar Sharma","Usha Sharma","9905979639","B.Tech CSE","2026-2029","1","Mohali, Uttar Pradesh","ACTIVE","25000","25000","0","25000","0","25000","25000","0","25000","25000","0","25000","25000","0","25000","25000","0","25000","150000","25000","125000","PARTIAL","CALL IMMEDIATELY (DUE: ₹125000)"
"BRDP20260843","Pushpendra Chaurasiya","Aditya Chaurasiya","9215649745","B.Sc","2026-2029","1","Maholi, Uttar Pradesh","ACTIVE","5000","5000","0","5000","0","5000","5000","0","5000","5000","0","5000","5000","0","5000","5000","0","5000","30000","5000","25000","PARTIAL","CALL IMMEDIATELY (DUE: ₹25000)"
"BRDP20260844","Alok Mishra","Saurabh Mishra","9559086874","B.Tech CSE","2026-2029","1","Mohali, Uttar Pradesh","ACTIVE","25000","19500","5500","25000","0","25000","25000","0","25000","25000","0","25000","25000","0","25000","25000","0","25000","150000","19500","130500","PARTIAL","CALL IMMEDIATELY (DUE: ₹130500)"
"BRDP20240845","Adarsh Chaurasiya","Yashee Chaurasiya","9112848748","B.Sc","2024-2027","3","Hargaon, Uttar Pradesh","ACTIVE","5000","5000","0","5000","5000","0","5000","4000","1000","5000","0","5000","5000","0","5000","5000","0","5000","30000","14000","16000","PARTIAL","CALL IMMEDIATELY (DUE: ₹16000)"
"BRDP20260846","Vikas Devi","Manish Devi","9315235409","MCA","2026-2029","1","Lakhimpur Kheri, Uttar Pradesh","ACTIVE","30000","30000","0","30000","0","30000","30000","0","30000","30000","0","30000","30000","0","30000","30000","0","30000","180000","30000","150000","PARTIAL","CALL IMMEDIATELY (DUE: ₹150000)"
"BRDP20260847","Pooja Sharma","Satish Sharma","9959859289","BCA","2026-2029","1","Khairabad, Uttar Pradesh","ACTIVE","20000","0","20000","20000","0","20000","20000","0","20000","20000","0","20000","20000","0","20000","20000","0","20000","120000","0","120000","PENDING","CALL IMMEDIATELY (DUE: ₹120000)"
"BRDP20260848","Ayush Chaurasiya","Sarita Chaurasiya","9434669159","BA","2026-2029","1","Hargaon, Uttar Pradesh","DELETED","3000","0","3000","3000","0","3000","3000","0","3000","3000","0","3000","3000","0","3000","3000","0","3000","18000","0","18000","PENDING","CALL IMMEDIATELY (DUE: ₹18000)"
"BRDP20250849","Dharmendra Rathour","Suresh Rathour","9564265093","B.Sc","2025-2028","2","Hargaon, Uttar Pradesh","ACTIVE","5000","5000","0","5000","5000","0","5000","0","5000","5000","0","5000","5000","0","5000","5000","0","5000","30000","10000","20000","PARTIAL","CALL IMMEDIATELY (DUE: ₹20000)"
"BRDP20250850","Priya Maurya","Sani Maurya","9914290448","BCA","2025-2028","2","Sidhauli, Uttar Pradesh","ACTIVE","20000","20000","0","20000","20000","0","20000","0","20000","20000","0","20000","20000","0","20000","20000","0","20000","120000","40000","80000","PARTIAL","CALL IMMEDIATELY (DUE: ₹80000)"
"BRDP20230851","Sonika Saini","Subhendu Saini","9860243326","B.Tech CSE","2023-2026","5","Lucknow, Uttar Pradesh","ACTIVE","25000","25000","0","25000","25000","0","25000","25000","0","25000","25000","0","25000","14000","11000","25000","0","25000","150000","114000","36000","PARTIAL","CALL IMMEDIATELY (DUE: ₹36000)"
"BRDP20250852","Ajay Pandey","Rohan Pandey","9302376784","BBA","2025-2028","2","Mohali, Uttar Pradesh","ACTIVE","22000","22000","0","22000","0","22000","22000","0","22000","22000","0","22000","22000","0","22000","22000","0","22000","132000","22000","110000","PARTIAL","CALL IMMEDIATELY (DUE: ₹110000)"
"BRDP20230853","Suman Mishra","Ashutosh Mishra","9220615823","BBA","2023-2026","5","Lakhimpur Kheri, Uttar Pradesh","ACTIVE","22000","22000","0","22000","22000","0","22000","22000","0","22000","22000","0","22000","10500","11500","22000","0","22000","132000","98500","33500","PARTIAL","CALL IMMEDIATELY (DUE: ₹33500)"
"BRDP20260854","Ritu Prajapati","Manish Prajapati","9703659820","BA","2026-2029","1","Biswan, Uttar Pradesh","ACTIVE","3000","3000","0","3000","0","3000","3000","0","3000","3000","0","3000","3000","0","3000","3000","0","3000","18000","3000","15000","PARTIAL","CALL IMMEDIATELY (DUE: ₹15000)"
"BRDP20260855","Seema Yadav","Pushpendra Yadav","9540116103","BBA","2026-2029","1","Sidhauli, Uttar Pradesh","ACTIVE","22000","22000","0","22000","0","22000","22000","0","22000","22000","0","22000","22000","0","22000","22000","0","22000","132000","22000","110000","PARTIAL","CALL IMMEDIATELY (DUE: ₹110000)"
"BRDP20230856","Suresh Rajpoot","Ritu Rajpoot","9682108044","B.Tech CSE","2023-2026","5","Kanpur, Uttar Pradesh","ACTIVE","25000","25000","0","25000","25000","0","25000","25000","0","25000","25000","0","25000","25000","0","25000","0","25000","150000","125000","25000","PARTIAL","CALL IMMEDIATELY (DUE: ₹25000)"
"BRDP20250857","Naimish Gupta","Gudiya Gupta","9676036907","BA","2025-2028","2","Mohali, Uttar Pradesh","ACTIVE","3000","3000","0","3000","0","3000","3000","0","3000","3000","0","3000","3000","0","3000","3000","0","3000","18000","3000","15000","PARTIAL","CALL IMMEDIATELY (DUE: ₹15000)"
"BRDP20260858","Divanshi Srivastava","Vijay Srivastava","9967924198","MCA","2026-2029","1","Patna, Uttar Pradesh","ACTIVE","30000","0","30000","30000","0","30000","30000","0","30000","30000","0","30000","30000","0","30000","30000","0","30000","180000","0","180000","PENDING","CALL IMMEDIATELY (DUE: ₹180000)"
"BRDP20240859","Aarya Devi","Saurabh Devi","9524039911","BCA","2024-2027","3","Laharpur, Uttar Pradesh","ACTIVE","20000","20000","0","20000","20000","0","20000","8000","12000","20000","0","20000","20000","0","20000","20000","0","20000","120000","48000","72000","PARTIAL","CALL IMMEDIATELY (DUE: ₹72000)"
"BRDP20240860","Subhendu Rajpoot","Sangita Rajpoot","9547414419","B.Tech CSE","2024-2027","3","Lakhimpur Kheri, Uttar Pradesh","ACTIVE","25000","25000","0","25000","25000","0","25000","25000","0","25000","0","25000","25000","0","25000","25000","0","25000","150000","75000","75000","PARTIAL","CALL IMMEDIATELY (DUE: ₹75000)"
"BRDP20250861","Pooja Verma","Ashutosh Verma","9501836225","MCA","2025-2028","2","Hargaon, Uttar Pradesh","ACTIVE","30000","30000","0","30000","0","30000","30000","0","30000","30000","0","30000","30000","0","30000","30000","0","30000","180000","30000","150000","PARTIAL","CALL IMMEDIATELY (DUE: ₹150000)"
"BRDP20230862","Rajesh Agrahari","Aarav Agrahari","9188102494","BBA","2023-2026","5","Patna, Uttar Pradesh","ACTIVE","22000","22000","0","22000","22000","0","22000","22000","0","22000","22000","0","22000","22000","0","22000","0","22000","132000","110000","22000","PARTIAL","CALL IMMEDIATELY (DUE: ₹22000)"
"BRDP20240863","Prateek Gupta","Asha Gupta","9964025591","B.Tech CSE","2024-2027","3","Misrikh, Uttar Pradesh","ACTIVE","25000","25000","0","25000","25000","0","25000","17500","7500","25000","0","25000","25000","0","25000","25000","0","25000","150000","67500","82500","PARTIAL","CALL IMMEDIATELY (DUE: ₹82500)"
"BRDP20230864","Nainsi Pal","Ramesh Pal","9576484676","B.Tech CSE","2023-2026","5","Maholi, Uttar Pradesh","ACTIVE","25000","25000","0","25000","25000","0","25000","25000","0","25000","25000","0","25000","10500","14500","25000","0","25000","150000","110500","39500","PARTIAL","CALL IMMEDIATELY (DUE: ₹39500)"
"BRDP20230865","Sunita Chaurasiya","Vivek Chaurasiya","9917680582","B.Tech CSE","2023-2026","5","Maholi, Uttar Pradesh","ACTIVE","25000","25000","0","25000","25000","0","25000","25000","0","25000","25000","0","25000","19000","6000","25000","0","25000","150000","119000","31000","PARTIAL","CALL IMMEDIATELY (DUE: ₹31000)"
"BRDP20240866","Dharmendra Gautam","Rahul Gautam","9233624746","MCA","2024-2027","3","Biswan, Uttar Pradesh","ACTIVE","30000","30000","0","30000","30000","0","30000","22500","7500","30000","0","30000","30000","0","30000","30000","0","30000","180000","82500","97500","PARTIAL","CALL IMMEDIATELY (DUE: ₹97500)"
"BRDP20230867","Sunil Maurya","Kamlesh Maurya","9997241565","BCA","2023-2026","5","Patna, Uttar Pradesh","ACTIVE","20000","20000","0","20000","20000","0","20000","20000","0","20000","20000","0","20000","7000","13000","20000","0","20000","120000","87000","33000","PARTIAL","CALL IMMEDIATELY (DUE: ₹33000)"
"BRDP20250868","Anita Srivastava","Sarita Srivastava","9243461539","MCA","2025-2028","2","Misrikh, Uttar Pradesh","ACTIVE","30000","30000","0","30000","30000","0","30000","0","30000","30000","0","30000","30000","0","30000","30000","0","30000","180000","60000","120000","PARTIAL","CALL IMMEDIATELY (DUE: ₹120000)"
"BRDP20260869","Sonu Pandey","Saumya Pandey","9213766418","BA","2026-2029","1","Misrikh, Uttar Pradesh","ACTIVE","3000","0","3000","3000","0","3000","3000","0","3000","3000","0","3000","3000","0","3000","3000","0","3000","18000","0","18000","PENDING","CALL IMMEDIATELY (DUE: ₹18000)"
"BRDP20260870","Rekha Singh","Ashutosh Singh","9739518457","B.Sc","2026-2029","1","Biswan, Uttar Pradesh","ACTIVE","5000","2000","3000","5000","0","5000","5000","0","5000","5000","0","5000","5000","0","5000","5000","0","5000","30000","2000","28000","PARTIAL","CALL IMMEDIATELY (DUE: ₹28000)"
"BRDP20240871","Ajay Srivastava","Manoj Srivastava","9690775619","B.Sc","2024-2027","3","Lucknow, Uttar Pradesh","ACTIVE","5000","5000","0","5000","5000","0","5000","3000","2000","5000","0","5000","5000","0","5000","5000","0","5000","30000","13000","17000","PARTIAL","CALL IMMEDIATELY (DUE: ₹17000)"
"BRDP20240872","Anamika Kanaujiya","Shivangi Kanaujiya","9716716893","BBA","2024-2027","3","Kanpur, Uttar Pradesh","ACTIVE","22000","22000","0","22000","22000","0","22000","0","22000","22000","0","22000","22000","0","22000","22000","0","22000","132000","44000","88000","PARTIAL","CALL IMMEDIATELY (DUE: ₹88000)"
"BRDP20260873","Prateek Tiwari","Anjali Tiwari","9235685335","BA","2026-2029","1","Sitapur, Uttar Pradesh","ACTIVE","3000","0","3000","3000","0","3000","3000","0","3000","3000","0","3000","3000","0","3000","3000","0","3000","18000","0","18000","PENDING","CALL IMMEDIATELY (DUE: ₹18000)"
"BRDP20260874","Deepika Pandey","Aditya Pandey","9721296183","BCA","2026-2029","1","Sitapur Sadar, Uttar Pradesh","ACTIVE","20000","20000","0","20000","0","20000","20000","0","20000","20000","0","20000","20000","0","20000","20000","0","20000","120000","20000","100000","PARTIAL","CALL IMMEDIATELY (DUE: ₹100000)"
"BRDP20250875","Anamika Giri","Manoj Giri","9990232839","BA","2025-2028","2","Sidhauli, Uttar Pradesh","ACTIVE","3000","3000","0","3000","3000","0","3000","0","3000","3000","0","3000","3000","0","3000","3000","0","3000","18000","6000","12000","PARTIAL","CALL IMMEDIATELY (DUE: ₹12000)"
"BRDP20230876","Aarya Singh","Dibya Singh","9287102704","MCA","2023-2026","5","Misrikh, Uttar Pradesh","ACTIVE","30000","30000","0","30000","30000","0","30000","30000","0","30000","30000","0","30000","0","30000","30000","0","30000","180000","120000","60000","PARTIAL","CALL IMMEDIATELY (DUE: ₹60000)"
"BRDP20250877","Satish Agrahari","Pushpendra Agrahari","9641458669","MCA","2025-2028","2","Sitapur, Uttar Pradesh","ACTIVE","30000","30000","0","30000","18000","12000","30000","0","30000","30000","0","30000","30000","0","30000","30000","0","30000","180000","48000","132000","PARTIAL","CALL IMMEDIATELY (DUE: ₹132000)"
"BRDP20230878","Anjali Tripathi","Anita Tripathi","9513540214","B.Sc","2023-2026","5","Hargaon, Uttar Pradesh","ACTIVE","5000","5000","0","5000","5000","0","5000","5000","0","5000","5000","0","5000","5000","0","5000","0","5000","30000","25000","5000","PARTIAL","CALL IMMEDIATELY (DUE: ₹5000)"
"BRDP20250879","Subhendu Kashyap","Pari Kashyap","9111253820","B.Tech CSE","2025-2028","2","Lucknow, Uttar Pradesh","ACTIVE","25000","25000","0","25000","25000","0","25000","0","25000","25000","0","25000","25000","0","25000","25000","0","25000","150000","50000","100000","PARTIAL","CALL IMMEDIATELY (DUE: ₹100000)"
"BRDP20240880","Asha Paswan","Sunita Paswan","9300997983","B.Tech CSE","2024-2027","3","Lakhimpur Kheri, Uttar Pradesh","ACTIVE","25000","25000","0","25000","25000","0","25000","13500","11500","25000","0","25000","25000","0","25000","25000","0","25000","150000","63500","86500","PARTIAL","CALL IMMEDIATELY (DUE: ₹86500)"
"BRDP20240881","Saumya Tiwari","Alok Tiwari","9189189501","BA","2024-2027","3","Patna, Uttar Pradesh","ACTIVE","3000","3000","0","3000","3000","0","3000","1000","2000","3000","0","3000","3000","0","3000","3000","0","3000","18000","7000","11000","PARTIAL","CALL IMMEDIATELY (DUE: ₹11000)"
"BRDP20240882","Seema Prajapati","Vishal Prajapati","9484825910","BCA","2024-2027","3","Hargaon, Uttar Pradesh","ACTIVE","20000","20000","0","20000","20000","0","20000","6000","14000","20000","0","20000","20000","0","20000","20000","0","20000","120000","46000","74000","PARTIAL","CALL IMMEDIATELY (DUE: ₹74000)"
"BRDP20250883","Deepika Devi","Vivek Devi","9771490997","MCA","2025-2028","2","Hargaon, Uttar Pradesh","ACTIVE","30000","30000","0","30000","11000","19000","30000","0","30000","30000","0","30000","30000","0","30000","30000","0","30000","180000","41000","139000","PARTIAL","CALL IMMEDIATELY (DUE: ₹139000)"
"BRDP20260884","Seema Pandey","Deepika Pandey","9289279385","BCA","2026-2029","1","Hargaon, Uttar Pradesh","ACTIVE","20000","13500","6500","20000","0","20000","20000","0","20000","20000","0","20000","20000","0","20000","20000","0","20000","120000","13500","106500","PARTIAL","CALL IMMEDIATELY (DUE: ₹106500)"
"BRDP20250885","Pari Khan","Yashee Khan","9972156645","B.Sc","2025-2028","2","Sidhauli, Uttar Pradesh","ACTIVE","5000","5000","0","5000","5000","0","5000","0","5000","5000","0","5000","5000","0","5000","5000","0","5000","30000","10000","20000","PARTIAL","CALL IMMEDIATELY (DUE: ₹20000)"
"BRDP20260886","Rahul Prajapati","Deepak Prajapati","9123570908","B.Sc","2026-2029","1","Lucknow, Uttar Pradesh","ACTIVE","5000","5000","0","5000","0","5000","5000","0","5000","5000","0","5000","5000","0","5000","5000","0","5000","30000","5000","25000","PARTIAL","CALL IMMEDIATELY (DUE: ₹25000)"
"BRDP20230887","Kavita Maurya","Ankul Maurya","9541242242","MCA","2023-2026","5","Sitapur, Uttar Pradesh","ACTIVE","30000","30000","0","30000","30000","0","30000","30000","0","30000","30000","0","30000","0","30000","30000","0","30000","180000","120000","60000","PARTIAL","CALL IMMEDIATELY (DUE: ₹60000)"
"BRDP20240888","Rajesh Devi","Neha Devi","9738376038","B.Sc","2024-2027","3","Laharpur, Uttar Pradesh","ACTIVE","5000","5000","0","5000","5000","0","5000","3000","2000","5000","0","5000","5000","0","5000","5000","0","5000","30000","13000","17000","PARTIAL","CALL IMMEDIATELY (DUE: ₹17000)"
"BRDP20250889","Amit Sharma","Suman Sharma","9323731610","BCA","2025-2028","2","Lakhimpur Kheri, Uttar Pradesh","ACTIVE","20000","20000","0","20000","20000","0","20000","0","20000","20000","0","20000","20000","0","20000","20000","0","20000","120000","40000","80000","PARTIAL","CALL IMMEDIATELY (DUE: ₹80000)"
"BRDP20230890","Pinku Pandey","Ravi Pandey","9773843252","BBA","2023-2026","5","Sidhauli, Uttar Pradesh","ACTIVE","22000","22000","0","22000","22000","0","22000","22000","0","22000","22000","0","22000","22000","0","22000","0","22000","132000","110000","22000","PARTIAL","CALL IMMEDIATELY (DUE: ₹22000)"
"BRDP20230891","Rahul Singh","Laxmi Singh","9182869350","BCA","2023-2026","5","Sitapur, Uttar Pradesh","DELETED","20000","20000","0","20000","20000","0","20000","20000","0","20000","20000","0","20000","13000","7000","20000","0","20000","120000","93000","27000","PARTIAL","CALL IMMEDIATELY (DUE: ₹27000)"
"BRDP20260892","Rajesh Yadav","Divyanshi Yadav","9886373981","B.Tech CSE","2026-2029","1","Hargaon, Uttar Pradesh","ACTIVE","25000","19000","6000","25000","0","25000","25000","0","25000","25000","0","25000","25000","0","25000","25000","0","25000","150000","19000","131000","PARTIAL","CALL IMMEDIATELY (DUE: ₹131000)"
"BRDP20240893","Divyanshi Pandey","Rekha Pandey","9952862239","B.Tech CSE","2024-2027","3","Sidhauli, Uttar Pradesh","ACTIVE","25000","25000","0","25000","25000","0","25000","18500","6500","25000","0","25000","25000","0","25000","25000","0","25000","150000","68500","81500","PARTIAL","CALL IMMEDIATELY (DUE: ₹81500)"
"BRDP20230894","Sandeep Rathour","Pankaj Rathour","9355744986","BCA","2023-2026","5","Sidhauli, Uttar Pradesh","ACTIVE","20000","20000","0","20000","20000","0","20000","20000","0","20000","20000","0","20000","0","20000","20000","0","20000","120000","80000","40000","PARTIAL","CALL IMMEDIATELY (DUE: ₹40000)"
"BRDP20240895","Priya Singh","Rahul Singh","9647484365","MCA","2024-2027","3","Maholi, Uttar Pradesh","ACTIVE","30000","30000","0","30000","30000","0","30000","12000","18000","30000","0","30000","30000","0","30000","30000","0","30000","180000","72000","108000","PARTIAL","CALL IMMEDIATELY (DUE: ₹108000)"
"BRDP20230896","Amit Jaiswal","Diwakar Jaiswal","9605757161","BBA","2023-2026","5","Sitapur Sadar, Uttar Pradesh","ACTIVE","22000","22000","0","22000","22000","0","22000","22000","0","22000","22000","0","22000","7500","14500","22000","0","22000","132000","95500","36500","PARTIAL","CALL IMMEDIATELY (DUE: ₹36500)"
"BRDP20240897","Vinod Chaurasiya","Ajay Chaurasiya","9175258851","B.Sc","2024-2027","3","Lucknow, Uttar Pradesh","ACTIVE","5000","5000","0","5000","5000","0","5000","3000","2000","5000","0","5000","5000","0","5000","5000","0","5000","30000","13000","17000","PARTIAL","CALL IMMEDIATELY (DUE: ₹17000)"
"BRDP20240898","Neha Shukla","Vijay Shukla","9364940983","BBA","2024-2027","3","Khairabad, Uttar Pradesh","ACTIVE","22000","22000","0","22000","22000","0","22000","0","22000","22000","0","22000","22000","0","22000","22000","0","22000","132000","44000","88000","PARTIAL","CALL IMMEDIATELY (DUE: ₹88000)"
"BRDP20250899","Aarya Giri","Anamika Giri","9904745143","B.Sc","2025-2028","2","Lakhimpur Kheri, Uttar Pradesh","ACTIVE","5000","5000","0","5000","3500","1500","5000","0","5000","5000","0","5000","5000","0","5000","5000","0","5000","30000","8500","21500","PARTIAL","CALL IMMEDIATELY (DUE: ₹21500)"
"BRDP20240900","Vinay Jaiswal","Iliyash Jaiswal","9476996918","BBA","2024-2027","3","Sitapur Sadar, Uttar Pradesh","ACTIVE","22000","22000","0","22000","22000","0","22000","22000","0","22000","0","22000","22000","0","22000","22000","0","22000","132000","66000","66000","PARTIAL","CALL IMMEDIATELY (DUE: ₹66000)"
"BRDP20250901","Ashish Yadav","Deepa Yadav","9940822840","MCA","2025-2028","2","Mohali, Uttar Pradesh","ACTIVE","30000","30000","0","30000","15500","14500","30000","0","30000","30000","0","30000","30000","0","30000","30000","0","30000","180000","45500","134500","PARTIAL","CALL IMMEDIATELY (DUE: ₹134500)"
"BRDP20260902","Seema Khan","Gudiya Khan","9604823085","BCA","2026-2029","1","Khairabad, Uttar Pradesh","DELETED","20000","7500","12500","20000","0","20000","20000","0","20000","20000","0","20000","20000","0","20000","20000","0","20000","120000","7500","112500","PARTIAL","CALL IMMEDIATELY (DUE: ₹112500)"
"BRDP20240903","Divanshi Mishra","Manish Mishra","9887480150","BCA","2024-2027","3","Laharpur, Uttar Pradesh","ACTIVE","20000","20000","0","20000","20000","0","20000","11000","9000","20000","0","20000","20000","0","20000","20000","0","20000","120000","51000","69000","PARTIAL","CALL IMMEDIATELY (DUE: ₹69000)"
"BRDP20230904","Nainsi Mishra","Pushpendra Mishra","9379747004","B.Sc","2023-2026","5","Mohali, Uttar Pradesh","ACTIVE","5000","5000","0","5000","5000","0","5000","5000","0","5000","5000","0","5000","0","5000","5000","0","5000","30000","20000","10000","PARTIAL","CALL IMMEDIATELY (DUE: ₹10000)"
"BRDP20230905","Pankaj Sharma","Sunil Sharma","9703972267","B.Sc","2023-2026","5","Sitapur, Uttar Pradesh","ACTIVE","5000","5000","0","5000","5000","0","5000","5000","0","5000","5000","0","5000","0","5000","5000","0","5000","30000","20000","10000","PARTIAL","CALL IMMEDIATELY (DUE: ₹10000)"
"BRDP20260906","Rahul Agrahari","Adarsh Agrahari","9182048647","B.Sc","2026-2029","1","Sitapur Sadar, Uttar Pradesh","ACTIVE","5000","0","5000","5000","0","5000","5000","0","5000","5000","0","5000","5000","0","5000","5000","0","5000","30000","0","30000","PENDING","CALL IMMEDIATELY (DUE: ₹30000)"
"BRDP20240907","Deepak Tripathi","Ashish Tripathi","9955042705","BA","2024-2027","3","Kanpur, Uttar Pradesh","ACTIVE","3000","3000","0","3000","3000","0","3000","1500","1500","3000","0","3000","3000","0","3000","3000","0","3000","18000","7500","10500","PARTIAL","CALL IMMEDIATELY (DUE: ₹10500)"
"BRDP20260908","Ramesh Agrahari","Suman Agrahari","9342665772","BCA","2026-2029","1","Mohali, Uttar Pradesh","ACTIVE","20000","0","20000","20000","0","20000","20000","0","20000","20000","0","20000","20000","0","20000","20000","0","20000","120000","0","120000","PENDING","CALL IMMEDIATELY (DUE: ₹120000)"
"BRDP20250909","Aarti Giri","Mahek Giri","9777736850","B.Sc","2025-2028","2","Mohali, Uttar Pradesh","ACTIVE","5000","5000","0","5000","5000","0","5000","0","5000","5000","0","5000","5000","0","5000","5000","0","5000","30000","10000","20000","PARTIAL","CALL IMMEDIATELY (DUE: ₹20000)"
"BRDP20260910","Roshani Khan","Manish Khan","9791590954","MCA","2026-2029","1","Misrikh, Uttar Pradesh","ACTIVE","30000","12000","18000","30000","0","30000","30000","0","30000","30000","0","30000","30000","0","30000","30000","0","30000","180000","12000","168000","PARTIAL","CALL IMMEDIATELY (DUE: ₹168000)"
"BRDP20230911","Sunita Dwivedi","Ananya Dwivedi","9544577674","B.Sc","2023-2026","5","Maholi, Uttar Pradesh","ACTIVE","5000","5000","0","5000","5000","0","5000","5000","0","5000","5000","0","5000","0","5000","5000","0","5000","30000","20000","10000","PARTIAL","CALL IMMEDIATELY (DUE: ₹10000)"
"BRDP20230912","Nainsi Srivastava","Sonu Srivastava","9789093180","B.Sc","2023-2026","5","Mohali, Uttar Pradesh","ACTIVE","5000","5000","0","5000","5000","0","5000","5000","0","5000","5000","0","5000","2000","3000","5000","0","5000","30000","22000","8000","PARTIAL","CALL IMMEDIATELY (DUE: ₹8000)"
"BRDP20250913","Vinod Dwivedi","Saumya Dwivedi","9590145206","BCA","2025-2028","2","Lakhimpur Kheri, Uttar Pradesh","ACTIVE","20000","20000","0","20000","20000","0","20000","0","20000","20000","0","20000","20000","0","20000","20000","0","20000","120000","40000","80000","PARTIAL","CALL IMMEDIATELY (DUE: ₹80000)"
"BRDP20260914","Avneesh Saini","Priya Saini","9451883930","BCA","2026-2029","1","Misrikh, Uttar Pradesh","ACTIVE","20000","20000","0","20000","0","20000","20000","0","20000","20000","0","20000","20000","0","20000","20000","0","20000","120000","20000","100000","PARTIAL","CALL IMMEDIATELY (DUE: ₹100000)"
"BRDP20260915","Aditya Paswan","Asha Paswan","9431818732","B.Sc","2026-2029","1","Hargaon, Uttar Pradesh","ACTIVE","5000","3000","2000","5000","0","5000","5000","0","5000","5000","0","5000","5000","0","5000","5000","0","5000","30000","3000","27000","PARTIAL","CALL IMMEDIATELY (DUE: ₹27000)"
"BRDP20230916","Ashish Dubey","Aarav Dubey","9801254766","MCA","2023-2026","5","Lucknow, Uttar Pradesh","ACTIVE","30000","30000","0","30000","30000","0","30000","30000","0","30000","30000","0","30000","13500","16500","30000","0","30000","180000","133500","46500","PARTIAL","CALL IMMEDIATELY (DUE: ₹46500)"
"BRDP20250917","Sarita Pandey","Pinku Pandey","9171443672","MCA","2025-2028","2","Patna, Uttar Pradesh","ACTIVE","30000","30000","0","30000","30000","0","30000","0","30000","30000","0","30000","30000","0","30000","30000","0","30000","180000","60000","120000","PARTIAL","CALL IMMEDIATELY (DUE: ₹120000)"
"BRDP20260918","Kavita Saini","Ashish Saini","9616534056","BA","2026-2029","1","Patna, Uttar Pradesh","ACTIVE","3000","1500","1500","3000","0","3000","3000","0","3000","3000","0","3000","3000","0","3000","3000","0","3000","18000","1500","16500","PARTIAL","CALL IMMEDIATELY (DUE: ₹16500)"
"BRDP20250919","Gudiya Dubey","Manoj Dubey","9526421845","BA","2025-2028","2","Lakhimpur Kheri, Uttar Pradesh","ACTIVE","3000","3000","0","3000","0","3000","3000","0","3000","3000","0","3000","3000","0","3000","3000","0","3000","18000","3000","15000","PARTIAL","CALL IMMEDIATELY (DUE: ₹15000)"
"BRDP20250920","Pankaj Singh","Aarav Singh","9694605675","MCA","2025-2028","2","Lakhimpur Kheri, Uttar Pradesh","ACTIVE","30000","30000","0","30000","30000","0","30000","0","30000","30000","0","30000","30000","0","30000","30000","0","30000","180000","60000","120000","PARTIAL","CALL IMMEDIATELY (DUE: ₹120000)"
"BRDP20230921","Pushpendra Pal","Rahul Pal","9850711862","B.Sc","2023-2026","5","Patna, Uttar Pradesh","ACTIVE","5000","5000","0","5000","5000","0","5000","5000","0","5000","5000","0","5000","0","5000","5000","0","5000","30000","20000","10000","PARTIAL","CALL IMMEDIATELY (DUE: ₹10000)"
"BRDP20230922","Saumya Gautam","Rekha Gautam","9117736594","B.Sc","2023-2026","5","Misrikh, Uttar Pradesh","ACTIVE","5000","5000","0","5000","5000","0","5000","5000","0","5000","5000","0","5000","0","5000","5000","0","5000","30000","20000","10000","PARTIAL","CALL IMMEDIATELY (DUE: ₹10000)"
"BRDP20260923","Vikas Verma","Anita Verma","9225994643","BBA","2026-2029","1","Sitapur, Uttar Pradesh","ACTIVE","22000","22000","0","22000","0","22000","22000","0","22000","22000","0","22000","22000","0","22000","22000","0","22000","132000","22000","110000","PARTIAL","CALL IMMEDIATELY (DUE: ₹110000)"
"BRDP20230924","Ravi Gupta","Saumya Gupta","9756939805","B.Sc","2023-2026","5","Biswan, Uttar Pradesh","ACTIVE","5000","5000","0","5000","5000","0","5000","5000","0","5000","5000","0","5000","0","5000","5000","0","5000","30000","20000","10000","PARTIAL","CALL IMMEDIATELY (DUE: ₹10000)"
"BRDP20230925","Divyanshi Yadav","Kamlesh Yadav","9162529282","B.Sc","2023-2026","5","Sidhauli, Uttar Pradesh","ACTIVE","5000","5000","0","5000","5000","0","5000","5000","0","5000","5000","0","5000","3500","1500","5000","0","5000","30000","23500","6500","PARTIAL","CALL IMMEDIATELY (DUE: ₹6500)"
"BRDP20250926","Ananya Pal","Pooja Pal","9425337059","MCA","2025-2028","2","Sitapur, Uttar Pradesh","ACTIVE","30000","30000","0","30000","0","30000","30000","0","30000","30000","0","30000","30000","0","30000","30000","0","30000","180000","30000","150000","PARTIAL","CALL IMMEDIATELY (DUE: ₹150000)"
"BRDP20230927","Shivangi Agrahari","Ravi Agrahari","9961670738","B.Tech CSE","2023-2026","5","Mohali, Uttar Pradesh","ACTIVE","25000","25000","0","25000","25000","0","25000","25000","0","25000","25000","0","25000","0","25000","25000","0","25000","150000","100000","50000","PARTIAL","CALL IMMEDIATELY (DUE: ₹50000)"
"BRDP20260928","Suresh Kashyap","Laxmi Kashyap","9591425630","MCA","2026-2029","1","Biswan, Uttar Pradesh","ACTIVE","30000","30000","0","30000","0","30000","30000","0","30000","30000","0","30000","30000","0","30000","30000","0","30000","180000","30000","150000","PARTIAL","CALL IMMEDIATELY (DUE: ₹150000)"
"BRDP20250929","Rohan Prajapati","Pari Prajapati","9617276415","MCA","2025-2028","2","Maholi, Uttar Pradesh","ACTIVE","30000","30000","0","30000","0","30000","30000","0","30000","30000","0","30000","30000","0","30000","30000","0","30000","180000","30000","150000","PARTIAL","CALL IMMEDIATELY (DUE: ₹150000)"
"BRDP20240930","Rahul Maurya","Suman Maurya","9863484678","BCA","2024-2027","3","Mohali, Uttar Pradesh","ACTIVE","20000","20000","0","20000","20000","0","20000","15000","5000","20000","0","20000","20000","0","20000","20000","0","20000","120000","55000","65000","PARTIAL","CALL IMMEDIATELY (DUE: ₹65000)"
"BRDP20250931","Aarav Giri","Mahek Giri","9195224372","MCA","2025-2028","2","Mohali, Uttar Pradesh","ACTIVE","30000","30000","0","30000","17000","13000","30000","0","30000","30000","0","30000","30000","0","30000","30000","0","30000","180000","47000","133000","PARTIAL","CALL IMMEDIATELY (DUE: ₹133000)"
"BRDP20260932","Ajay Verma","Sonika Verma","9473152557","BCA","2026-2029","1","Khairabad, Uttar Pradesh","ACTIVE","20000","0","20000","20000","0","20000","20000","0","20000","20000","0","20000","20000","0","20000","20000","0","20000","120000","0","120000","PENDING","CALL IMMEDIATELY (DUE: ₹120000)"
"BRDP20250933","Sunil Dwivedi","Dharmendra Dwivedi","9478271886","B.Sc","2025-2028","2","Sitapur Sadar, Uttar Pradesh","ACTIVE","5000","5000","0","5000","3500","1500","5000","0","5000","5000","0","5000","5000","0","5000","5000","0","5000","30000","8500","21500","PARTIAL","CALL IMMEDIATELY (DUE: ₹21500)"
"BRDP20240934","Ajay Kashyap","Anjali Kashyap","9310557161","MCA","2024-2027","3","Kanpur, Uttar Pradesh","ACTIVE","30000","30000","0","30000","30000","0","30000","30000","0","30000","0","30000","30000","0","30000","30000","0","30000","180000","90000","90000","PARTIAL","CALL IMMEDIATELY (DUE: ₹90000)"
"BRDP20240935","Manoj Kashyap","Alok Kashyap","9257783079","B.Tech CSE","2024-2027","3","Maholi, Uttar Pradesh","DELETED","25000","25000","0","25000","25000","0","25000","18000","7000","25000","0","25000","25000","0","25000","25000","0","25000","150000","68000","82000","PARTIAL","CALL IMMEDIATELY (DUE: ₹82000)"
"BRDP20230936","Amit Maurya","Sani Maurya","9755999285","BA","2023-2026","5","Mohali, Uttar Pradesh","ACTIVE","3000","3000","0","3000","3000","0","3000","3000","0","3000","3000","0","3000","0","3000","3000","0","3000","18000","12000","6000","PARTIAL","CALL IMMEDIATELY (DUE: ₹6000)"
"BRDP20240937","Pooja Pal","Priya Pal","9119628036","BBA","2024-2027","3","Mohali, Uttar Pradesh","ACTIVE","22000","22000","0","22000","22000","0","22000","15500","6500","22000","0","22000","22000","0","22000","22000","0","22000","132000","59500","72500","PARTIAL","CALL IMMEDIATELY (DUE: ₹72500)"
"BRDP20250938","Mahek Rajpoot","Nainsi Rajpoot","9778298783","B.Tech CSE","2025-2028","2","Sitapur Sadar, Uttar Pradesh","ACTIVE","25000","25000","0","25000","25000","0","25000","0","25000","25000","0","25000","25000","0","25000","25000","0","25000","150000","50000","100000","PARTIAL","CALL IMMEDIATELY (DUE: ₹100000)"
"BRDP20250939","Saumya Mishra","Manoj Mishra","9743126862","MCA","2025-2028","2","Sitapur Sadar, Uttar Pradesh","ACTIVE","30000","30000","0","30000","24000","6000","30000","0","30000","30000","0","30000","30000","0","30000","30000","0","30000","180000","54000","126000","PARTIAL","CALL IMMEDIATELY (DUE: ₹126000)"
"BRDP20240940","Pankaj Verma","Roshani Verma","9962640485","B.Tech CSE","2024-2027","3","Biswan, Uttar Pradesh","ACTIVE","25000","25000","0","25000","25000","0","25000","18000","7000","25000","0","25000","25000","0","25000","25000","0","25000","150000","68000","82000","PARTIAL","CALL IMMEDIATELY (DUE: ₹82000)"
"BRDP20250941","Dharmendra Chaurasiya","Sonu Chaurasiya","9889955229","BA","2025-2028","2","Biswan, Uttar Pradesh","ACTIVE","3000","3000","0","3000","3000","0","3000","0","3000","3000","0","3000","3000","0","3000","3000","0","3000","18000","6000","12000","PARTIAL","CALL IMMEDIATELY (DUE: ₹12000)"
"BRDP20240942","Naimish Kashyap","Neha Kashyap","9658469172","BA","2024-2027","3","Sitapur, Uttar Pradesh","ACTIVE","3000","3000","0","3000","3000","0","3000","1000","2000","3000","0","3000","3000","0","3000","3000","0","3000","18000","7000","11000","PARTIAL","CALL IMMEDIATELY (DUE: ₹11000)"
"BRDP20260943","Sani Prajapati","Kavita Prajapati","9146841248","MCA","2026-2029","1","Khairabad, Uttar Pradesh","ACTIVE","30000","0","30000","30000","0","30000","30000","0","30000","30000","0","30000","30000","0","30000","30000","0","30000","180000","0","180000","PENDING","CALL IMMEDIATELY (DUE: ₹180000)"
"BRDP20250944","Aarti Singh","Shivangi Singh","9224439914","B.Tech CSE","2025-2028","2","Misrikh, Uttar Pradesh","ACTIVE","25000","25000","0","25000","9000","16000","25000","0","25000","25000","0","25000","25000","0","25000","25000","0","25000","150000","34000","116000","PARTIAL","CALL IMMEDIATELY (DUE: ₹116000)"
"BRDP20240945","Rekha Jaiswal","Sangita Jaiswal","9381496470","BCA","2024-2027","3","Patna, Uttar Pradesh","ACTIVE","20000","20000","0","20000","20000","0","20000","13500","6500","20000","0","20000","20000","0","20000","20000","0","20000","120000","53500","66500","PARTIAL","CALL IMMEDIATELY (DUE: ₹66500)"
"BRDP20250946","Dharmendra Tripathi","Geeta Tripathi","9860094467","B.Tech CSE","2025-2028","2","Mohali, Uttar Pradesh","ACTIVE","25000","25000","0","25000","9500","15500","25000","0","25000","25000","0","25000","25000","0","25000","25000","0","25000","150000","34500","115500","PARTIAL","CALL IMMEDIATELY (DUE: ₹115500)"
"BRDP20250947","Rajesh Yadav","Pari Yadav","9825173798","MCA","2025-2028","2","Lucknow, Uttar Pradesh","ACTIVE","30000","30000","0","30000","19000","11000","30000","0","30000","30000","0","30000","30000","0","30000","30000","0","30000","180000","49000","131000","PARTIAL","CALL IMMEDIATELY (DUE: ₹131000)"
"BRDP20240948","Sani Tripathi","Sarita Tripathi","9828241139","BBA","2024-2027","3","Biswan, Uttar Pradesh","ACTIVE","22000","22000","0","22000","22000","0","22000","22000","0","22000","0","22000","22000","0","22000","22000","0","22000","132000","66000","66000","PARTIAL","CALL IMMEDIATELY (DUE: ₹66000)"
"BRDP20260949","Adarsh Verma","Sanjay Verma","9367124047","B.Sc","2026-2029","1","Khairabad, Uttar Pradesh","ACTIVE","5000","5000","0","5000","0","5000","5000","0","5000","5000","0","5000","5000","0","5000","5000","0","5000","30000","5000","25000","PARTIAL","CALL IMMEDIATELY (DUE: ₹25000)"
"BRDP20260950","Suresh Sharma","Manoj Sharma","9409735534","MCA","2026-2029","1","Sitapur, Uttar Pradesh","ACTIVE","30000","30000","0","30000","0","30000","30000","0","30000","30000","0","30000","30000","0","30000","30000","0","30000","180000","30000","150000","PARTIAL","CALL IMMEDIATELY (DUE: ₹150000)"
"BRDP20230951","Ayush Mishra","Anjali Mishra","9754233434","BA","2023-2026","5","Lakhimpur Kheri, Uttar Pradesh","ACTIVE","3000","3000","0","3000","3000","0","3000","3000","0","3000","3000","0","3000","3000","0","3000","0","3000","18000","15000","3000","PARTIAL","CALL IMMEDIATELY (DUE: ₹3000)"
"BRDP20240952","Pari Gupta","Mahek Gupta","9690807616","BBA","2024-2027","3","Laharpur, Uttar Pradesh","ACTIVE","22000","22000","0","22000","22000","0","22000","12500","9500","22000","0","22000","22000","0","22000","22000","0","22000","132000","56500","75500","PARTIAL","CALL IMMEDIATELY (DUE: ₹75500)"
"BRDP20250953","Anamika Jaiswal","Anjali Jaiswal","9712761442","MCA","2025-2028","2","Biswan, Uttar Pradesh","ACTIVE","30000","30000","0","30000","30000","0","30000","0","30000","30000","0","30000","30000","0","30000","30000","0","30000","180000","60000","120000","PARTIAL","CALL IMMEDIATELY (DUE: ₹120000)"
"BRDP20230954","Priya Mishra","Rahul Mishra","9835214623","BA","2023-2026","5","Sidhauli, Uttar Pradesh","ACTIVE","3000","3000","0","3000","3000","0","3000","3000","0","3000","3000","0","3000","3000","0","3000","0","3000","18000","15000","3000","PARTIAL","CALL IMMEDIATELY (DUE: ₹3000)"
"BRDP20230955","Seema Mishra","Abhishek Mishra","9699137737","BBA","2023-2026","5","Laharpur, Uttar Pradesh","ACTIVE","22000","22000","0","22000","22000","0","22000","22000","0","22000","22000","0","22000","0","22000","22000","0","22000","132000","88000","44000","PARTIAL","CALL IMMEDIATELY (DUE: ₹44000)"
"BRDP20250956","Asha Kumar","Anjali Kumar","9846179601","MCA","2025-2028","2","Misrikh, Uttar Pradesh","ACTIVE","30000","30000","0","30000","24000","6000","30000","0","30000","30000","0","30000","30000","0","30000","30000","0","30000","180000","54000","126000","PARTIAL","CALL IMMEDIATELY (DUE: ₹126000)"
"BRDP20260957","Ananya Kumar","Aarav Kumar","9552691167","B.Sc","2026-2029","1","Sitapur, Uttar Pradesh","ACTIVE","5000","5000","0","5000","0","5000","5000","0","5000","5000","0","5000","5000","0","5000","5000","0","5000","30000","5000","25000","PARTIAL","CALL IMMEDIATELY (DUE: ₹25000)"
"BRDP20230958","Ritu Mishra","Anjali Mishra","9223337530","BA","2023-2026","5","Mohali, Uttar Pradesh","ACTIVE","3000","3000","0","3000","3000","0","3000","3000","0","3000","3000","0","3000","0","3000","3000","0","3000","18000","12000","6000","PARTIAL","CALL IMMEDIATELY (DUE: ₹6000)"
"BRDP20260959","Pankaj Pal","Aarya Pal","9365675642","MCA","2026-2029","1","Lakhimpur Kheri, Uttar Pradesh","ACTIVE","30000","0","30000","30000","0","30000","30000","0","30000","30000","0","30000","30000","0","30000","30000","0","30000","180000","0","180000","PENDING","CALL IMMEDIATELY (DUE: ₹180000)"
"BRDP20260960","Meena Tiwari","Aarav Tiwari","9342515215","BBA","2026-2029","1","Mohali, Uttar Pradesh","ACTIVE","22000","0","22000","22000","0","22000","22000","0","22000","22000","0","22000","22000","0","22000","22000","0","22000","132000","0","132000","PENDING","CALL IMMEDIATELY (DUE: ₹132000)"
"BRDP20230961","Iliyash Prajapati","Divanshi Prajapati","9793135546","B.Sc","2023-2026","5","Sidhauli, Uttar Pradesh","ACTIVE","5000","5000","0","5000","5000","0","5000","5000","0","5000","5000","0","5000","5000","0","5000","0","5000","30000","25000","5000","PARTIAL","CALL IMMEDIATELY (DUE: ₹5000)"
"BRDP20250962","Kamlesh Pal","Usha Pal","9742784733","MCA","2025-2028","2","Laharpur, Uttar Pradesh","ACTIVE","30000","30000","0","30000","30000","0","30000","0","30000","30000","0","30000","30000","0","30000","30000","0","30000","180000","60000","120000","PARTIAL","CALL IMMEDIATELY (DUE: ₹120000)"
"BRDP20260963","Roshani Pal","Sanjay Pal","9686652154","BA","2026-2029","1","Lucknow, Uttar Pradesh","ACTIVE","3000","0","3000","3000","0","3000","3000","0","3000","3000","0","3000","3000","0","3000","3000","0","3000","18000","0","18000","PENDING","CALL IMMEDIATELY (DUE: ₹18000)"
"BRDP20230964","Saumya Pal","Ankul Pal","9357979667","MCA","2023-2026","5","Mohali, Uttar Pradesh","ACTIVE","30000","30000","0","30000","30000","0","30000","30000","0","30000","30000","0","30000","30000","0","30000","0","30000","180000","150000","30000","PARTIAL","CALL IMMEDIATELY (DUE: ₹30000)"
"BRDP20240965","Rashi Chaurasiya","Saumya Chaurasiya","9489362199","MCA","2024-2027","3","Lucknow, Uttar Pradesh","DELETED","30000","30000","0","30000","30000","0","30000","19500","10500","30000","0","30000","30000","0","30000","30000","0","30000","180000","79500","100500","PARTIAL","CALL IMMEDIATELY (DUE: ₹100500)"
"BRDP20250966","Avneesh Kanaujiya","Subhendu Kanaujiya","9725839762","BCA","2025-2028","2","Kanpur, Uttar Pradesh","DELETED","20000","20000","0","20000","10000","10000","20000","0","20000","20000","0","20000","20000","0","20000","20000","0","20000","120000","30000","90000","PARTIAL","CALL IMMEDIATELY (DUE: ₹90000)"
"BRDP20240967","Satish Srivastava","Pinku Srivastava","9880191762","BCA","2024-2027","3","Biswan, Uttar Pradesh","ACTIVE","20000","20000","0","20000","20000","0","20000","20000","0","20000","0","20000","20000","0","20000","20000","0","20000","120000","60000","60000","PARTIAL","CALL IMMEDIATELY (DUE: ₹60000)"
"BRDP20250968","Aarav Shukla","Neha Shukla","9816669766","BA","2025-2028","2","Sitapur, Uttar Pradesh","ACTIVE","3000","3000","0","3000","3000","0","3000","0","3000","3000","0","3000","3000","0","3000","3000","0","3000","18000","6000","12000","PARTIAL","CALL IMMEDIATELY (DUE: ₹12000)"
"BRDP20230969","Ravi Pandey","Suresh Pandey","9135228623","B.Tech CSE","2023-2026","5","Patna, Uttar Pradesh","ACTIVE","25000","25000","0","25000","25000","0","25000","25000","0","25000","25000","0","25000","16000","9000","25000","0","25000","150000","116000","34000","PARTIAL","CALL IMMEDIATELY (DUE: ₹34000)"
"BRDP20250970","Ankul Mishra","Ravi Mishra","9783696008","BBA","2025-2028","2","Misrikh, Uttar Pradesh","ACTIVE","22000","22000","0","22000","22000","0","22000","0","22000","22000","0","22000","22000","0","22000","22000","0","22000","132000","44000","88000","PARTIAL","CALL IMMEDIATELY (DUE: ₹88000)"
"BRDP20240971","Ashish Giri","Iliyash Giri","9363364411","BA","2024-2027","3","Lucknow, Uttar Pradesh","ACTIVE","3000","3000","0","3000","3000","0","3000","2000","1000","3000","0","3000","3000","0","3000","3000","0","3000","18000","8000","10000","PARTIAL","CALL IMMEDIATELY (DUE: ₹10000)"
"BRDP20230972","Aarti Gautam","Geeta Gautam","9983021004","MCA","2023-2026","5","Misrikh, Uttar Pradesh","ACTIVE","30000","30000","0","30000","30000","0","30000","30000","0","30000","30000","0","30000","15500","14500","30000","0","30000","180000","135500","44500","PARTIAL","CALL IMMEDIATELY (DUE: ₹44500)"
"BRDP20230973","Deepak Maurya","Ramesh Maurya","9222743384","BCA","2023-2026","5","Khairabad, Uttar Pradesh","ACTIVE","20000","20000","0","20000","20000","0","20000","20000","0","20000","20000","0","20000","15000","5000","20000","0","20000","120000","95000","25000","PARTIAL","CALL IMMEDIATELY (DUE: ₹25000)"
"BRDP20260974","Anjali Gautam","Anita Gautam","9952807624","BA","2026-2029","1","Lucknow, Uttar Pradesh","ACTIVE","3000","0","3000","3000","0","3000","3000","0","3000","3000","0","3000","3000","0","3000","3000","0","3000","18000","0","18000","PENDING","CALL IMMEDIATELY (DUE: ₹18000)"
"BRDP20230975","Rajesh Devi","Ananya Devi","9463523957","MCA","2023-2026","5","Mohali, Uttar Pradesh","ACTIVE","30000","30000","0","30000","30000","0","30000","30000","0","30000","30000","0","30000","22000","8000","30000","0","30000","180000","142000","38000","PARTIAL","CALL IMMEDIATELY (DUE: ₹38000)"
"BRDP20250976","Rohan Yadav","Yashee Yadav","9638618397","BCA","2025-2028","2","Kanpur, Uttar Pradesh","ACTIVE","20000","20000","0","20000","20000","0","20000","0","20000","20000","0","20000","20000","0","20000","20000","0","20000","120000","40000","80000","PARTIAL","CALL IMMEDIATELY (DUE: ₹80000)"
"BRDP20240977","Deepika Rajpoot","Priya Rajpoot","9214888082","BBA","2024-2027","3","Khairabad, Uttar Pradesh","ACTIVE","22000","22000","0","22000","22000","0","22000","22000","0","22000","0","22000","22000","0","22000","22000","0","22000","132000","66000","66000","PARTIAL","CALL IMMEDIATELY (DUE: ₹66000)"
"BRDP20250978","Ashutosh Rajpoot","Divyanshi Rajpoot","9582146869","B.Tech CSE","2025-2028","2","Kanpur, Uttar Pradesh","ACTIVE","25000","25000","0","25000","11000","14000","25000","0","25000","25000","0","25000","25000","0","25000","25000","0","25000","150000","36000","114000","PARTIAL","CALL IMMEDIATELY (DUE: ₹114000)"
"BRDP20250979","Sunil Giri","Adarsh Giri","9759929345","BCA","2025-2028","2","Patna, Uttar Pradesh","ACTIVE","20000","20000","0","20000","20000","0","20000","0","20000","20000","0","20000","20000","0","20000","20000","0","20000","120000","40000","80000","PARTIAL","CALL IMMEDIATELY (DUE: ₹80000)"
"BRDP20230980","Ashutosh Mishra","Shivani Mishra","9915374408","MCA","2023-2026","5","Lucknow, Uttar Pradesh","ACTIVE","30000","30000","0","30000","30000","0","30000","30000","0","30000","30000","0","30000","30000","0","30000","0","30000","180000","150000","30000","PARTIAL","CALL IMMEDIATELY (DUE: ₹30000)"
"BRDP20250981","Sunil Rajpoot","Aditya Rajpoot","9175910794","BCA","2025-2028","2","Laharpur, Uttar Pradesh","ACTIVE","20000","20000","0","20000","14500","5500","20000","0","20000","20000","0","20000","20000","0","20000","20000","0","20000","120000","34500","85500","PARTIAL","CALL IMMEDIATELY (DUE: ₹85500)"
"BRDP20230982","Priya Sharma","Sunita Sharma","9858854040","B.Tech CSE","2023-2026","5","Misrikh, Uttar Pradesh","ACTIVE","25000","25000","0","25000","25000","0","25000","25000","0","25000","25000","0","25000","25000","0","25000","0","25000","150000","125000","25000","PARTIAL","CALL IMMEDIATELY (DUE: ₹25000)"
"BRDP20260983","Deepak Khan","Sanjay Khan","9958204777","BCA","2026-2029","1","Sitapur Sadar, Uttar Pradesh","ACTIVE","20000","20000","0","20000","0","20000","20000","0","20000","20000","0","20000","20000","0","20000","20000","0","20000","120000","20000","100000","PARTIAL","CALL IMMEDIATELY (DUE: ₹100000)"
"BRDP20250984","Yashee Dwivedi","Sangita Dwivedi","9197480109","BBA","2025-2028","2","Mohali, Uttar Pradesh","ACTIVE","22000","22000","0","22000","10500","11500","22000","0","22000","22000","0","22000","22000","0","22000","22000","0","22000","132000","32500","99500","PARTIAL","CALL IMMEDIATELY (DUE: ₹99500)"
"BRDP20230985","Anjali Dubey","Ayush Dubey","9355150158","B.Tech CSE","2023-2026","5","Mohali, Uttar Pradesh","ACTIVE","25000","25000","0","25000","25000","0","25000","25000","0","25000","25000","0","25000","9000","16000","25000","0","25000","150000","109000","41000","PARTIAL","CALL IMMEDIATELY (DUE: ₹41000)"
"BRDP20250986","Meena Saini","Nainsi Saini","9805128173","B.Tech CSE","2025-2028","2","Sidhauli, Uttar Pradesh","ACTIVE","25000","25000","0","25000","25000","0","25000","0","25000","25000","0","25000","25000","0","25000","25000","0","25000","150000","50000","100000","PARTIAL","CALL IMMEDIATELY (DUE: ₹100000)"
"BRDP20260987","Alok Dwivedi","Ajay Dwivedi","9232727384","BA","2026-2029","1","Hargaon, Uttar Pradesh","DELETED","3000","3000","0","3000","0","3000","3000","0","3000","3000","0","3000","3000","0","3000","3000","0","3000","18000","3000","15000","PARTIAL","CALL IMMEDIATELY (DUE: ₹15000)"
"BRDP20260988","Ananya Khan","Abhishek Khan","9164583801","BCA","2026-2029","1","Misrikh, Uttar Pradesh","ACTIVE","20000","20000","0","20000","0","20000","20000","0","20000","20000","0","20000","20000","0","20000","20000","0","20000","120000","20000","100000","PARTIAL","CALL IMMEDIATELY (DUE: ₹100000)"
"BRDP20250989","Manoj Agrahari","Avneesh Agrahari","9860996581","B.Sc","2025-2028","2","Sidhauli, Uttar Pradesh","ACTIVE","5000","5000","0","5000","0","5000","5000","0","5000","5000","0","5000","5000","0","5000","5000","0","5000","30000","5000","25000","PARTIAL","CALL IMMEDIATELY (DUE: ₹25000)"
"BRDP20260990","Manish Pandey","Sunil Pandey","9456612305","BA","2026-2029","1","Misrikh, Uttar Pradesh","ACTIVE","3000","1000","2000","3000","0","3000","3000","0","3000","3000","0","3000","3000","0","3000","3000","0","3000","18000","1000","17000","PARTIAL","CALL IMMEDIATELY (DUE: ₹17000)"
"BRDP20250991","Priya Yadav","Dharmendra Yadav","9524550814","MCA","2025-2028","2","Lakhimpur Kheri, Uttar Pradesh","ACTIVE","30000","30000","0","30000","30000","0","30000","0","30000","30000","0","30000","30000","0","30000","30000","0","30000","180000","60000","120000","PARTIAL","CALL IMMEDIATELY (DUE: ₹120000)"
"BRDP20250992","Sandeep Maurya","Subhendu Maurya","9163554525","B.Tech CSE","2025-2028","2","Sitapur Sadar, Uttar Pradesh","ACTIVE","25000","25000","0","25000","18000","7000","25000","0","25000","25000","0","25000","25000","0","25000","25000","0","25000","150000","43000","107000","PARTIAL","CALL IMMEDIATELY (DUE: ₹107000)"
"BRDP20240993","Meena Dwivedi","Aarti Dwivedi","9491268817","B.Tech CSE","2024-2027","3","Misrikh, Uttar Pradesh","ACTIVE","25000","25000","0","25000","25000","0","25000","8000","17000","25000","0","25000","25000","0","25000","25000","0","25000","150000","58000","92000","PARTIAL","CALL IMMEDIATELY (DUE: ₹92000)"
"BRDP20250994","Vinay Mishra","Vivek Mishra","9398497023","BA","2025-2028","2","Sitapur, Uttar Pradesh","ACTIVE","3000","3000","0","3000","1500","1500","3000","0","3000","3000","0","3000","3000","0","3000","3000","0","3000","18000","4500","13500","PARTIAL","CALL IMMEDIATELY (DUE: ₹13500)"
"BRDP20250995","Saumya Gupta","Priya Gupta","9728387943","BA","2025-2028","2","Sitapur, Uttar Pradesh","ACTIVE","3000","3000","0","3000","0","3000","3000","0","3000","3000","0","3000","3000","0","3000","3000","0","3000","18000","3000","15000","PARTIAL","CALL IMMEDIATELY (DUE: ₹15000)"
"BRDP20260996","Anjali Mishra","Yashee Mishra","9287790478","BBA","2026-2029","1","Lucknow, Uttar Pradesh","ACTIVE","22000","22000","0","22000","0","22000","22000","0","22000","22000","0","22000","22000","0","22000","22000","0","22000","132000","22000","110000","PARTIAL","CALL IMMEDIATELY (DUE: ₹110000)"
"BRDP20250997","Divanshi Paswan","Pinku Paswan","9254778463","B.Sc","2025-2028","2","Misrikh, Uttar Pradesh","ACTIVE","5000","5000","0","5000","5000","0","5000","0","5000","5000","0","5000","5000","0","5000","5000","0","5000","30000","10000","20000","PARTIAL","CALL IMMEDIATELY (DUE: ₹20000)"
"BRDP20240998","Divyanshi Maurya","Ritu Maurya","9495946873","B.Sc","2024-2027","3","Misrikh, Uttar Pradesh","ACTIVE","5000","5000","0","5000","5000","0","5000","5000","0","5000","0","5000","5000","0","5000","5000","0","5000","30000","15000","15000","PARTIAL","CALL IMMEDIATELY (DUE: ₹15000)"
"BRDP20250999","Pari Dwivedi","Pinku Dwivedi","9488665903","B.Sc","2025-2028","2","Khairabad, Uttar Pradesh","ACTIVE","5000","5000","0","5000","0","5000","5000","0","5000","5000","0","5000","5000","0","5000","5000","0","5000","30000","5000","25000","PARTIAL","CALL IMMEDIATELY (DUE: ₹25000)"
"BRDP20261000","Neha Dubey","Deepak Dubey","9634700528","BCA","2026-2029","1","Sitapur, Uttar Pradesh","ACTIVE","20000","9500","10500","20000","0","20000","20000","0","20000","20000","0","20000","20000","0","20000","20000","0","20000","120000","9500","110500","PARTIAL","CALL IMMEDIATELY (DUE: ₹110500)"
"BRDP20261001","Pushpendra Pandey","Sunita Pandey","9359192056","BA","2026-2029","1","Sitapur Sadar, Uttar Pradesh","ACTIVE","3000","0","3000","3000","0","3000","3000","0","3000","3000","0","3000","3000","0","3000","3000","0","3000","18000","0","18000","PENDING","CALL IMMEDIATELY (DUE: ₹18000)"
"BRDP20261002","Vikas Srivastava","Sangita Srivastava","9489945842","B.Sc","2026-2029","1","Laharpur, Uttar Pradesh","DELETED","5000","0","5000","5000","0","5000","5000","0","5000","5000","0","5000","5000","0","5000","5000","0","5000","30000","0","30000","PENDING","CALL IMMEDIATELY (DUE: ₹30000)"
"BRDP20261003","Pooja Dubey","Laxmi Dubey","9968316110","B.Tech CSE","2026-2029","1","Lucknow, Uttar Pradesh","ACTIVE","25000","25000","0","25000","0","25000","25000","0","25000","25000","0","25000","25000","0","25000","25000","0","25000","150000","25000","125000","PARTIAL","CALL IMMEDIATELY (DUE: ₹125000)"
"BRDP20261004","Vivek Devi","Shivangi Devi","9357572305","BCA","2026-2029","1","Khairabad, Uttar Pradesh","ACTIVE","20000","14500","5500","20000","0","20000","20000","0","20000","20000","0","20000","20000","0","20000","20000","0","20000","120000","14500","105500","PARTIAL","CALL IMMEDIATELY (DUE: ₹105500)"
"BRDP20251005","Deepa Tripathi","Vikas Tripathi","9132290080","MCA","2025-2028","2","Sidhauli, Uttar Pradesh","ACTIVE","30000","30000","0","30000","30000","0","30000","0","30000","30000","0","30000","30000","0","30000","30000","0","30000","180000","60000","120000","PARTIAL","CALL IMMEDIATELY (DUE: ₹120000)"
"BRDP20231006","Prateek Mishra","Subhendu Mishra","9708622450","BBA","2023-2026","5","Khairabad, Uttar Pradesh","ACTIVE","22000","22000","0","22000","22000","0","22000","22000","0","22000","22000","0","22000","14500","7500","22000","0","22000","132000","102500","29500","PARTIAL","CALL IMMEDIATELY (DUE: ₹29500)"
"BRDP20231007","Pushpendra Shukla","Priya Shukla","9129981191","BBA","2023-2026","5","Biswan, Uttar Pradesh","ACTIVE","22000","22000","0","22000","22000","0","22000","22000","0","22000","22000","0","22000","10000","12000","22000","0","22000","132000","98000","34000","PARTIAL","CALL IMMEDIATELY (DUE: ₹34000)"
"BRDP20231008","Avneesh Kashyap","Priya Kashyap","9328257144","B.Tech CSE","2023-2026","5","Maholi, Uttar Pradesh","ACTIVE","25000","25000","0","25000","25000","0","25000","25000","0","25000","25000","0","25000","0","25000","25000","0","25000","150000","100000","50000","PARTIAL","CALL IMMEDIATELY (DUE: ₹50000)"
"BRDP20251009","Geeta Pandey","Rahul Pandey","9662669084","BBA","2025-2028","2","Sitapur, Uttar Pradesh","ACTIVE","22000","22000","0","22000","0","22000","22000","0","22000","22000","0","22000","22000","0","22000","22000","0","22000","132000","22000","110000","PARTIAL","CALL IMMEDIATELY (DUE: ₹110000)"
"BRDP20241010","Rekha Rathour","Manish Rathour","9594870169","B.Tech CSE","2024-2027","3","Lucknow, Uttar Pradesh","ACTIVE","25000","25000","0","25000","25000","0","25000","0","25000","25000","0","25000","25000","0","25000","25000","0","25000","150000","50000","100000","PARTIAL","CALL IMMEDIATELY (DUE: ₹100000)"
"BRDP20261011","Sunita Pandey","Anjali Pandey","9848237193","BA","2026-2029","1","Laharpur, Uttar Pradesh","ACTIVE","3000","0","3000","3000","0","3000","3000","0","3000","3000","0","3000","3000","0","3000","3000","0","3000","18000","0","18000","PENDING","CALL IMMEDIATELY (DUE: ₹18000)"
"BRDP20231012","Prateek Tripathi","Dipanshi Tripathi","9619484146","B.Tech CSE","2023-2026","5","Biswan, Uttar Pradesh","ACTIVE","25000","25000","0","25000","25000","0","25000","25000","0","25000","25000","0","25000","16500","8500","25000","0","25000","150000","116500","33500","PARTIAL","CALL IMMEDIATELY (DUE: ₹33500)"
"BRDP20231013","Rashi Gupta","Sarita Gupta","9291853663","BBA","2023-2026","5","Patna, Uttar Pradesh","ACTIVE","22000","22000","0","22000","22000","0","22000","22000","0","22000","22000","0","22000","13500","8500","22000","0","22000","132000","101500","30500","PARTIAL","CALL IMMEDIATELY (DUE: ₹30500)"
"BRDP20231014","Priya Rajpoot","Saurabh Rajpoot","9622159937","BBA","2023-2026","5","Hargaon, Uttar Pradesh","ACTIVE","22000","22000","0","22000","22000","0","22000","22000","0","22000","22000","0","22000","0","22000","22000","0","22000","132000","88000","44000","PARTIAL","CALL IMMEDIATELY (DUE: ₹44000)"
"BRDP20251015","Amit Prajapati","Prateek Prajapati","9582211471","B.Tech CSE","2025-2028","2","Lakhimpur Kheri, Uttar Pradesh","ACTIVE","25000","25000","0","25000","0","25000","25000","0","25000","25000","0","25000","25000","0","25000","25000","0","25000","150000","25000","125000","PARTIAL","CALL IMMEDIATELY (DUE: ₹125000)"
"BRDP20241016","Yashee Sharma","Manish Sharma","9111667350","BBA","2024-2027","3","Biswan, Uttar Pradesh","ACTIVE","22000","22000","0","22000","22000","0","22000","22000","0","22000","0","22000","22000","0","22000","22000","0","22000","132000","66000","66000","PARTIAL","CALL IMMEDIATELY (DUE: ₹66000)"
"BRDP20261017","Suman Tiwari","Vijay Tiwari","9437275464","MCA","2026-2029","1","Sidhauli, Uttar Pradesh","ACTIVE","30000","30000","0","30000","0","30000","30000","0","30000","30000","0","30000","30000","0","30000","30000","0","30000","180000","30000","150000","PARTIAL","CALL IMMEDIATELY (DUE: ₹150000)"
"BRDP20251018","Sangita Gupta","Vivek Gupta","9349558785","B.Tech CSE","2025-2028","2","Misrikh, Uttar Pradesh","DELETED","25000","25000","0","25000","25000","0","25000","0","25000","25000","0","25000","25000","0","25000","25000","0","25000","150000","50000","100000","PARTIAL","CALL IMMEDIATELY (DUE: ₹100000)"
"BRDP20261019","Kavita Verma","Raj Verma","9331032808","B.Sc","2026-2029","1","Hargaon, Uttar Pradesh","ACTIVE","5000","5000","0","5000","0","5000","5000","0","5000","5000","0","5000","5000","0","5000","5000","0","5000","30000","5000","25000","PARTIAL","CALL IMMEDIATELY (DUE: ₹25000)"
"BRDP20251020","Vijay Maurya","Ritu Maurya","9871207728","B.Sc","2025-2028","2","Lakhimpur Kheri, Uttar Pradesh","ACTIVE","5000","5000","0","5000","3000","2000","5000","0","5000","5000","0","5000","5000","0","5000","5000","0","5000","30000","8000","22000","PARTIAL","CALL IMMEDIATELY (DUE: ₹22000)"
"BRDP20241021","Shivangi Kumar","Divanshi Kumar","9734966460","B.Tech CSE","2024-2027","3","Kanpur, Uttar Pradesh","ACTIVE","25000","25000","0","25000","25000","0","25000","17000","8000","25000","0","25000","25000","0","25000","25000","0","25000","150000","67000","83000","PARTIAL","CALL IMMEDIATELY (DUE: ₹83000)"
"BRDP20231022","Usha Sharma","Vinay Sharma","9354468784","B.Tech CSE","2023-2026","5","Khairabad, Uttar Pradesh","ACTIVE","25000","25000","0","25000","25000","0","25000","25000","0","25000","25000","0","25000","11500","13500","25000","0","25000","150000","111500","38500","PARTIAL","CALL IMMEDIATELY (DUE: ₹38500)"
"BRDP20261023","Seema Jaiswal","Aarya Jaiswal","9544765879","BBA","2026-2029","1","Maholi, Uttar Pradesh","ACTIVE","22000","22000","0","22000","0","22000","22000","0","22000","22000","0","22000","22000","0","22000","22000","0","22000","132000","22000","110000","PARTIAL","CALL IMMEDIATELY (DUE: ₹110000)"
"BRDP20261024","Sandeep Kashyap","Geeta Kashyap","9761867012","BBA","2026-2029","1","Kanpur, Uttar Pradesh","ACTIVE","22000","8000","14000","22000","0","22000","22000","0","22000","22000","0","22000","22000","0","22000","22000","0","22000","132000","8000","124000","PARTIAL","CALL IMMEDIATELY (DUE: ₹124000)"
"BRDP20231025","Rohan Tripathi","Divanshi Tripathi","9721232574","MCA","2023-2026","5","Maholi, Uttar Pradesh","ACTIVE","30000","30000","0","30000","30000","0","30000","30000","0","30000","30000","0","30000","15500","14500","30000","0","30000","180000","135500","44500","PARTIAL","CALL IMMEDIATELY (DUE: ₹44500)"
"BRDP20251026","Sangita Sharma","Suresh Sharma","9970143294","BA","2025-2028","2","Patna, Uttar Pradesh","ACTIVE","3000","3000","0","3000","3000","0","3000","0","3000","3000","0","3000","3000","0","3000","3000","0","3000","18000","6000","12000","PARTIAL","CALL IMMEDIATELY (DUE: ₹12000)"
"BRDP20241027","Roshani Mishra","Rashi Mishra","9951380297","BA","2024-2027","3","Laharpur, Uttar Pradesh","ACTIVE","3000","3000","0","3000","3000","0","3000","2000","1000","3000","0","3000","3000","0","3000","3000","0","3000","18000","8000","10000","PARTIAL","CALL IMMEDIATELY (DUE: ₹10000)"
"BRDP20261028","Deepika Rajpoot","Sanjay Rajpoot","9266688244","MCA","2026-2029","1","Kanpur, Uttar Pradesh","ACTIVE","30000","16500","13500","30000","0","30000","30000","0","30000","30000","0","30000","30000","0","30000","30000","0","30000","180000","16500","163500","PARTIAL","CALL IMMEDIATELY (DUE: ₹163500)"
"BRDP20261029","Manish Dwivedi","Pari Dwivedi","9172655986","B.Sc","2026-2029","1","Lucknow, Uttar Pradesh","ACTIVE","5000","3500","1500","5000","0","5000","5000","0","5000","5000","0","5000","5000","0","5000","5000","0","5000","30000","3500","26500","PARTIAL","CALL IMMEDIATELY (DUE: ₹26500)"
"BRDP20241030","Sonika Kashyap","Ashish Kashyap","9588676015","BCA","2024-2027","3","Patna, Uttar Pradesh","ACTIVE","20000","20000","0","20000","20000","0","20000","20000","0","20000","0","20000","20000","0","20000","20000","0","20000","120000","60000","60000","PARTIAL","CALL IMMEDIATELY (DUE: ₹60000)"
"BRDP20251031","Sonu Verma","Adarsh Verma","9280116706","MCA","2025-2028","2","Kanpur, Uttar Pradesh","ACTIVE","30000","30000","0","30000","15000","15000","30000","0","30000","30000","0","30000","30000","0","30000","30000","0","30000","180000","45000","135000","PARTIAL","CALL IMMEDIATELY (DUE: ₹135000)"
"BRDP20251032","Sanjay Jaiswal","Rekha Jaiswal","9949678082","BBA","2025-2028","2","Mohali, Uttar Pradesh","ACTIVE","22000","22000","0","22000","12500","9500","22000","0","22000","22000","0","22000","22000","0","22000","22000","0","22000","132000","34500","97500","PARTIAL","CALL IMMEDIATELY (DUE: ₹97500)"
"BRDP20251033","Pankaj Rajpoot","Avneesh Rajpoot","9525017990","B.Sc","2025-2028","2","Khairabad, Uttar Pradesh","ACTIVE","5000","5000","0","5000","1500","3500","5000","0","5000","5000","0","5000","5000","0","5000","5000","0","5000","30000","6500","23500","PARTIAL","CALL IMMEDIATELY (DUE: ₹23500)"
"BRDP20231034","Vivek Kanaujiya","Roshani Kanaujiya","9672366921","MCA","2023-2026","5","Sitapur Sadar, Uttar Pradesh","DELETED","30000","30000","0","30000","30000","0","30000","30000","0","30000","30000","0","30000","19000","11000","30000","0","30000","180000","139000","41000","PARTIAL","CALL IMMEDIATELY (DUE: ₹41000)"
"BRDP20241035","Rekha Sharma","Sunita Sharma","9853935718","MCA","2024-2027","3","Mohali, Uttar Pradesh","ACTIVE","30000","30000","0","30000","30000","0","30000","12000","18000","30000","0","30000","30000","0","30000","30000","0","30000","180000","72000","108000","PARTIAL","CALL IMMEDIATELY (DUE: ₹108000)"
"BRDP20241036","Pushpendra Khan","Aarya Khan","9904377804","B.Sc","2024-2027","3","Patna, Uttar Pradesh","ACTIVE","5000","5000","0","5000","5000","0","5000","5000","0","5000","0","5000","5000","0","5000","5000","0","5000","30000","15000","15000","PARTIAL","CALL IMMEDIATELY (DUE: ₹15000)"
"BRDP20231037","Pankaj Pal","Suman Pal","9100869200","MCA","2023-2026","5","Biswan, Uttar Pradesh","ACTIVE","30000","30000","0","30000","30000","0","30000","30000","0","30000","30000","0","30000","17000","13000","30000","0","30000","180000","137000","43000","PARTIAL","CALL IMMEDIATELY (DUE: ₹43000)"
"BRDP20261038","Vijay Devi","Sanjay Devi","9135637000","B.Sc","2026-2029","1","Maholi, Uttar Pradesh","ACTIVE","5000","3000","2000","5000","0","5000","5000","0","5000","5000","0","5000","5000","0","5000","5000","0","5000","30000","3000","27000","PARTIAL","CALL IMMEDIATELY (DUE: ₹27000)"
"BRDP20231039","Ananya Saini","Sangita Saini","9734153622","B.Tech CSE","2023-2026","5","Patna, Uttar Pradesh","ACTIVE","25000","25000","0","25000","25000","0","25000","25000","0","25000","25000","0","25000","25000","0","25000","0","25000","150000","125000","25000","PARTIAL","CALL IMMEDIATELY (DUE: ₹25000)"
"BRDP20231040","Ritu Mishra","Manoj Mishra","9705485941","B.Tech CSE","2023-2026","5","Sidhauli, Uttar Pradesh","ACTIVE","25000","25000","0","25000","25000","0","25000","25000","0","25000","25000","0","25000","0","25000","25000","0","25000","150000","100000","50000","PARTIAL","CALL IMMEDIATELY (DUE: ₹50000)"
"BRDP20261041","Divyanshi Jaiswal","Pinku Jaiswal","9798589770","MCA","2026-2029","1","Khairabad, Uttar Pradesh","ACTIVE","30000","30000","0","30000","0","30000","30000","0","30000","30000","0","30000","30000","0","30000","30000","0","30000","180000","30000","150000","PARTIAL","CALL IMMEDIATELY (DUE: ₹150000)"
"BRDP20231042","Rohan Sharma","Aarya Sharma","9736159119","B.Sc","2023-2026","5","Sitapur, Uttar Pradesh","ACTIVE","5000","5000","0","5000","5000","0","5000","5000","0","5000","5000","0","5000","3500","1500","5000","0","5000","30000","23500","6500","PARTIAL","CALL IMMEDIATELY (DUE: ₹6500)"
"BRDP20241043","Kamlesh Gupta","Satish Gupta","9969851063","BA","2024-2027","3","Maholi, Uttar Pradesh","ACTIVE","3000","3000","0","3000","3000","0","3000","3000","0","3000","0","3000","3000","0","3000","3000","0","3000","18000","9000","9000","PARTIAL","CALL IMMEDIATELY (DUE: ₹9000)"
"BRDP20261044","Pushpendra Mishra","Sunita Mishra","9835585523","BA","2026-2029","1","Laharpur, Uttar Pradesh","ACTIVE","3000","3000","0","3000","0","3000","3000","0","3000","3000","0","3000","3000","0","3000","3000","0","3000","18000","3000","15000","PARTIAL","CALL IMMEDIATELY (DUE: ₹15000)"
"BRDP20231045","Shivani Dwivedi","Pooja Dwivedi","9192930352","B.Tech CSE","2023-2026","5","Lakhimpur Kheri, Uttar Pradesh","ACTIVE","25000","25000","0","25000","25000","0","25000","25000","0","25000","25000","0","25000","25000","0","25000","0","25000","150000","125000","25000","PARTIAL","CALL IMMEDIATELY (DUE: ₹25000)"
"BRDP20231046","Laxmi Pal","Priya Pal","9336026471","BCA","2023-2026","5","Hargaon, Uttar Pradesh","ACTIVE","20000","20000","0","20000","20000","0","20000","20000","0","20000","20000","0","20000","6500","13500","20000","0","20000","120000","86500","33500","PARTIAL","CALL IMMEDIATELY (DUE: ₹33500)"
"BRDP20241047","Subhendu Yadav","Gudiya Yadav","9540520623","BBA","2024-2027","3","Patna, Uttar Pradesh","ACTIVE","22000","22000","0","22000","22000","0","22000","7500","14500","22000","0","22000","22000","0","22000","22000","0","22000","132000","51500","80500","PARTIAL","CALL IMMEDIATELY (DUE: ₹80500)"
"BRDP20251048","Sanjay Jaiswal","Rashi Jaiswal","9819679882","MCA","2025-2028","2","Laharpur, Uttar Pradesh","ACTIVE","30000","30000","0","30000","18500","11500","30000","0","30000","30000","0","30000","30000","0","30000","30000","0","30000","180000","48500","131500","PARTIAL","CALL IMMEDIATELY (DUE: ₹131500)"
"BRDP20241049","Adarsh Gupta","Pooja Gupta","9435252296","MCA","2024-2027","3","Sitapur Sadar, Uttar Pradesh","ACTIVE","30000","30000","0","30000","30000","0","30000","11000","19000","30000","0","30000","30000","0","30000","30000","0","30000","180000","71000","109000","PARTIAL","CALL IMMEDIATELY (DUE: ₹109000)"
"BRDP20261050","Shivangi Dwivedi","Vishal Dwivedi","9824650026","MCA","2026-2029","1","Misrikh, Uttar Pradesh","ACTIVE","30000","18000","12000","30000","0","30000","30000","0","30000","30000","0","30000","30000","0","30000","30000","0","30000","180000","18000","162000","PARTIAL","CALL IMMEDIATELY (DUE: ₹162000)"
"BRDP20231051","Meena Singh","Rahul Singh","9519137107","MCA","2023-2026","5","Sitapur Sadar, Uttar Pradesh","ACTIVE","30000","30000","0","30000","30000","0","30000","30000","0","30000","30000","0","30000","0","30000","30000","0","30000","180000","120000","60000","PARTIAL","CALL IMMEDIATELY (DUE: ₹60000)"
"BRDP20251052","Pinku Pandey","Yashee Pandey","9206905479","MCA","2025-2028","2","Kanpur, Uttar Pradesh","ACTIVE","30000","30000","0","30000","19000","11000","30000","0","30000","30000","0","30000","30000","0","30000","30000","0","30000","180000","49000","131000","PARTIAL","CALL IMMEDIATELY (DUE: ₹131000)"
"BRDP20261053","Pushpendra Srivastava","Shivangi Srivastava","9267398670","BCA","2026-2029","1","Mohali, Uttar Pradesh","ACTIVE","20000","12000","8000","20000","0","20000","20000","0","20000","20000","0","20000","20000","0","20000","20000","0","20000","120000","12000","108000","PARTIAL","CALL IMMEDIATELY (DUE: ₹108000)"
"BRDP20251054","Ashutosh Mishra","Deepa Mishra","9572532114","B.Tech CSE","2025-2028","2","Mohali, Uttar Pradesh","ACTIVE","25000","25000","0","25000","25000","0","25000","0","25000","25000","0","25000","25000","0","25000","25000","0","25000","150000","50000","100000","PARTIAL","CALL IMMEDIATELY (DUE: ₹100000)"
"BRDP20261055","Sani Maurya","Saumya Maurya","9275515150","BA","2026-2029","1","Lucknow, Uttar Pradesh","ACTIVE","3000","3000","0","3000","0","3000","3000","0","3000","3000","0","3000","3000","0","3000","3000","0","3000","18000","3000","15000","PARTIAL","CALL IMMEDIATELY (DUE: ₹15000)"
"BRDP20261056","Pooja Tripathi","Vivek Tripathi","9390226472","BCA","2026-2029","1","Laharpur, Uttar Pradesh","ACTIVE","20000","15000","5000","20000","0","20000","20000","0","20000","20000","0","20000","20000","0","20000","20000","0","20000","120000","15000","105000","PARTIAL","CALL IMMEDIATELY (DUE: ₹105000)"
"BRDP20251057","Pankaj Pal","Kavita Pal","9870274218","B.Sc","2025-2028","2","Khairabad, Uttar Pradesh","ACTIVE","5000","5000","0","5000","2500","2500","5000","0","5000","5000","0","5000","5000","0","5000","5000","0","5000","30000","7500","22500","PARTIAL","CALL IMMEDIATELY (DUE: ₹22500)"
"BRDP20241058","Vinod Chaurasiya","Rashi Chaurasiya","9840234952","BCA","2024-2027","3","Hargaon, Uttar Pradesh","ACTIVE","20000","20000","0","20000","20000","0","20000","10000","10000","20000","0","20000","20000","0","20000","20000","0","20000","120000","50000","70000","PARTIAL","CALL IMMEDIATELY (DUE: ₹70000)"
"BRDP20231059","Sani Prajapati","Ayush Prajapati","9226094664","BCA","2023-2026","5","Kanpur, Uttar Pradesh","ACTIVE","20000","20000","0","20000","20000","0","20000","20000","0","20000","20000","0","20000","20000","0","20000","0","20000","120000","100000","20000","PARTIAL","CALL IMMEDIATELY (DUE: ₹20000)"
"BRDP20241060","Shivangi Maurya","Seema Maurya","9857527211","BBA","2024-2027","3","Lucknow, Uttar Pradesh","ACTIVE","22000","22000","0","22000","22000","0","22000","0","22000","22000","0","22000","22000","0","22000","22000","0","22000","132000","44000","88000","PARTIAL","CALL IMMEDIATELY (DUE: ₹88000)"
"BRDP20261061","Laxmi Saini","Sunita Saini","9785104621","BBA","2026-2029","1","Sitapur Sadar, Uttar Pradesh","ACTIVE","22000","0","22000","22000","0","22000","22000","0","22000","22000","0","22000","22000","0","22000","22000","0","22000","132000","0","132000","PENDING","CALL IMMEDIATELY (DUE: ₹132000)"
"BRDP20241062","Deepika Kanaujiya","Rohan Kanaujiya","9374246025","BA","2024-2027","3","Biswan, Uttar Pradesh","ACTIVE","3000","3000","0","3000","3000","0","3000","2000","1000","3000","0","3000","3000","0","3000","3000","0","3000","18000","8000","10000","PARTIAL","CALL IMMEDIATELY (DUE: ₹10000)"
"BRDP20261063","Deepika Tripathi","Sunita Tripathi","9756584653","MCA","2026-2029","1","Sitapur Sadar, Uttar Pradesh","ACTIVE","30000","30000","0","30000","0","30000","30000","0","30000","30000","0","30000","30000","0","30000","30000","0","30000","180000","30000","150000","PARTIAL","CALL IMMEDIATELY (DUE: ₹150000)"
"BRDP20241064","Meena Khan","Rohan Khan","9955538395","BCA","2024-2027","3","Hargaon, Uttar Pradesh","ACTIVE","20000","20000","0","20000","20000","0","20000","0","20000","20000","0","20000","20000","0","20000","20000","0","20000","120000","40000","80000","PARTIAL","CALL IMMEDIATELY (DUE: ₹80000)"
"BRDP20251065","Pari Paswan","Avneesh Paswan","9527353959","B.Sc","2025-2028","2","Sitapur, Uttar Pradesh","ACTIVE","5000","5000","0","5000","0","5000","5000","0","5000","5000","0","5000","5000","0","5000","5000","0","5000","30000","5000","25000","PARTIAL","CALL IMMEDIATELY (DUE: ₹25000)"
"BRDP20251066","Asha Srivastava","Ajay Srivastava","9907733389","B.Tech CSE","2025-2028","2","Lucknow, Uttar Pradesh","ACTIVE","25000","25000","0","25000","0","25000","25000","0","25000","25000","0","25000","25000","0","25000","25000","0","25000","150000","25000","125000","PARTIAL","CALL IMMEDIATELY (DUE: ₹125000)"
"BRDP20231067","Ajay Pal","Avneesh Pal","9751475242","BBA","2023-2026","5","Laharpur, Uttar Pradesh","ACTIVE","22000","22000","0","22000","22000","0","22000","22000","0","22000","22000","0","22000","7000","15000","22000","0","22000","132000","95000","37000","PARTIAL","CALL IMMEDIATELY (DUE: ₹37000)"
"BRDP20261068","Asha Dubey","Aarti Dubey","9633100604","B.Tech CSE","2026-2029","1","Lucknow, Uttar Pradesh","ACTIVE","25000","7500","17500","25000","0","25000","25000","0","25000","25000","0","25000","25000","0","25000","25000","0","25000","150000","7500","142500","PARTIAL","CALL IMMEDIATELY (DUE: ₹142500)"
"BRDP20231069","Shivani Verma","Deepika Verma","9148883487","B.Sc","2023-2026","5","Lucknow, Uttar Pradesh","ACTIVE","5000","5000","0","5000","5000","0","5000","5000","0","5000","5000","0","5000","2000","3000","5000","0","5000","30000","22000","8000","PARTIAL","CALL IMMEDIATELY (DUE: ₹8000)"
"BRDP20261070","Vivek Kumar","Geeta Kumar","9319702297","BA","2026-2029","1","Khairabad, Uttar Pradesh","ACTIVE","3000","1000","2000","3000","0","3000","3000","0","3000","3000","0","3000","3000","0","3000","3000","0","3000","18000","1000","17000","PARTIAL","CALL IMMEDIATELY (DUE: ₹17000)"
"BRDP20231071","Usha Khan","Deepika Khan","9270312047","BCA","2023-2026","5","Sitapur Sadar, Uttar Pradesh","ACTIVE","20000","20000","0","20000","20000","0","20000","20000","0","20000","20000","0","20000","0","20000","20000","0","20000","120000","80000","40000","PARTIAL","CALL IMMEDIATELY (DUE: ₹40000)"
"BRDP20231072","Ananya Tripathi","Ayush Tripathi","9184503564","BCA","2023-2026","5","Maholi, Uttar Pradesh","ACTIVE","20000","20000","0","20000","20000","0","20000","20000","0","20000","20000","0","20000","20000","0","20000","0","20000","120000","100000","20000","PARTIAL","CALL IMMEDIATELY (DUE: ₹20000)"
"BRDP20251073","Vijay Sharma","Divyanshi Sharma","9620844113","BBA","2025-2028","2","Sitapur, Uttar Pradesh","ACTIVE","22000","22000","0","22000","22000","0","22000","0","22000","22000","0","22000","22000","0","22000","22000","0","22000","132000","44000","88000","PARTIAL","CALL IMMEDIATELY (DUE: ₹88000)"
"BRDP20251074","Adarsh Shukla","Pinku Shukla","9505702125","B.Sc","2025-2028","2","Sitapur, Uttar Pradesh","ACTIVE","5000","5000","0","5000","5000","0","5000","0","5000","5000","0","5000","5000","0","5000","5000","0","5000","30000","10000","20000","PARTIAL","CALL IMMEDIATELY (DUE: ₹20000)"
"BRDP20251075","Sani Giri","Rohan Giri","9424176029","B.Sc","2025-2028","2","Sidhauli, Uttar Pradesh","ACTIVE","5000","5000","0","5000","2000","3000","5000","0","5000","5000","0","5000","5000","0","5000","5000","0","5000","30000","7000","23000","PARTIAL","CALL IMMEDIATELY (DUE: ₹23000)"
"BRDP20231076","Ankul Saini","Ashish Saini","9544073419","B.Sc","2023-2026","5","Khairabad, Uttar Pradesh","ACTIVE","5000","5000","0","5000","5000","0","5000","5000","0","5000","5000","0","5000","5000","0","5000","0","5000","30000","25000","5000","PARTIAL","CALL IMMEDIATELY (DUE: ₹5000)"
"BRDP20231077","Sandeep Srivastava","Geeta Srivastava","9398725637","BBA","2023-2026","5","Laharpur, Uttar Pradesh","ACTIVE","22000","22000","0","22000","22000","0","22000","22000","0","22000","22000","0","22000","12000","10000","22000","0","22000","132000","100000","32000","PARTIAL","CALL IMMEDIATELY (DUE: ₹32000)"
"BRDP20231078","Aditya Chaurasiya","Sarita Chaurasiya","9987783043","B.Sc","2023-2026","5","Khairabad, Uttar Pradesh","ACTIVE","5000","5000","0","5000","5000","0","5000","5000","0","5000","5000","0","5000","0","5000","5000","0","5000","30000","20000","10000","PARTIAL","CALL IMMEDIATELY (DUE: ₹10000)"
"BRDP20261079","Aarav Devi","Sandeep Devi","9805047917","BBA","2026-2029","1","Mohali, Uttar Pradesh","ACTIVE","22000","0","22000","22000","0","22000","22000","0","22000","22000","0","22000","22000","0","22000","22000","0","22000","132000","0","132000","PENDING","CALL IMMEDIATELY (DUE: ₹132000)"
"BRDP20251080","Ramesh Chaurasiya","Sandeep Chaurasiya","9122758402","B.Sc","2025-2028","2","Maholi, Uttar Pradesh","ACTIVE","5000","5000","0","5000","4000","1000","5000","0","5000","5000","0","5000","5000","0","5000","5000","0","5000","30000","9000","21000","PARTIAL","CALL IMMEDIATELY (DUE: ₹21000)"
"BRDP20231081","Pushpendra Kashyap","Ashish Kashyap","9593638132","B.Sc","2023-2026","5","Biswan, Uttar Pradesh","ACTIVE","5000","5000","0","5000","5000","0","5000","5000","0","5000","5000","0","5000","3000","2000","5000","0","5000","30000","23000","7000","PARTIAL","CALL IMMEDIATELY (DUE: ₹7000)"
"BRDP20231082","Ajay Srivastava","Satish Srivastava","9627150533","B.Tech CSE","2023-2026","5","Lakhimpur Kheri, Uttar Pradesh","ACTIVE","25000","25000","0","25000","25000","0","25000","25000","0","25000","25000","0","25000","0","25000","25000","0","25000","150000","100000","50000","PARTIAL","CALL IMMEDIATELY (DUE: ₹50000)"
"BRDP20231083","Avneesh Khan","Vinay Khan","9801349330","BCA","2023-2026","5","Laharpur, Uttar Pradesh","ACTIVE","20000","20000","0","20000","20000","0","20000","20000","0","20000","20000","0","20000","20000","0","20000","0","20000","120000","100000","20000","PARTIAL","CALL IMMEDIATELY (DUE: ₹20000)"
"BRDP20261084","Aditya Giri","Rashi Giri","9198898742","MCA","2026-2029","1","Maholi, Uttar Pradesh","ACTIVE","30000","23000","7000","30000","0","30000","30000","0","30000","30000","0","30000","30000","0","30000","30000","0","30000","180000","23000","157000","PARTIAL","CALL IMMEDIATELY (DUE: ₹157000)"
"BRDP20241085","Diwakar Gupta","Aarti Gupta","9714766113","B.Tech CSE","2024-2027","3","Kanpur, Uttar Pradesh","ACTIVE","25000","25000","0","25000","25000","0","25000","13500","11500","25000","0","25000","25000","0","25000","25000","0","25000","150000","63500","86500","PARTIAL","CALL IMMEDIATELY (DUE: ₹86500)"
"BRDP20231086","Anita Saini","Subhendu Saini","9704989833","BCA","2023-2026","5","Khairabad, Uttar Pradesh","ACTIVE","20000","20000","0","20000","20000","0","20000","20000","0","20000","20000","0","20000","0","20000","20000","0","20000","120000","80000","40000","PARTIAL","CALL IMMEDIATELY (DUE: ₹40000)"
"BRDP20241087","Aditya Sharma","Diwakar Sharma","9879909387","MCA","2024-2027","3","Sitapur, Uttar Pradesh","ACTIVE","30000","30000","0","30000","30000","0","30000","23500","6500","30000","0","30000","30000","0","30000","30000","0","30000","180000","83500","96500","PARTIAL","CALL IMMEDIATELY (DUE: ₹96500)"
"BRDP20251088","Alok Prajapati","Iliyash Prajapati","9336558543","B.Tech CSE","2025-2028","2","Laharpur, Uttar Pradesh","ACTIVE","25000","25000","0","25000","13000","12000","25000","0","25000","25000","0","25000","25000","0","25000","25000","0","25000","150000","38000","112000","PARTIAL","CALL IMMEDIATELY (DUE: ₹112000)"
"BRDP20261089","Abhishek Rajpoot","Aarya Rajpoot","9838103693","B.Sc","2026-2029","1","Laharpur, Uttar Pradesh","ACTIVE","5000","5000","0","5000","0","5000","5000","0","5000","5000","0","5000","5000","0","5000","5000","0","5000","30000","5000","25000","PARTIAL","CALL IMMEDIATELY (DUE: ₹25000)"
"BRDP20251090","Prateek Yadav","Vinod Yadav","9331670320","B.Sc","2025-2028","2","Patna, Uttar Pradesh","ACTIVE","5000","5000","0","5000","5000","0","5000","0","5000","5000","0","5000","5000","0","5000","5000","0","5000","30000","10000","20000","PARTIAL","CALL IMMEDIATELY (DUE: ₹20000)"
"BRDP20231091","Saurabh Sharma","Ravi Sharma","9831414126","BA","2023-2026","5","Kanpur, Uttar Pradesh","ACTIVE","3000","3000","0","3000","3000","0","3000","3000","0","3000","3000","0","3000","3000","0","3000","0","3000","18000","15000","3000","PARTIAL","CALL IMMEDIATELY (DUE: ₹3000)"
"BRDP20261092","Pankaj Chaurasiya","Rekha Chaurasiya","9138031345","BA","2026-2029","1","Kanpur, Uttar Pradesh","ACTIVE","3000","2000","1000","3000","0","3000","3000","0","3000","3000","0","3000","3000","0","3000","3000","0","3000","18000","2000","16000","PARTIAL","CALL IMMEDIATELY (DUE: ₹16000)"
"BRDP20231093","Aditya Chaurasiya","Geeta Chaurasiya","9961915793","B.Tech CSE","2023-2026","5","Mohali, Uttar Pradesh","ACTIVE","25000","25000","0","25000","25000","0","25000","25000","0","25000","25000","0","25000","15500","9500","25000","0","25000","150000","115500","34500","PARTIAL","CALL IMMEDIATELY (DUE: ₹34500)"
"BRDP20261094","Deepak Rathour","Rahul Rathour","9675176539","B.Tech CSE","2026-2029","1","Lucknow, Uttar Pradesh","ACTIVE","25000","25000","0","25000","0","25000","25000","0","25000","25000","0","25000","25000","0","25000","25000","0","25000","150000","25000","125000","PARTIAL","CALL IMMEDIATELY (DUE: ₹125000)"
"BRDP20261095","Adarsh Rathour","Gudiya Rathour","9644190686","MCA","2026-2029","1","Misrikh, Uttar Pradesh","ACTIVE","30000","14500","15500","30000","0","30000","30000","0","30000","30000","0","30000","30000","0","30000","30000","0","30000","180000","14500","165500","PARTIAL","CALL IMMEDIATELY (DUE: ₹165500)"
"BRDP20261096","Pushpendra Devi","Seema Devi","9450622237","MCA","2026-2029","1","Maholi, Uttar Pradesh","ACTIVE","30000","19500","10500","30000","0","30000","30000","0","30000","30000","0","30000","30000","0","30000","30000","0","30000","180000","19500","160500","PARTIAL","CALL IMMEDIATELY (DUE: ₹160500)"
"BRDP20251097","Aditya Rajpoot","Shivani Rajpoot","9568182270","BA","2025-2028","2","Lucknow, Uttar Pradesh","ACTIVE","3000","3000","0","3000","3000","0","3000","0","3000","3000","0","3000","3000","0","3000","3000","0","3000","18000","6000","12000","PARTIAL","CALL IMMEDIATELY (DUE: ₹12000)"
"BRDP20261098","Kavita Rathour","Neha Rathour","9345659674","MCA","2026-2029","1","Mohali, Uttar Pradesh","ACTIVE","30000","21000","9000","30000","0","30000","30000","0","30000","30000","0","30000","30000","0","30000","30000","0","30000","180000","21000","159000","PARTIAL","CALL IMMEDIATELY (DUE: ₹159000)"
"BRDP20251099","Dibya Gupta","Divyanshi Gupta","9370359681","BA","2025-2028","2","Sitapur, Uttar Pradesh","ACTIVE","3000","3000","0","3000","2000","1000","3000","0","3000","3000","0","3000","3000","0","3000","3000","0","3000","18000","5000","13000","PARTIAL","CALL IMMEDIATELY (DUE: ₹13000)"
"BRDP20261100","Ankul Paswan","Rashi Paswan","9848083978","BA","2026-2029","1","Kanpur, Uttar Pradesh","ACTIVE","3000","2000","1000","3000","0","3000","3000","0","3000","3000","0","3000","3000","0","3000","3000","0","3000","18000","2000","16000","PARTIAL","CALL IMMEDIATELY (DUE: ₹16000)"
"BRDP20241101","Dharmendra Tiwari","Neha Tiwari","9453539227","B.Sc","2024-2027","3","Kanpur, Uttar Pradesh","ACTIVE","5000","5000","0","5000","5000","0","5000","3000","2000","5000","0","5000","5000","0","5000","5000","0","5000","30000","13000","17000","PARTIAL","CALL IMMEDIATELY (DUE: ₹17000)"
"BRDP20251102","Kavita Pal","Sanjay Pal","9130168383","B.Sc","2025-2028","2","Maholi, Uttar Pradesh","ACTIVE","5000","5000","0","5000","0","5000","5000","0","5000","5000","0","5000","5000","0","5000","5000","0","5000","30000","5000","25000","PARTIAL","CALL IMMEDIATELY (DUE: ₹25000)"
"BRDP20241103","Sarita Paswan","Usha Paswan","9278701430","B.Sc","2024-2027","3","Sidhauli, Uttar Pradesh","ACTIVE","5000","5000","0","5000","5000","0","5000","1500","3500","5000","0","5000","5000","0","5000","5000","0","5000","30000","11500","18500","PARTIAL","CALL IMMEDIATELY (DUE: ₹18500)"
"BRDP20241104","Nainsi Srivastava","Laxmi Srivastava","9786032123","BCA","2024-2027","3","Khairabad, Uttar Pradesh","ACTIVE","20000","20000","0","20000","20000","0","20000","0","20000","20000","0","20000","20000","0","20000","20000","0","20000","120000","40000","80000","PARTIAL","CALL IMMEDIATELY (DUE: ₹80000)"
"BRDP20251105","Rahul Yadav","Anita Yadav","9751718606","B.Tech CSE","2025-2028","2","Khairabad, Uttar Pradesh","ACTIVE","25000","25000","0","25000","13500","11500","25000","0","25000","25000","0","25000","25000","0","25000","25000","0","25000","150000","38500","111500","PARTIAL","CALL IMMEDIATELY (DUE: ₹111500)"
"BRDP20241106","Naimish Jaiswal","Sonika Jaiswal","9141837036","B.Sc","2024-2027","3","Kanpur, Uttar Pradesh","ACTIVE","5000","5000","0","5000","5000","0","5000","5000","0","5000","0","5000","5000","0","5000","5000","0","5000","30000","15000","15000","PARTIAL","CALL IMMEDIATELY (DUE: ₹15000)"
"BRDP20241107","Ashutosh Sharma","Sani Sharma","9997530555","B.Tech CSE","2024-2027","3","Hargaon, Uttar Pradesh","ACTIVE","25000","25000","0","25000","25000","0","25000","25000","0","25000","0","25000","25000","0","25000","25000","0","25000","150000","75000","75000","PARTIAL","CALL IMMEDIATELY (DUE: ₹75000)"
"BRDP20241108","Suresh Maurya","Pooja Maurya","9486052598","B.Sc","2024-2027","3","Mohali, Uttar Pradesh","ACTIVE","5000","5000","0","5000","5000","0","5000","5000","0","5000","0","5000","5000","0","5000","5000","0","5000","30000","15000","15000","PARTIAL","CALL IMMEDIATELY (DUE: ₹15000)"
"BRDP20241109","Pooja Dubey","Deepa Dubey","9792616383","B.Sc","2024-2027","3","Lucknow, Uttar Pradesh","DELETED","5000","5000","0","5000","5000","0","5000","5000","0","5000","0","5000","5000","0","5000","5000","0","5000","30000","15000","15000","PARTIAL","CALL IMMEDIATELY (DUE: ₹15000)"
"BRDP20251110","Saumya Paswan","Ananya Paswan","9893022283","B.Sc","2025-2028","2","Misrikh, Uttar Pradesh","ACTIVE","5000","5000","0","5000","4000","1000","5000","0","5000","5000","0","5000","5000","0","5000","5000","0","5000","30000","9000","21000","PARTIAL","CALL IMMEDIATELY (DUE: ₹21000)"
"BRDP20261111","Aarav Verma","Geeta Verma","9233197871","BBA","2026-2029","1","Sitapur Sadar, Uttar Pradesh","ACTIVE","22000","15000","7000","22000","0","22000","22000","0","22000","22000","0","22000","22000","0","22000","22000","0","22000","132000","15000","117000","PARTIAL","CALL IMMEDIATELY (DUE: ₹117000)"
"BRDP20231112","Deepa Chaurasiya","Saurabh Chaurasiya","9334834176","BCA","2023-2026","5","Lakhimpur Kheri, Uttar Pradesh","ACTIVE","20000","20000","0","20000","20000","0","20000","20000","0","20000","20000","0","20000","14500","5500","20000","0","20000","120000","94500","25500","PARTIAL","CALL IMMEDIATELY (DUE: ₹25500)"
"BRDP20231113","Nainsi Prajapati","Suresh Prajapati","9131095260","BBA","2023-2026","5","Hargaon, Uttar Pradesh","ACTIVE","22000","22000","0","22000","22000","0","22000","22000","0","22000","22000","0","22000","22000","0","22000","0","22000","132000","110000","22000","PARTIAL","CALL IMMEDIATELY (DUE: ₹22000)"
"BRDP20251114","Vikas Paswan","Ajay Paswan","9125545838","BBA","2025-2028","2","Lucknow, Uttar Pradesh","ACTIVE","22000","22000","0","22000","10500","11500","22000","0","22000","22000","0","22000","22000","0","22000","22000","0","22000","132000","32500","99500","PARTIAL","CALL IMMEDIATELY (DUE: ₹99500)"
"BRDP20241115","Ashutosh Kanaujiya","Divanshi Kanaujiya","9260125010","BA","2024-2027","3","Biswan, Uttar Pradesh","ACTIVE","3000","3000","0","3000","3000","0","3000","3000","0","3000","0","3000","3000","0","3000","3000","0","3000","18000","9000","9000","PARTIAL","CALL IMMEDIATELY (DUE: ₹9000)"
"BRDP20241116","Saurabh Kumar","Asha Kumar","9312719460","B.Sc","2024-2027","3","Lucknow, Uttar Pradesh","ACTIVE","5000","5000","0","5000","5000","0","5000","0","5000","5000","0","5000","5000","0","5000","5000","0","5000","30000","10000","20000","PARTIAL","CALL IMMEDIATELY (DUE: ₹20000)"
"BRDP20251117","Manoj Singh","Ajay Singh","9427212622","BCA","2025-2028","2","Sitapur, Uttar Pradesh","ACTIVE","20000","20000","0","20000","9000","11000","20000","0","20000","20000","0","20000","20000","0","20000","20000","0","20000","120000","29000","91000","PARTIAL","CALL IMMEDIATELY (DUE: ₹91000)"
"BRDP20241118","Vijay Giri","Deepak Giri","9390234412","BBA","2024-2027","3","Lakhimpur Kheri, Uttar Pradesh","ACTIVE","22000","22000","0","22000","22000","0","22000","12000","10000","22000","0","22000","22000","0","22000","22000","0","22000","132000","56000","76000","PARTIAL","CALL IMMEDIATELY (DUE: ₹76000)"
"BRDP20261119","Priya Prajapati","Amit Prajapati","9609832839","BA","2026-2029","1","Misrikh, Uttar Pradesh","ACTIVE","3000","1000","2000","3000","0","3000","3000","0","3000","3000","0","3000","3000","0","3000","3000","0","3000","18000","1000","17000","PARTIAL","CALL IMMEDIATELY (DUE: ₹17000)"
"BRDP20261120","Prateek Kanaujiya","Vishal Kanaujiya","9896525211","BA","2026-2029","1","Misrikh, Uttar Pradesh","ACTIVE","3000","3000","0","3000","0","3000","3000","0","3000","3000","0","3000","3000","0","3000","3000","0","3000","18000","3000","15000","PARTIAL","CALL IMMEDIATELY (DUE: ₹15000)"
"BRDP20241121","Manoj Saini","Sanjay Saini","9842110763","BA","2024-2027","3","Kanpur, Uttar Pradesh","ACTIVE","3000","3000","0","3000","3000","0","3000","1000","2000","3000","0","3000","3000","0","3000","3000","0","3000","18000","7000","11000","PARTIAL","CALL IMMEDIATELY (DUE: ₹11000)"
"BRDP20261122","Rashi Gautam","Roshani Gautam","9876422386","B.Sc","2026-2029","1","Sitapur, Uttar Pradesh","ACTIVE","5000","2500","2500","5000","0","5000","5000","0","5000","5000","0","5000","5000","0","5000","5000","0","5000","30000","2500","27500","PARTIAL","CALL IMMEDIATELY (DUE: ₹27500)"
"BRDP20241123","Gudiya Pal","Amit Pal","9860026875","BCA","2024-2027","3","Misrikh, Uttar Pradesh","ACTIVE","20000","20000","0","20000","20000","0","20000","13000","7000","20000","0","20000","20000","0","20000","20000","0","20000","120000","53000","67000","PARTIAL","CALL IMMEDIATELY (DUE: ₹67000)"
"BRDP20251124","Rohan Paswan","Seema Paswan","9906133120","BA","2025-2028","2","Biswan, Uttar Pradesh","ACTIVE","3000","3000","0","3000","1500","1500","3000","0","3000","3000","0","3000","3000","0","3000","3000","0","3000","18000","4500","13500","PARTIAL","CALL IMMEDIATELY (DUE: ₹13500)"
"BRDP20251125","Neha Giri","Iliyash Giri","9812511527","B.Tech CSE","2025-2028","2","Patna, Uttar Pradesh","ACTIVE","25000","25000","0","25000","9000","16000","25000","0","25000","25000","0","25000","25000","0","25000","25000","0","25000","150000","34000","116000","PARTIAL","CALL IMMEDIATELY (DUE: ₹116000)"
"BRDP20251126","Alok Kashyap","Rohan Kashyap","9891319898","BCA","2025-2028","2","Maholi, Uttar Pradesh","ACTIVE","20000","20000","0","20000","7000","13000","20000","0","20000","20000","0","20000","20000","0","20000","20000","0","20000","120000","27000","93000","PARTIAL","CALL IMMEDIATELY (DUE: ₹93000)"
"BRDP20241127","Raj Pandey","Geeta Pandey","9691856666","B.Sc","2024-2027","3","Khairabad, Uttar Pradesh","ACTIVE","5000","5000","0","5000","5000","0","5000","0","5000","5000","0","5000","5000","0","5000","5000","0","5000","30000","10000","20000","PARTIAL","CALL IMMEDIATELY (DUE: ₹20000)"
"BRDP20261128","Suman Shukla","Aarya Shukla","9224488822","BA","2026-2029","1","Misrikh, Uttar Pradesh","ACTIVE","3000","0","3000","3000","0","3000","3000","0","3000","3000","0","3000","3000","0","3000","3000","0","3000","18000","0","18000","PENDING","CALL IMMEDIATELY (DUE: ₹18000)"
"BRDP20241129","Ananya Khan","Rahul Khan","9181461589","BCA","2024-2027","3","Hargaon, Uttar Pradesh","ACTIVE","20000","20000","0","20000","20000","0","20000","11500","8500","20000","0","20000","20000","0","20000","20000","0","20000","120000","51500","68500","PARTIAL","CALL IMMEDIATELY (DUE: ₹68500)"
"BRDP20231130","Geeta Prajapati","Diwakar Prajapati","9620996426","B.Sc","2023-2026","5","Sitapur Sadar, Uttar Pradesh","ACTIVE","5000","5000","0","5000","5000","0","5000","5000","0","5000","5000","0","5000","5000","0","5000","0","5000","30000","25000","5000","PARTIAL","CALL IMMEDIATELY (DUE: ₹5000)"
"BRDP20261131","Asha Devi","Sarita Devi","9342872206","B.Tech CSE","2026-2029","1","Biswan, Uttar Pradesh","ACTIVE","25000","25000","0","25000","0","25000","25000","0","25000","25000","0","25000","25000","0","25000","25000","0","25000","150000","25000","125000","PARTIAL","CALL IMMEDIATELY (DUE: ₹125000)"
"BRDP20251132","Pooja Jaiswal","Iliyash Jaiswal","9330329920","B.Tech CSE","2025-2028","2","Misrikh, Uttar Pradesh","ACTIVE","25000","25000","0","25000","25000","0","25000","0","25000","25000","0","25000","25000","0","25000","25000","0","25000","150000","50000","100000","PARTIAL","CALL IMMEDIATELY (DUE: ₹100000)"
"BRDP20251133","Rashi Tripathi","Ashutosh Tripathi","9936275974","BCA","2025-2028","2","Maholi, Uttar Pradesh","ACTIVE","20000","20000","0","20000","15500","4500","20000","0","20000","20000","0","20000","20000","0","20000","20000","0","20000","120000","35500","84500","PARTIAL","CALL IMMEDIATELY (DUE: ₹84500)"
"BRDP20261134","Ramesh Verma","Sangita Verma","9597877994","BA","2026-2029","1","Sitapur Sadar, Uttar Pradesh","ACTIVE","3000","2500","500","3000","0","3000","3000","0","3000","3000","0","3000","3000","0","3000","3000","0","3000","18000","2500","15500","PARTIAL","CALL IMMEDIATELY (DUE: ₹15500)"
"BRDP20231135","Manoj Agrahari","Ayush Agrahari","9454434122","B.Sc","2023-2026","5","Khairabad, Uttar Pradesh","ACTIVE","5000","5000","0","5000","5000","0","5000","5000","0","5000","5000","0","5000","0","5000","5000","0","5000","30000","20000","10000","PARTIAL","CALL IMMEDIATELY (DUE: ₹10000)"
"BRDP20231136","Dharmendra Pal","Priya Pal","9928869922","BCA","2023-2026","5","Maholi, Uttar Pradesh","ACTIVE","20000","20000","0","20000","20000","0","20000","20000","0","20000","20000","0","20000","0","20000","20000","0","20000","120000","80000","40000","PARTIAL","CALL IMMEDIATELY (DUE: ₹40000)"
"BRDP20261137","Alok Giri","Amit Giri","9241234765","MCA","2026-2029","1","Hargaon, Uttar Pradesh","ACTIVE","30000","0","30000","30000","0","30000","30000","0","30000","30000","0","30000","30000","0","30000","30000","0","30000","180000","0","180000","PENDING","CALL IMMEDIATELY (DUE: ₹180000)"
"BRDP20261138","Seema Sharma","Sangita Sharma","9634812716","MCA","2026-2029","1","Lakhimpur Kheri, Uttar Pradesh","ACTIVE","30000","30000","0","30000","0","30000","30000","0","30000","30000","0","30000","30000","0","30000","30000","0","30000","180000","30000","150000","PARTIAL","CALL IMMEDIATELY (DUE: ₹150000)"
"BRDP20231139","Saurabh Yadav","Anita Yadav","9903353440","BA","2023-2026","5","Khairabad, Uttar Pradesh","ACTIVE","3000","3000","0","3000","3000","0","3000","3000","0","3000","3000","0","3000","1000","2000","3000","0","3000","18000","13000","5000","PARTIAL","CALL IMMEDIATELY (DUE: ₹5000)"
"BRDP20241140","Amit Jaiswal","Anamika Jaiswal","9601870155","BA","2024-2027","3","Sitapur, Uttar Pradesh","ACTIVE","3000","3000","0","3000","3000","0","3000","3000","0","3000","0","3000","3000","0","3000","3000","0","3000","18000","9000","9000","PARTIAL","CALL IMMEDIATELY (DUE: ₹9000)"
"BRDP20231141","Alok Gupta","Adarsh Gupta","9797713601","MCA","2023-2026","5","Khairabad, Uttar Pradesh","ACTIVE","30000","30000","0","30000","30000","0","30000","30000","0","30000","30000","0","30000","11000","19000","30000","0","30000","180000","131000","49000","PARTIAL","CALL IMMEDIATELY (DUE: ₹49000)"
"BRDP20241142","Ayush Gautam","Asha Gautam","9270977464","B.Sc","2024-2027","3","Sidhauli, Uttar Pradesh","ACTIVE","5000","5000","0","5000","5000","0","5000","0","5000","5000","0","5000","5000","0","5000","5000","0","5000","30000","10000","20000","PARTIAL","CALL IMMEDIATELY (DUE: ₹20000)"
"BRDP20261143","Ajay Tripathi","Ankul Tripathi","9971743067","BCA","2026-2029","1","Khairabad, Uttar Pradesh","ACTIVE","20000","13500","6500","20000","0","20000","20000","0","20000","20000","0","20000","20000","0","20000","20000","0","20000","120000","13500","106500","PARTIAL","CALL IMMEDIATELY (DUE: ₹106500)"
"BRDP20261144","Rahul Kashyap","Ashutosh Kashyap","9145211029","B.Tech CSE","2026-2029","1","Lucknow, Uttar Pradesh","ACTIVE","25000","13000","12000","25000","0","25000","25000","0","25000","25000","0","25000","25000","0","25000","25000","0","25000","150000","13000","137000","PARTIAL","CALL IMMEDIATELY (DUE: ₹137000)"
"BRDP20241145","Divyanshi Dubey","Ashish Dubey","9172158442","B.Sc","2024-2027","3","Laharpur, Uttar Pradesh","ACTIVE","5000","5000","0","5000","5000","0","5000","5000","0","5000","0","5000","5000","0","5000","5000","0","5000","30000","15000","15000","PARTIAL","CALL IMMEDIATELY (DUE: ₹15000)"
"BRDP20231146","Rahul Agrahari","Pushpendra Agrahari","9979174260","BBA","2023-2026","5","Lucknow, Uttar Pradesh","ACTIVE","22000","22000","0","22000","22000","0","22000","22000","0","22000","22000","0","22000","22000","0","22000","0","22000","132000","110000","22000","PARTIAL","CALL IMMEDIATELY (DUE: ₹22000)"
"BRDP20251147","Roshani Saini","Laxmi Saini","9305741761","B.Tech CSE","2025-2028","2","Laharpur, Uttar Pradesh","ACTIVE","25000","25000","0","25000","25000","0","25000","0","25000","25000","0","25000","25000","0","25000","25000","0","25000","150000","50000","100000","PARTIAL","CALL IMMEDIATELY (DUE: ₹100000)"
"BRDP20261148","Sonika Gautam","Aarti Gautam","9384354438","MCA","2026-2029","1","Sitapur, Uttar Pradesh","ACTIVE","30000","0","30000","30000","0","30000","30000","0","30000","30000","0","30000","30000","0","30000","30000","0","30000","180000","0","180000","PENDING","CALL IMMEDIATELY (DUE: ₹180000)"
"BRDP20261149","Naimish Singh","Vishal Singh","9674195707","MCA","2026-2029","1","Lucknow, Uttar Pradesh","ACTIVE","30000","30000","0","30000","0","30000","30000","0","30000","30000","0","30000","30000","0","30000","30000","0","30000","180000","30000","150000","PARTIAL","CALL IMMEDIATELY (DUE: ₹150000)"
"BRDP20241150","Priya Dwivedi","Satish Dwivedi","9966230086","B.Sc","2024-2027","3","Khairabad, Uttar Pradesh","ACTIVE","5000","5000","0","5000","5000","0","5000","5000","0","5000","0","5000","5000","0","5000","5000","0","5000","30000","15000","15000","PARTIAL","CALL IMMEDIATELY (DUE: ₹15000)"
"BRDP20261151","Alok Agrahari","Vishal Agrahari","9402494563","BA","2026-2029","1","Hargaon, Uttar Pradesh","ACTIVE","3000","0","3000","3000","0","3000","3000","0","3000","3000","0","3000","3000","0","3000","3000","0","3000","18000","0","18000","PENDING","CALL IMMEDIATELY (DUE: ₹18000)"
"BRDP20241152","Vikas Rajpoot","Deepak Rajpoot","9277872806","BBA","2024-2027","3","Kanpur, Uttar Pradesh","ACTIVE","22000","22000","0","22000","22000","0","22000","22000","0","22000","0","22000","22000","0","22000","22000","0","22000","132000","66000","66000","PARTIAL","CALL IMMEDIATELY (DUE: ₹66000)"
"BRDP20231153","Aditya Kumar","Saumya Kumar","9133762606","B.Sc","2023-2026","5","Mohali, Uttar Pradesh","ACTIVE","5000","5000","0","5000","5000","0","5000","5000","0","5000","5000","0","5000","5000","0","5000","0","5000","30000","25000","5000","PARTIAL","CALL IMMEDIATELY (DUE: ₹5000)"
"BRDP20231154","Divanshi Tripathi","Laxmi Tripathi","9489719518","BCA","2023-2026","5","Mohali, Uttar Pradesh","ACTIVE","20000","20000","0","20000","20000","0","20000","20000","0","20000","20000","0","20000","0","20000","20000","0","20000","120000","80000","40000","PARTIAL","CALL IMMEDIATELY (DUE: ₹40000)"
"BRDP20241155","Avneesh Pal","Sonu Pal","9300393394","MCA","2024-2027","3","Maholi, Uttar Pradesh","ACTIVE","30000","30000","0","30000","30000","0","30000","30000","0","30000","0","30000","30000","0","30000","30000","0","30000","180000","90000","90000","PARTIAL","CALL IMMEDIATELY (DUE: ₹90000)"
"BRDP20241156","Ashish Dwivedi","Usha Dwivedi","9971412685","BCA","2024-2027","3","Maholi, Uttar Pradesh","ACTIVE","20000","20000","0","20000","20000","0","20000","8000","12000","20000","0","20000","20000","0","20000","20000","0","20000","120000","48000","72000","PARTIAL","CALL IMMEDIATELY (DUE: ₹72000)"
"BRDP20241157","Prateek Giri","Shivangi Giri","9703388952","BCA","2024-2027","3","Lakhimpur Kheri, Uttar Pradesh","ACTIVE","20000","20000","0","20000","20000","0","20000","0","20000","20000","0","20000","20000","0","20000","20000","0","20000","120000","40000","80000","PARTIAL","CALL IMMEDIATELY (DUE: ₹80000)"
"BRDP20261158","Amit Jaiswal","Pankaj Jaiswal","9598927519","BBA","2026-2029","1","Sitapur Sadar, Uttar Pradesh","ACTIVE","22000","22000","0","22000","0","22000","22000","0","22000","22000","0","22000","22000","0","22000","22000","0","22000","132000","22000","110000","PARTIAL","CALL IMMEDIATELY (DUE: ₹110000)"
"BRDP20261159","Satish Gautam","Satish Gautam","9568542437","B.Sc","2026-2029","1","Lakhimpur Kheri, Uttar Pradesh","ACTIVE","5000","3500","1500","5000","0","5000","5000","0","5000","5000","0","5000","5000","0","5000","5000","0","5000","30000","3500","26500","PARTIAL","CALL IMMEDIATELY (DUE: ₹26500)"
"BRDP20231160","Ritu Gautam","Alok Gautam","9353411417","BBA","2023-2026","5","Misrikh, Uttar Pradesh","ACTIVE","22000","22000","0","22000","22000","0","22000","22000","0","22000","22000","0","22000","10000","12000","22000","0","22000","132000","98000","34000","PARTIAL","CALL IMMEDIATELY (DUE: ₹34000)"
"BRDP20231161","Iliyash Sharma","Sangita Sharma","9950227797","MCA","2023-2026","5","Kanpur, Uttar Pradesh","ACTIVE","30000","30000","0","30000","30000","0","30000","30000","0","30000","30000","0","30000","20500","9500","30000","0","30000","180000","140500","39500","PARTIAL","CALL IMMEDIATELY (DUE: ₹39500)"
"BRDP20251162","Manoj Rajpoot","Ankul Rajpoot","9825359339","B.Sc","2025-2028","2","Lucknow, Uttar Pradesh","ACTIVE","5000","5000","0","5000","5000","0","5000","0","5000","5000","0","5000","5000","0","5000","5000","0","5000","30000","10000","20000","PARTIAL","CALL IMMEDIATELY (DUE: ₹20000)"
"BRDP20231163","Pinku Dwivedi","Aarav Dwivedi","9797602840","B.Sc","2023-2026","5","Lucknow, Uttar Pradesh","ACTIVE","5000","5000","0","5000","5000","0","5000","5000","0","5000","5000","0","5000","5000","0","5000","0","5000","30000","25000","5000","PARTIAL","CALL IMMEDIATELY (DUE: ₹5000)"
"BRDP20261164","Ankul Devi","Shivani Devi","9778307685","MCA","2026-2029","1","Misrikh, Uttar Pradesh","ACTIVE","30000","10000","20000","30000","0","30000","30000","0","30000","30000","0","30000","30000","0","30000","30000","0","30000","180000","10000","170000","PARTIAL","CALL IMMEDIATELY (DUE: ₹170000)"
"BRDP20231165","Meena Chaurasiya","Subhendu Chaurasiya","9557650262","BA","2023-2026","5","Patna, Uttar Pradesh","ACTIVE","3000","3000","0","3000","3000","0","3000","3000","0","3000","3000","0","3000","2000","1000","3000","0","3000","18000","14000","4000","PARTIAL","CALL IMMEDIATELY (DUE: ₹4000)"
"BRDP20251166","Sangita Saini","Kamlesh Saini","9154032812","BBA","2025-2028","2","Sidhauli, Uttar Pradesh","ACTIVE","22000","22000","0","22000","17000","5000","22000","0","22000","22000","0","22000","22000","0","22000","22000","0","22000","132000","39000","93000","PARTIAL","CALL IMMEDIATELY (DUE: ₹93000)"
"BRDP20241167","Saumya Prajapati","Anita Prajapati","9931380595","BCA","2024-2027","3","Patna, Uttar Pradesh","DELETED","20000","20000","0","20000","20000","0","20000","20000","0","20000","0","20000","20000","0","20000","20000","0","20000","120000","60000","60000","PARTIAL","CALL IMMEDIATELY (DUE: ₹60000)"
"BRDP20251168","Subhendu Saini","Sanjay Saini","9880260206","B.Sc","2025-2028","2","Sitapur, Uttar Pradesh","ACTIVE","5000","5000","0","5000","2500","2500","5000","0","5000","5000","0","5000","5000","0","5000","5000","0","5000","30000","7500","22500","PARTIAL","CALL IMMEDIATELY (DUE: ₹22500)"
"BRDP20251169","Subhendu Kashyap","Geeta Kashyap","9247920340","MCA","2025-2028","2","Mohali, Uttar Pradesh","ACTIVE","30000","30000","0","30000","12000","18000","30000","0","30000","30000","0","30000","30000","0","30000","30000","0","30000","180000","42000","138000","PARTIAL","CALL IMMEDIATELY (DUE: ₹138000)"
"BRDP20241170","Sanjay Khan","Suresh Khan","9414874896","BBA","2024-2027","3","Lucknow, Uttar Pradesh","ACTIVE","22000","22000","0","22000","22000","0","22000","22000","0","22000","0","22000","22000","0","22000","22000","0","22000","132000","66000","66000","PARTIAL","CALL IMMEDIATELY (DUE: ₹66000)"
"BRDP20241171","Avneesh Yadav","Sunita Yadav","9402927088","B.Sc","2024-2027","3","Laharpur, Uttar Pradesh","ACTIVE","5000","5000","0","5000","5000","0","5000","5000","0","5000","0","5000","5000","0","5000","5000","0","5000","30000","15000","15000","PARTIAL","CALL IMMEDIATELY (DUE: ₹15000)"
"BRDP20251172","Pinku Gautam","Roshani Gautam","9405814849","BA","2025-2028","2","Khairabad, Uttar Pradesh","ACTIVE","3000","3000","0","3000","3000","0","3000","0","3000","3000","0","3000","3000","0","3000","3000","0","3000","18000","6000","12000","PARTIAL","CALL IMMEDIATELY (DUE: ₹12000)"
"BRDP20261173","Dibya Devi","Divyanshi Devi","9767285456","BCA","2026-2029","1","Kanpur, Uttar Pradesh","ACTIVE","20000","0","20000","20000","0","20000","20000","0","20000","20000","0","20000","20000","0","20000","20000","0","20000","120000","0","120000","PENDING","CALL IMMEDIATELY (DUE: ₹120000)"
"BRDP20251174","Suman Khan","Anita Khan","9906505374","B.Tech CSE","2025-2028","2","Lakhimpur Kheri, Uttar Pradesh","ACTIVE","25000","25000","0","25000","8500","16500","25000","0","25000","25000","0","25000","25000","0","25000","25000","0","25000","150000","33500","116500","PARTIAL","CALL IMMEDIATELY (DUE: ₹116500)"
"BRDP20241175","Kamlesh Maurya","Divyanshi Maurya","9710541140","B.Sc","2024-2027","3","Hargaon, Uttar Pradesh","ACTIVE","5000","5000","0","5000","5000","0","5000","0","5000","5000","0","5000","5000","0","5000","5000","0","5000","30000","10000","20000","PARTIAL","CALL IMMEDIATELY (DUE: ₹20000)"
"BRDP20241176","Satish Pandey","Satish Pandey","9365392690","BA","2024-2027","3","Khairabad, Uttar Pradesh","ACTIVE","3000","3000","0","3000","3000","0","3000","1500","1500","3000","0","3000","3000","0","3000","3000","0","3000","18000","7500","10500","PARTIAL","CALL IMMEDIATELY (DUE: ₹10500)"
"BRDP20231177","Kamlesh Shukla","Yashee Shukla","9442920698","BBA","2023-2026","5","Sitapur, Uttar Pradesh","ACTIVE","22000","22000","0","22000","22000","0","22000","22000","0","22000","22000","0","22000","10000","12000","22000","0","22000","132000","98000","34000","PARTIAL","CALL IMMEDIATELY (DUE: ₹34000)"
"BRDP20251178","Ashutosh Tiwari","Vinay Tiwari","9352448002","BA","2025-2028","2","Khairabad, Uttar Pradesh","ACTIVE","3000","3000","0","3000","3000","0","3000","0","3000","3000","0","3000","3000","0","3000","3000","0","3000","18000","6000","12000","PARTIAL","CALL IMMEDIATELY (DUE: ₹12000)"
"BRDP20241179","Roshani Mishra","Satish Mishra","9484159681","BBA","2024-2027","3","Sitapur, Uttar Pradesh","ACTIVE","22000","22000","0","22000","22000","0","22000","0","22000","22000","0","22000","22000","0","22000","22000","0","22000","132000","44000","88000","PARTIAL","CALL IMMEDIATELY (DUE: ₹88000)"
"BRDP20241180","Suresh Kashyap","Seema Kashyap","9978192299","BA","2024-2027","3","Mohali, Uttar Pradesh","ACTIVE","3000","3000","0","3000","3000","0","3000","3000","0","3000","0","3000","3000","0","3000","3000","0","3000","18000","9000","9000","PARTIAL","CALL IMMEDIATELY (DUE: ₹9000)"
"BRDP20231181","Divanshi Dwivedi","Nainsi Dwivedi","9805768711","MCA","2023-2026","5","Kanpur, Uttar Pradesh","ACTIVE","30000","30000","0","30000","30000","0","30000","30000","0","30000","30000","0","30000","0","30000","30000","0","30000","180000","120000","60000","PARTIAL","CALL IMMEDIATELY (DUE: ₹60000)"
"BRDP20241182","Satish Pandey","Abhishek Pandey","9730750331","BBA","2024-2027","3","Lakhimpur Kheri, Uttar Pradesh","ACTIVE","22000","22000","0","22000","22000","0","22000","9000","13000","22000","0","22000","22000","0","22000","22000","0","22000","132000","53000","79000","PARTIAL","CALL IMMEDIATELY (DUE: ₹79000)"
"BRDP20241183","Sanjay Devi","Rashi Devi","9229812826","B.Sc","2024-2027","3","Lucknow, Uttar Pradesh","ACTIVE","5000","5000","0","5000","5000","0","5000","5000","0","5000","0","5000","5000","0","5000","5000","0","5000","30000","15000","15000","PARTIAL","CALL IMMEDIATELY (DUE: ₹15000)"
"BRDP20231184","Usha Khan","Adarsh Khan","9839421619","BBA","2023-2026","5","Sitapur, Uttar Pradesh","ACTIVE","22000","22000","0","22000","22000","0","22000","22000","0","22000","22000","0","22000","0","22000","22000","0","22000","132000","88000","44000","PARTIAL","CALL IMMEDIATELY (DUE: ₹44000)"
"BRDP20261185","Usha Devi","Suman Devi","9859946736","BBA","2026-2029","1","Mohali, Uttar Pradesh","ACTIVE","22000","22000","0","22000","0","22000","22000","0","22000","22000","0","22000","22000","0","22000","22000","0","22000","132000","22000","110000","PARTIAL","CALL IMMEDIATELY (DUE: ₹110000)"
"BRDP20261186","Raj Tripathi","Neha Tripathi","9693083924","B.Tech CSE","2026-2029","1","Sitapur Sadar, Uttar Pradesh","ACTIVE","25000","25000","0","25000","0","25000","25000","0","25000","25000","0","25000","25000","0","25000","25000","0","25000","150000","25000","125000","PARTIAL","CALL IMMEDIATELY (DUE: ₹125000)"
"BRDP20231187","Sonika Gautam","Sunil Gautam","9233282293","B.Sc","2023-2026","5","Lakhimpur Kheri, Uttar Pradesh","DELETED","5000","5000","0","5000","5000","0","5000","5000","0","5000","5000","0","5000","5000","0","5000","0","5000","30000","25000","5000","PARTIAL","CALL IMMEDIATELY (DUE: ₹5000)"
"BRDP20261188","Sonu Gautam","Ayush Gautam","9803791110","B.Tech CSE","2026-2029","1","Biswan, Uttar Pradesh","ACTIVE","25000","11500","13500","25000","0","25000","25000","0","25000","25000","0","25000","25000","0","25000","25000","0","25000","150000","11500","138500","PARTIAL","CALL IMMEDIATELY (DUE: ₹138500)"
"BRDP20261189","Abhishek Gupta","Nainsi Gupta","9435015748","B.Tech CSE","2026-2029","1","Lakhimpur Kheri, Uttar Pradesh","DELETED","25000","25000","0","25000","0","25000","25000","0","25000","25000","0","25000","25000","0","25000","25000","0","25000","150000","25000","125000","PARTIAL","CALL IMMEDIATELY (DUE: ₹125000)"
"BRDP20241190","Dibya Kumar","Aarav Kumar","9768231724","BBA","2024-2027","3","Patna, Uttar Pradesh","ACTIVE","22000","22000","0","22000","22000","0","22000","8000","14000","22000","0","22000","22000","0","22000","22000","0","22000","132000","52000","80000","PARTIAL","CALL IMMEDIATELY (DUE: ₹80000)"
"BRDP20261191","Dharmendra Chaurasiya","Ayush Chaurasiya","9312498224","MCA","2026-2029","1","Khairabad, Uttar Pradesh","ACTIVE","30000","30000","0","30000","0","30000","30000","0","30000","30000","0","30000","30000","0","30000","30000","0","30000","180000","30000","150000","PARTIAL","CALL IMMEDIATELY (DUE: ₹150000)"
"BRDP20231192","Deepak Gautam","Raj Gautam","9752860679","BA","2023-2026","5","Hargaon, Uttar Pradesh","ACTIVE","3000","3000","0","3000","3000","0","3000","3000","0","3000","3000","0","3000","3000","0","3000","0","3000","18000","15000","3000","PARTIAL","CALL IMMEDIATELY (DUE: ₹3000)"
"BRDP20261193","Dipanshi Verma","Pankaj Verma","9509486014","BBA","2026-2029","1","Sitapur Sadar, Uttar Pradesh","ACTIVE","22000","22000","0","22000","0","22000","22000","0","22000","22000","0","22000","22000","0","22000","22000","0","22000","132000","22000","110000","PARTIAL","CALL IMMEDIATELY (DUE: ₹110000)"
"BRDP20241194","Anita Prajapati","Aditya Prajapati","9754867569","BBA","2024-2027","3","Kanpur, Uttar Pradesh","ACTIVE","22000","22000","0","22000","22000","0","22000","22000","0","22000","0","22000","22000","0","22000","22000","0","22000","132000","66000","66000","PARTIAL","CALL IMMEDIATELY (DUE: ₹66000)"
"BRDP20241195","Geeta Khan","Adarsh Khan","9918365449","B.Sc","2024-2027","3","Misrikh, Uttar Pradesh","ACTIVE","5000","5000","0","5000","5000","0","5000","2500","2500","5000","0","5000","5000","0","5000","5000","0","5000","30000","12500","17500","PARTIAL","CALL IMMEDIATELY (DUE: ₹17500)"
"BRDP20231196","Vivek Devi","Ashish Devi","9167964377","MCA","2023-2026","5","Khairabad, Uttar Pradesh","ACTIVE","30000","30000","0","30000","30000","0","30000","30000","0","30000","30000","0","30000","0","30000","30000","0","30000","180000","120000","60000","PARTIAL","CALL IMMEDIATELY (DUE: ₹60000)"
"BRDP20241197","Ayush Singh","Saurabh Singh","9642610630","B.Sc","2024-2027","3","Lucknow, Uttar Pradesh","ACTIVE","5000","5000","0","5000","5000","0","5000","5000","0","5000","0","5000","5000","0","5000","5000","0","5000","30000","15000","15000","PARTIAL","CALL IMMEDIATELY (DUE: ₹15000)"
"BRDP20231198","Vijay Verma","Diwakar Verma","9746969914","B.Sc","2023-2026","5","Lakhimpur Kheri, Uttar Pradesh","ACTIVE","5000","5000","0","5000","5000","0","5000","5000","0","5000","5000","0","5000","2000","3000","5000","0","5000","30000","22000","8000","PARTIAL","CALL IMMEDIATELY (DUE: ₹8000)"
"BRDP20251199","Vikas Gupta","Divanshi Gupta","9511286739","B.Tech CSE","2025-2028","2","Hargaon, Uttar Pradesh","ACTIVE","25000","25000","0","25000","25000","0","25000","0","25000","25000","0","25000","25000","0","25000","25000","0","25000","150000","50000","100000","PARTIAL","CALL IMMEDIATELY (DUE: ₹100000)"
"BRDP20241200","Aarav Saini","Aarya Saini","9862771137","BBA","2024-2027","3","Sitapur Sadar, Uttar Pradesh","ACTIVE","22000","22000","0","22000","22000","0","22000","0","22000","22000","0","22000","22000","0","22000","22000","0","22000","132000","44000","88000","PARTIAL","CALL IMMEDIATELY (DUE: ₹88000)"
"BRDP20231201","Sandeep Paswan","Amit Paswan","9928387902","B.Sc","2023-2026","5","Laharpur, Uttar Pradesh","ACTIVE","5000","5000","0","5000","5000","0","5000","5000","0","5000","5000","0","5000","0","5000","5000","0","5000","30000","20000","10000","PARTIAL","CALL IMMEDIATELY (DUE: ₹10000)"
"BRDP20261202","Neha Singh","Ramesh Singh","9670930076","BCA","2026-2029","1","Khairabad, Uttar Pradesh","ACTIVE","20000","20000","0","20000","0","20000","20000","0","20000","20000","0","20000","20000","0","20000","20000","0","20000","120000","20000","100000","PARTIAL","CALL IMMEDIATELY (DUE: ₹100000)"
"BRDP20231203","Vinod Dubey","Ashish Dubey","9533579994","B.Sc","2023-2026","5","Maholi, Uttar Pradesh","ACTIVE","5000","5000","0","5000","5000","0","5000","5000","0","5000","5000","0","5000","5000","0","5000","0","5000","30000","25000","5000","PARTIAL","CALL IMMEDIATELY (DUE: ₹5000)"
"BRDP20261204","Pooja Kumar","Sandeep Kumar","9133428319","BCA","2026-2029","1","Sidhauli, Uttar Pradesh","ACTIVE","20000","20000","0","20000","0","20000","20000","0","20000","20000","0","20000","20000","0","20000","20000","0","20000","120000","20000","100000","PARTIAL","CALL IMMEDIATELY (DUE: ₹100000)"
"BRDP20231205","Alok Kumar","Naimish Kumar","9320409467","BA","2023-2026","5","Patna, Uttar Pradesh","ACTIVE","3000","3000","0","3000","3000","0","3000","3000","0","3000","3000","0","3000","2000","1000","3000","0","3000","18000","14000","4000","PARTIAL","CALL IMMEDIATELY (DUE: ₹4000)"
"BRDP20231206","Manish Saini","Suresh Saini","9650406498","BBA","2023-2026","5","Kanpur, Uttar Pradesh","ACTIVE","22000","22000","0","22000","22000","0","22000","22000","0","22000","22000","0","22000","22000","0","22000","0","22000","132000","110000","22000","PARTIAL","CALL IMMEDIATELY (DUE: ₹22000)"
"BRDP20241207","Nainsi Dubey","Saumya Dubey","9136146374","BBA","2024-2027","3","Sitapur, Uttar Pradesh","ACTIVE","22000","22000","0","22000","22000","0","22000","22000","0","22000","0","22000","22000","0","22000","22000","0","22000","132000","66000","66000","PARTIAL","CALL IMMEDIATELY (DUE: ₹66000)"
"BRDP20231208","Rahul Kashyap","Pari Kashyap","9471721220","MCA","2023-2026","5","Khairabad, Uttar Pradesh","ACTIVE","30000","30000","0","30000","30000","0","30000","30000","0","30000","30000","0","30000","30000","0","30000","0","30000","180000","150000","30000","PARTIAL","CALL IMMEDIATELY (DUE: ₹30000)"
"BRDP20231209","Seema Gupta","Ravi Gupta","9298184858","BBA","2023-2026","5","Kanpur, Uttar Pradesh","ACTIVE","22000","22000","0","22000","22000","0","22000","22000","0","22000","22000","0","22000","22000","0","22000","0","22000","132000","110000","22000","PARTIAL","CALL IMMEDIATELY (DUE: ₹22000)"
"BRDP20251210","Iliyash Prajapati","Raj Prajapati","9508142148","BCA","2025-2028","2","Misrikh, Uttar Pradesh","ACTIVE","20000","20000","0","20000","10500","9500","20000","0","20000","20000","0","20000","20000","0","20000","20000","0","20000","120000","30500","89500","PARTIAL","CALL IMMEDIATELY (DUE: ₹89500)"
"BRDP20251211","Rohan Rajpoot","Usha Rajpoot","9662549501","MCA","2025-2028","2","Mohali, Uttar Pradesh","ACTIVE","30000","30000","0","30000","30000","0","30000","0","30000","30000","0","30000","30000","0","30000","30000","0","30000","180000","60000","120000","PARTIAL","CALL IMMEDIATELY (DUE: ₹120000)"
"BRDP20241212","Priya Prajapati","Sanjay Prajapati","9530696198","B.Tech CSE","2024-2027","3","Maholi, Uttar Pradesh","ACTIVE","25000","25000","0","25000","25000","0","25000","25000","0","25000","0","25000","25000","0","25000","25000","0","25000","150000","75000","75000","PARTIAL","CALL IMMEDIATELY (DUE: ₹75000)"
"BRDP20231213","Mahek Pal","Ravi Pal","9761433196","MCA","2023-2026","5","Laharpur, Uttar Pradesh","ACTIVE","30000","30000","0","30000","30000","0","30000","30000","0","30000","30000","0","30000","18000","12000","30000","0","30000","180000","138000","42000","PARTIAL","CALL IMMEDIATELY (DUE: ₹42000)"
"BRDP20261214","Vikas Tripathi","Vinod Tripathi","9971038661","BBA","2026-2029","1","Sidhauli, Uttar Pradesh","ACTIVE","22000","22000","0","22000","0","22000","22000","0","22000","22000","0","22000","22000","0","22000","22000","0","22000","132000","22000","110000","PARTIAL","CALL IMMEDIATELY (DUE: ₹110000)"
"BRDP20231215","Priya Srivastava","Pari Srivastava","9677252766","BA","2023-2026","5","Sitapur, Uttar Pradesh","ACTIVE","3000","3000","0","3000","3000","0","3000","3000","0","3000","3000","0","3000","3000","0","3000","0","3000","18000","15000","3000","PARTIAL","CALL IMMEDIATELY (DUE: ₹3000)"
"BRDP20261216","Aarti Yadav","Anita Yadav","9696471234","B.Tech CSE","2026-2029","1","Khairabad, Uttar Pradesh","ACTIVE","25000","0","25000","25000","0","25000","25000","0","25000","25000","0","25000","25000","0","25000","25000","0","25000","150000","0","150000","PENDING","CALL IMMEDIATELY (DUE: ₹150000)"
"BRDP20261217","Ajay Dubey","Saurabh Dubey","9457550518","MCA","2026-2029","1","Sidhauli, Uttar Pradesh","ACTIVE","30000","30000","0","30000","0","30000","30000","0","30000","30000","0","30000","30000","0","30000","30000","0","30000","180000","30000","150000","PARTIAL","CALL IMMEDIATELY (DUE: ₹150000)"
"BRDP20251218","Roshani Rajpoot","Sonika Rajpoot","9439167033","MCA","2025-2028","2","Lakhimpur Kheri, Uttar Pradesh","ACTIVE","30000","30000","0","30000","10000","20000","30000","0","30000","30000","0","30000","30000","0","30000","30000","0","30000","180000","40000","140000","PARTIAL","CALL IMMEDIATELY (DUE: ₹140000)"
"BRDP20231219","Ananya Kashyap","Saurabh Kashyap","9384543470","BA","2023-2026","5","Khairabad, Uttar Pradesh","ACTIVE","3000","3000","0","3000","3000","0","3000","3000","0","3000","3000","0","3000","1500","1500","3000","0","3000","18000","13500","4500","PARTIAL","CALL IMMEDIATELY (DUE: ₹4500)"
"BRDP20251220","Satish Srivastava","Meena Srivastava","9652964830","BBA","2025-2028","2","Kanpur, Uttar Pradesh","ACTIVE","22000","22000","0","22000","11500","10500","22000","0","22000","22000","0","22000","22000","0","22000","22000","0","22000","132000","33500","98500","PARTIAL","CALL IMMEDIATELY (DUE: ₹98500)"
"BRDP20261221","Dharmendra Agrahari","Shivam Agrahari","9565866771","BCA","2026-2029","1","Misrikh, Uttar Pradesh","ACTIVE","20000","20000","0","20000","0","20000","20000","0","20000","20000","0","20000","20000","0","20000","20000","0","20000","120000","20000","100000","PARTIAL","CALL IMMEDIATELY (DUE: ₹100000)"
"BRDP20231222","Ritu Kashyap","Sanjay Kashyap","9995877551","B.Sc","2023-2026","5","Khairabad, Uttar Pradesh","ACTIVE","5000","5000","0","5000","5000","0","5000","5000","0","5000","5000","0","5000","2500","2500","5000","0","5000","30000","22500","7500","PARTIAL","CALL IMMEDIATELY (DUE: ₹7500)"
"BRDP20241223","Pinku Shukla","Rajesh Shukla","9858968871","BA","2024-2027","3","Sitapur, Uttar Pradesh","ACTIVE","3000","3000","0","3000","3000","0","3000","2000","1000","3000","0","3000","3000","0","3000","3000","0","3000","18000","8000","10000","PARTIAL","CALL IMMEDIATELY (DUE: ₹10000)"
"BRDP20241224","Asha Verma","Sonu Verma","9119886567","B.Sc","2024-2027","3","Lucknow, Uttar Pradesh","ACTIVE","5000","5000","0","5000","5000","0","5000","5000","0","5000","0","5000","5000","0","5000","5000","0","5000","30000","15000","15000","PARTIAL","CALL IMMEDIATELY (DUE: ₹15000)"
"BRDP20241225","Ashish Maurya","Ravi Maurya","9684864544","BCA","2024-2027","3","Sitapur, Uttar Pradesh","ACTIVE","20000","20000","0","20000","20000","0","20000","8500","11500","20000","0","20000","20000","0","20000","20000","0","20000","120000","48500","71500","PARTIAL","CALL IMMEDIATELY (DUE: ₹71500)"
"BRDP20251226","Adarsh Rathour","Amit Rathour","9324928342","B.Tech CSE","2025-2028","2","Misrikh, Uttar Pradesh","ACTIVE","25000","25000","0","25000","13500","11500","25000","0","25000","25000","0","25000","25000","0","25000","25000","0","25000","150000","38500","111500","PARTIAL","CALL IMMEDIATELY (DUE: ₹111500)"
"BRDP20261227","Shivam Giri","Vishal Giri","9380779593","BBA","2026-2029","1","Sitapur, Uttar Pradesh","ACTIVE","22000","22000","0","22000","0","22000","22000","0","22000","22000","0","22000","22000","0","22000","22000","0","22000","132000","22000","110000","PARTIAL","CALL IMMEDIATELY (DUE: ₹110000)"
"BRDP20261228","Saumya Gautam","Pankaj Gautam","9330574022","B.Sc","2026-2029","1","Maholi, Uttar Pradesh","ACTIVE","5000","3000","2000","5000","0","5000","5000","0","5000","5000","0","5000","5000","0","5000","5000","0","5000","30000","3000","27000","PARTIAL","CALL IMMEDIATELY (DUE: ₹27000)"
"BRDP20241229","Adarsh Rathour","Pari Rathour","9840585375","B.Tech CSE","2024-2027","3","Sitapur, Uttar Pradesh","ACTIVE","25000","25000","0","25000","25000","0","25000","0","25000","25000","0","25000","25000","0","25000","25000","0","25000","150000","50000","100000","PARTIAL","CALL IMMEDIATELY (DUE: ₹100000)"
"BRDP20261230","Vinay Pal","Deepika Pal","9752406693","BCA","2026-2029","1","Sitapur, Uttar Pradesh","ACTIVE","20000","11000","9000","20000","0","20000","20000","0","20000","20000","0","20000","20000","0","20000","20000","0","20000","120000","11000","109000","PARTIAL","CALL IMMEDIATELY (DUE: ₹109000)"
"BRDP20251231","Manish Yadav","Priya Yadav","9203203543","BA","2025-2028","2","Mohali, Uttar Pradesh","ACTIVE","3000","3000","0","3000","2000","1000","3000","0","3000","3000","0","3000","3000","0","3000","3000","0","3000","18000","5000","13000","PARTIAL","CALL IMMEDIATELY (DUE: ₹13000)"
"BRDP20261232","Neha Pal","Suman Pal","9528614932","B.Sc","2026-2029","1","Maholi, Uttar Pradesh","ACTIVE","5000","5000","0","5000","0","5000","5000","0","5000","5000","0","5000","5000","0","5000","5000","0","5000","30000","5000","25000","PARTIAL","CALL IMMEDIATELY (DUE: ₹25000)"
"BRDP20241233","Neha Pandey","Sarita Pandey","9765430149","BCA","2024-2027","3","Patna, Uttar Pradesh","ACTIVE","20000","20000","0","20000","20000","0","20000","20000","0","20000","0","20000","20000","0","20000","20000","0","20000","120000","60000","60000","PARTIAL","CALL IMMEDIATELY (DUE: ₹60000)"
"BRDP20241234","Vinay Kashyap","Sunita Kashyap","9266008941","BA","2024-2027","3","Patna, Uttar Pradesh","ACTIVE","3000","3000","0","3000","3000","0","3000","2000","1000","3000","0","3000","3000","0","3000","3000","0","3000","18000","8000","10000","PARTIAL","CALL IMMEDIATELY (DUE: ₹10000)"
"BRDP20241235","Ravi Pal","Abhishek Pal","9406619435","BCA","2024-2027","3","Sidhauli, Uttar Pradesh","ACTIVE","20000","20000","0","20000","20000","0","20000","20000","0","20000","0","20000","20000","0","20000","20000","0","20000","120000","60000","60000","PARTIAL","CALL IMMEDIATELY (DUE: ₹60000)"
"BRDP20261236","Subhendu Pal","Priya Pal","9205592577","BBA","2026-2029","1","Lakhimpur Kheri, Uttar Pradesh","ACTIVE","22000","12500","9500","22000","0","22000","22000","0","22000","22000","0","22000","22000","0","22000","22000","0","22000","132000","12500","119500","PARTIAL","CALL IMMEDIATELY (DUE: ₹119500)"
"BRDP20261237","Saumya Devi","Naimish Devi","9670526740","MCA","2026-2029","1","Lucknow, Uttar Pradesh","ACTIVE","30000","30000","0","30000","0","30000","30000","0","30000","30000","0","30000","30000","0","30000","30000","0","30000","180000","30000","150000","PARTIAL","CALL IMMEDIATELY (DUE: ₹150000)"
"BRDP20241238","Kavita Pal","Saurabh Pal","9956175532","BCA","2024-2027","3","Mohali, Uttar Pradesh","ACTIVE","20000","20000","0","20000","20000","0","20000","7500","12500","20000","0","20000","20000","0","20000","20000","0","20000","120000","47500","72500","PARTIAL","CALL IMMEDIATELY (DUE: ₹72500)"
"BRDP20241239","Ritu Devi","Ajay Devi","9508412581","BA","2024-2027","3","Sitapur Sadar, Uttar Pradesh","ACTIVE","3000","3000","0","3000","3000","0","3000","1500","1500","3000","0","3000","3000","0","3000","3000","0","3000","18000","7500","10500","PARTIAL","CALL IMMEDIATELY (DUE: ₹10500)"
"BRDP20261240","Diwakar Kanaujiya","Shivam Kanaujiya","9525606420","BBA","2026-2029","1","Lakhimpur Kheri, Uttar Pradesh","ACTIVE","22000","22000","0","22000","0","22000","22000","0","22000","22000","0","22000","22000","0","22000","22000","0","22000","132000","22000","110000","PARTIAL","CALL IMMEDIATELY (DUE: ₹110000)"
"BRDP20251241","Pari Dwivedi","Aarti Dwivedi","9304009586","MCA","2025-2028","2","Sidhauli, Uttar Pradesh","ACTIVE","30000","30000","0","30000","19000","11000","30000","0","30000","30000","0","30000","30000","0","30000","30000","0","30000","180000","49000","131000","PARTIAL","CALL IMMEDIATELY (DUE: ₹131000)"
"BRDP20261242","Pinku Verma","Ankul Verma","9351134831","BBA","2026-2029","1","Maholi, Uttar Pradesh","ACTIVE","22000","22000","0","22000","0","22000","22000","0","22000","22000","0","22000","22000","0","22000","22000","0","22000","132000","22000","110000","PARTIAL","CALL IMMEDIATELY (DUE: ₹110000)"
"BRDP20241243","Vivek Prajapati","Ravi Prajapati","9109917350","BA","2024-2027","3","Lucknow, Uttar Pradesh","ACTIVE","3000","3000","0","3000","3000","0","3000","1000","2000","3000","0","3000","3000","0","3000","3000","0","3000","18000","7000","11000","PARTIAL","CALL IMMEDIATELY (DUE: ₹11000)"
"BRDP20241244","Vinay Kumar","Naimish Kumar","9858163352","BA","2024-2027","3","Mohali, Uttar Pradesh","ACTIVE","3000","3000","0","3000","3000","0","3000","2500","500","3000","0","3000","3000","0","3000","3000","0","3000","18000","8500","9500","PARTIAL","CALL IMMEDIATELY (DUE: ₹9500)"
"BRDP20251245","Avneesh Mishra","Satish Mishra","9718236181","BBA","2025-2028","2","Kanpur, Uttar Pradesh","ACTIVE","22000","22000","0","22000","0","22000","22000","0","22000","22000","0","22000","22000","0","22000","22000","0","22000","132000","22000","110000","PARTIAL","CALL IMMEDIATELY (DUE: ₹110000)"
"BRDP20231246","Dharmendra Sharma","Rashi Sharma","9694183864","B.Tech CSE","2023-2026","5","Lucknow, Uttar Pradesh","ACTIVE","25000","25000","0","25000","25000","0","25000","25000","0","25000","25000","0","25000","15000","10000","25000","0","25000","150000","115000","35000","PARTIAL","CALL IMMEDIATELY (DUE: ₹35000)"
"BRDP20231247","Ravi Verma","Suresh Verma","9474463656","B.Sc","2023-2026","5","Khairabad, Uttar Pradesh","ACTIVE","5000","5000","0","5000","5000","0","5000","5000","0","5000","5000","0","5000","4000","1000","5000","0","5000","30000","24000","6000","PARTIAL","CALL IMMEDIATELY (DUE: ₹6000)"
"BRDP20231248","Meena Jaiswal","Roshani Jaiswal","9735890494","BCA","2023-2026","5","Laharpur, Uttar Pradesh","ACTIVE","20000","20000","0","20000","20000","0","20000","20000","0","20000","20000","0","20000","11500","8500","20000","0","20000","120000","91500","28500","PARTIAL","CALL IMMEDIATELY (DUE: ₹28500)"
"BRDP20261249","Geeta Pal","Priya Pal","9561472852","BBA","2026-2029","1","Hargaon, Uttar Pradesh","ACTIVE","22000","0","22000","22000","0","22000","22000","0","22000","22000","0","22000","22000","0","22000","22000","0","22000","132000","0","132000","PENDING","CALL IMMEDIATELY (DUE: ₹132000)"
"BRDP20251250","Seema Tiwari","Sunita Tiwari","9935130325","B.Tech CSE","2025-2028","2","Sitapur Sadar, Uttar Pradesh","ACTIVE","25000","25000","0","25000","25000","0","25000","0","25000","25000","0","25000","25000","0","25000","25000","0","25000","150000","50000","100000","PARTIAL","CALL IMMEDIATELY (DUE: ₹100000)"