"Call Priority S.No","Roll No","Student Name","Father Name","Phone Number","Overall Pending Balance (₹)","Current Semester","Course","Session","Address","Call Action Status","Call Notes / Remarks"
"1","BRDP20260079","Neha Maurya","Usha Maurya","9982327773","180000","1","MCA","2026-2029","Patna, Uttar Pradesh","PENDING CALL",""
"2","BRDP20260149","Usha Singh","Deepika Singh","9390273727","180000","1","MCA","2026-2029","Hargaon, Uttar Pradesh","PENDING CALL",""
"3","BRDP20260184","Manoj Rajpoot","Adarsh Rajpoot","9608169495","180000","1","MCA","2026-2029","Lakhimpur Kheri, Uttar Pradesh","PENDING CALL",""
"4","BRDP20260274","Raj Saini","Deepika Saini","9294969280","180000","1","MCA","2026-2029","Maholi, Uttar Pradesh","PENDING CALL",""
"5","BRDP20260426","Nainsi Yadav","Geeta Yadav","9291724871","180000","1","MCA","2026-2029","Biswan, Uttar Pradesh","PENDING CALL",""
"6","BRDP20260468","Vivek Kumar","Iliyash Kumar","9855724072","180000","1","MCA","2026-2029","Mohali, Uttar Pradesh","PENDING CALL",""
"7","BRDP20260523","Laxmi Devi","Seema Devi","9124218027","180000","1","MCA","2026-2029","Patna, Uttar Pradesh","PENDING CALL",""
"8","BRDP20260784","Seema Rathour","Pooja Rathour","9725670802","180000","1","MCA","2026-2029","Patna, Uttar Pradesh","PENDING CALL",""
"9","BRDP20260785","Saumya Dubey","Rahul Dubey","9952898141","180000","1","MCA","2026-2029","Lakhimpur Kheri, Uttar Pradesh","PENDING CALL",""
"10","BRDP20261096","Saurabh Maurya","Sani Maurya","9176372899","180000","1","MCA","2026-2029","Laharpur, Uttar Pradesh","PENDING CALL",""
"11","BRDP20261167","Vinay Srivastava","Priya Srivastava","9155986300","180000","1","MCA","2026-2029","Biswan, Uttar Pradesh","PENDING CALL",""
"12","BRDP20261226","Prateek Dubey","Shivangi Dubey","9820983956","180000","1","MCA","2026-2029","Maholi, Uttar Pradesh","PENDING CALL",""
"13","BRDP20260417","Vikas Shukla","Saurabh Shukla","9851636909","170000","1","MCA","2026-2029","Sitapur Sadar, Uttar Pradesh","PENDING CALL",""
"14","BRDP20260903","Ankul Rajpoot","Satish Rajpoot","9419358933","167000","1","MCA","2026-2029","Patna, Uttar Pradesh","PENDING CALL",""
"15","BRDP20261230","Ramesh Giri","Yashee Giri","9421290263","167000","1","MCA","2026-2029","Mohali, Uttar Pradesh","PENDING CALL",""
"16","BRDP20260783","Ravi Dwivedi","Dipanshi Dwivedi","9489350464","166000","1","MCA","2026-2029","Sitapur, Uttar Pradesh","PENDING CALL",""
"17","BRDP20260333","Rashi Shukla","Sani Shukla","9748739668","163000","1","MCA","2026-2029","Lucknow, Uttar Pradesh","PENDING CALL",""
"18","BRDP20261097","Kamlesh Khan","Sanjay Khan","9141640097","162500","1","MCA","2026-2029","Biswan, Uttar Pradesh","PENDING CALL",""
"19","BRDP20261225","Sani Gautam","Rahul Gautam","9832418856","161500","1","MCA","2026-2029","Sitapur, Uttar Pradesh","PENDING CALL",""
"20","BRDP20260778","Pooja Gautam","Rahul Gautam","9497969992","160500","1","MCA","2026-2029","Sidhauli, Uttar Pradesh","PENDING CALL",""
"21","BRDP20260971","Ramesh Prajapati","Nainsi Prajapati","9552326310","160000","1","MCA","2026-2029","Kanpur, Uttar Pradesh","PENDING CALL",""
"22","BRDP20260541","Ritu Srivastava","Sarita Srivastava","9359336602","158500","1","MCA","2026-2029","Khairabad, Uttar Pradesh","PENDING CALL",""
"23","BRDP20261087","Seema Dubey","Suresh Dubey","9439043482","158500","1","MCA","2026-2029","Biswan, Uttar Pradesh","PENDING CALL",""
"24","BRDP20260368","Rajesh Kashyap","Vijay Kashyap","9494212854","158000","1","MCA","2026-2029","Laharpur, Uttar Pradesh","PENDING CALL",""
"25","BRDP20260667","Rahul Jaiswal","Vijay Jaiswal","9725689078","157500","1","MCA","2026-2029","Sitapur, Uttar Pradesh","PENDING CALL",""
"26","BRDP20260769","Nainsi Khan","Priya Khan","9839080225","157000","1","MCA","2026-2029","Sitapur, Uttar Pradesh","PENDING CALL",""
"27","BRDP20261250","Ajay Kashyap","Ajay Kashyap","9882348518","156500","1","MCA","2026-2029","Patna, Uttar Pradesh","PENDING CALL",""
"28","BRDP20260148","Ajay Paswan","Dipanshi Paswan","9639070336","156000","1","MCA","2026-2029","Misrikh, Uttar Pradesh","PENDING CALL",""
"29","BRDP20261160","Diwakar Giri","Nainsi Giri","9343456824","156000","1","MCA","2026-2029","Sitapur, Uttar Pradesh","PENDING CALL",""
"30","BRDP20260097","Ajay Srivastava","Pari Srivastava","9933863865","150000","1","MCA","2026-2029","Kanpur, Uttar Pradesh","PENDING CALL",""
"31","BRDP20250123","Dipanshi Shukla","Alok Shukla","9872500400","150000","2","MCA","2025-2028","Biswan, Uttar Pradesh","PENDING CALL",""
"32","BRDP20260126","Sunita Pal","Manoj Pal","9306576980","150000","1","MCA","2026-2029","Misrikh, Uttar Pradesh","PENDING CALL",""
"33","BRDP20260130","Shivam Tripathi","Priya Tripathi","9976693957","150000","1","MCA","2026-2029","Patna, Uttar Pradesh","PENDING CALL",""
"34","BRDP20260141","Vijay Khan","Saurabh Khan","9779492692","150000","1","MCA","2026-2029","Sitapur Sadar, Uttar Pradesh","PENDING CALL",""
"35","BRDP20260145","Manish Tripathi","Mahek Tripathi","9629609443","150000","1","MCA","2026-2029","Sidhauli, Uttar Pradesh","PENDING CALL",""
"36","BRDP20250216","Naimish Sharma","Neha Sharma","9954579982","150000","2","MCA","2025-2028","Maholi, Uttar Pradesh","PENDING CALL",""
"37","BRDP20260222","Priya Rathour","Raj Rathour","9883033760","150000","1","MCA","2026-2029","Laharpur, Uttar Pradesh","PENDING CALL",""
"38","BRDP20260246","Usha Verma","Geeta Verma","9563803763","150000","1","B.Tech CSE","2026-2029","Lakhimpur Kheri, Uttar Pradesh","PENDING CALL",""
"39","BRDP20260250","Sonu Khan","Diwakar Khan","9500994148","150000","1","MCA","2026-2029","Maholi, Uttar Pradesh","PENDING CALL",""
"40","BRDP20250355","Aarya Gupta","Anjali Gupta","9916169745","150000","2","MCA","2025-2028","Sitapur, Uttar Pradesh","PENDING CALL",""
"41","BRDP20260363","Avneesh Mishra","Anita Mishra","9423481166","150000","1","MCA","2026-2029","Sitapur, Uttar Pradesh","PENDING CALL",""
"42","BRDP20260464","Avneesh Shukla","Ajay Shukla","9407776579","150000","1","B.Tech CSE","2026-2029","Mohali, Uttar Pradesh","PENDING CALL",""
"43","BRDP20260525","Aarti Maurya","Dipanshi Maurya","9791680629","150000","1","MCA","2026-2029","Laharpur, Uttar Pradesh","PENDING CALL",""
"44","BRDP20260552","Priya Pal","Usha Pal","9335991937","150000","1","MCA","2026-2029","Patna, Uttar Pradesh","PENDING CALL",""
"45","BRDP20260564","Anamika Gupta","Usha Gupta","9377054088","150000","1","MCA","2026-2029","Laharpur, Uttar Pradesh","PENDING CALL",""
"46","BRDP20260641","Subhendu Yadav","Prateek Yadav","9535866910","150000","1","MCA","2026-2029","Mohali, Uttar Pradesh","PENDING CALL",""
"47","BRDP20260776","Amit Sharma","Suresh Sharma","9868011662","150000","1","MCA","2026-2029","Patna, Uttar Pradesh","PENDING CALL",""
"48","BRDP20260788","Sunita Prajapati","Deepak Prajapati","9663418669","150000","1","MCA","2026-2029","Biswan, Uttar Pradesh","PENDING CALL",""
"49","BRDP20260861","Divanshi Pal","Pari Pal","9361285909","150000","1","MCA","2026-2029","Lucknow, Uttar Pradesh","PENDING CALL",""
"50","BRDP20250874","Vinay Singh","Divyanshi Singh","9912207433","150000","2","MCA","2025-2028","Mohali, Uttar Pradesh","PENDING CALL",""
"51","BRDP20260885","Iliyash Singh","Diwakar Singh","9586384467","150000","1","MCA","2026-2029","Misrikh, Uttar Pradesh","PENDING CALL",""
"52","BRDP20260912","Vikas Pandey","Naimish Pandey","9755168048","150000","1","MCA","2026-2029","Sidhauli, Uttar Pradesh","PENDING CALL",""
"53","BRDP20250920","Shivani Rajpoot","Ravi Rajpoot","9592110570","150000","2","MCA","2025-2028","Sidhauli, Uttar Pradesh","PENDING CALL",""
"54","BRDP20250926","Adarsh Sharma","Aarav Sharma","9534771643","150000","2","MCA","2025-2028","Sitapur, Uttar Pradesh","PENDING CALL",""
"55","BRDP20250954","Usha Kumar","Rajesh Kumar","9263954879","150000","2","MCA","2025-2028","Kanpur, Uttar Pradesh","PENDING CALL",""
"56","BRDP20261036","Sonika Prajapati","Saumya Prajapati","9807600265","150000","1","B.Tech CSE","2026-2029","Sitapur, Uttar Pradesh","PENDING CALL",""
"57","BRDP20251050","Vishal Mishra","Subhendu Mishra","9293145689","150000","2","MCA","2025-2028","Khairabad, Uttar Pradesh","PENDING CALL",""
"58","BRDP20261054","Anita Gupta","Sangita Gupta","9463948631","150000","1","B.Tech CSE","2026-2029","Kanpur, Uttar Pradesh","PENDING CALL",""
"59","BRDP20261057","Nainsi Dubey","Priya Dubey","9963854498","150000","1","MCA","2026-2029","Patna, Uttar Pradesh","PENDING CALL",""
"60","BRDP20251068","Pari Jaiswal","Roshani Jaiswal","9346370496","150000","2","MCA","2025-2028","Misrikh, Uttar Pradesh","PENDING CALL",""
"61","BRDP20261070","Asha Jaiswal","Vinod Jaiswal","9151841562","150000","1","B.Tech CSE","2026-2029","Patna, Uttar Pradesh","PENDING CALL",""
"62","BRDP20261107","Gudiya Gupta","Vijay Gupta","9263635367","150000","1","MCA","2026-2029","Lucknow, Uttar Pradesh","PENDING CALL",""
"63","BRDP20261163","Raj Pal","Ramesh Pal","9726200810","150000","1","MCA","2026-2029","Misrikh, Uttar Pradesh","PENDING CALL",""
"64","BRDP20260609","Ravi Khan","Shivangi Khan","9338544428","142500","1","B.Tech CSE","2026-2029","Kanpur, Uttar Pradesh","PENDING CALL",""
"65","BRDP20260164","Neha Saini","Pari Saini","9597853190","142000","1","B.Tech CSE","2026-2029","Patna, Uttar Pradesh","PENDING CALL",""
"66","BRDP20260399","Ajay Sharma","Suresh Sharma","9217713510","141500","1","B.Tech CSE","2026-2029","Hargaon, Uttar Pradesh","PENDING CALL",""
"67","BRDP20261143","Avneesh Pal","Vinay Pal","9552770700","141500","1","B.Tech CSE","2026-2029","Lakhimpur Kheri, Uttar Pradesh","PENDING CALL",""
"68","BRDP20260651","Deepa Chaurasiya","Sarita Chaurasiya","9376617634","141000","1","B.Tech CSE","2026-2029","Sitapur, Uttar Pradesh","PENDING CALL",""
"69","BRDP20260209","Gudiya Singh","Avneesh Singh","9812159609","140500","1","B.Tech CSE","2026-2029","Maholi, Uttar Pradesh","PENDING CALL",""
"70","BRDP20261104","Raj Sharma","Dharmendra Sharma","9593063807","140500","1","B.Tech CSE","2026-2029","Sitapur, Uttar Pradesh","PENDING CALL",""
"71","BRDP20261124","Mahek Khan","Meena Khan","9760051603","140500","1","B.Tech CSE","2026-2029","Lucknow, Uttar Pradesh","PENDING CALL",""
"72","BRDP20250353","Roshani Khan","Sanjay Khan","9157998407","140000","2","MCA","2025-2028","Sitapur, Uttar Pradesh","PENDING CALL",""
"73","BRDP20250357","Diwakar Kanaujiya","Manish Kanaujiya","9372837036","140000","2","MCA","2025-2028","Lakhimpur Kheri, Uttar Pradesh","PENDING CALL",""
"74","BRDP20260945","Ritu Dwivedi","Sandeep Dwivedi","9874348664","140000","1","B.Tech CSE","2026-2029","Lakhimpur Kheri, Uttar Pradesh","PENDING CALL",""
"75","BRDP20250140","Ramesh Paswan","Aditya Paswan","9474738426","139500","2","MCA","2025-2028","Sitapur, Uttar Pradesh","PENDING CALL",""
"76","BRDP20250855","Naimish Giri","Rashi Giri","9753556775","139500","2","MCA","2025-2028","Lakhimpur Kheri, Uttar Pradesh","PENDING CALL",""
"77","BRDP20260411","Mahek Tripathi","Naimish Tripathi","9150057026","139000","1","B.Tech CSE","2026-2029","Khairabad, Uttar Pradesh","PENDING CALL",""
"78","BRDP20261112","Shivam Tiwari","Vijay Tiwari","9675604295","139000","1","B.Tech CSE","2026-2029","Sidhauli, Uttar Pradesh","PENDING CALL",""
"79","BRDP20250292","Aarti Yadav","Meena Yadav","9142661826","138500","2","MCA","2025-2028","Sidhauli, Uttar Pradesh","PENDING CALL",""
"80","BRDP20251115","Priya Agrahari","Ashutosh Agrahari","9586264180","138000","2","MCA","2025-2028","Lakhimpur Kheri, Uttar Pradesh","PENDING CALL",""
"81","BRDP20260249","Vinod Dwivedi","Ayush Dwivedi","9134888508","137500","1","B.Tech CSE","2026-2029","Kanpur, Uttar Pradesh","PENDING CALL",""
"82","BRDP20260248","Sonika Mishra","Ankul Mishra","9248445389","137000","1","B.Tech CSE","2026-2029","Kanpur, Uttar Pradesh","PENDING CALL",""
"83","BRDP20260628","Shivani Singh","Dipanshi Singh","9627069939","137000","1","B.Tech CSE","2026-2029","Patna, Uttar Pradesh","PENDING CALL",""
"84","BRDP20261229","Iliyash Kumar","Avneesh Kumar","9481373005","136000","1","B.Tech CSE","2026-2029","Sitapur, Uttar Pradesh","PENDING CALL",""
"85","BRDP20260747","Abhishek Saini","Deepika Saini","9618330539","135000","1","B.Tech CSE","2026-2029","Kanpur, Uttar Pradesh","PENDING CALL",""
"86","BRDP20260790","Alok Mishra","Yashee Mishra","9611822548","133500","1","B.Tech CSE","2026-2029","Sitapur, Uttar Pradesh","PENDING CALL",""
"87","BRDP20250815","Ashish Srivastava","Neha Srivastava","9704386306","133500","2","MCA","2025-2028","Hargaon, Uttar Pradesh","PENDING CALL",""
"88","BRDP20260324","Ajay Sharma","Usha Sharma","9523128365","133000","1","B.Tech CSE","2026-2029","Misrikh, Uttar Pradesh","PENDING CALL",""
"89","BRDP20260526","Aditya Dubey","Sarita Dubey","9335168908","133000","1","B.Tech CSE","2026-2029","Sitapur Sadar, Uttar Pradesh","PENDING CALL",""
"90","BRDP20250814","Ankul Mishra","Suman Mishra","9748303946","133000","2","MCA","2025-2028","Maholi, Uttar Pradesh","PENDING CALL",""
"91","BRDP20250624","Dharmendra Kashyap","Aarav Kashyap","9540483332","132500","2","MCA","2025-2028","Laharpur, Uttar Pradesh","PENDING CALL",""
"92","BRDP20250999","Pari Saini","Gudiya Saini","9917397178","132500","2","MCA","2025-2028","Lakhimpur Kheri, Uttar Pradesh","PENDING CALL",""
"93","BRDP20260394","Raj Yadav","Sonu Yadav","9212277708","132000","1","BBA","2026-2029","Biswan, Uttar Pradesh","PENDING CALL",""
"94","BRDP20260436","Iliyash Chaurasiya","Ravi Chaurasiya","9172208630","132000","1","BBA","2026-2029","Maholi, Uttar Pradesh","PENDING CALL",""
"95","BRDP20260506","Raj Dubey","Iliyash Dubey","9373364141","132000","1","BBA","2026-2029","Kanpur, Uttar Pradesh","PENDING CALL",""
"96","BRDP20260672","Rajesh Gautam","Dharmendra Gautam","9641023939","132000","1","BBA","2026-2029","Patna, Uttar Pradesh","PENDING CALL",""
"97","BRDP20260685","Aarya Mishra","Meena Mishra","9197519348","132000","1","BBA","2026-2029","Khairabad, Uttar Pradesh","PENDING CALL",""
"98","BRDP20260767","Priya Rathour","Vishal Rathour","9561024913","132000","1","BBA","2026-2029","Khairabad, Uttar Pradesh","PENDING CALL",""
"99","BRDP20261240","Ananya Shukla","Ayush Shukla","9778963429","132000","1","BBA","2026-2029","Lucknow, Uttar Pradesh","PENDING CALL",""
"100","BRDP20260987","Aditya Tiwari","Vijay Tiwari","9138164123","131500","1","B.Tech CSE","2026-2029","Biswan, Uttar Pradesh","PENDING CALL",""
"101","BRDP20260818","Manish Gautam","Amit Gautam","9430162552","131000","1","B.Tech CSE","2026-2029","Laharpur, Uttar Pradesh","PENDING CALL",""
"102","BRDP20261000","Dibya Kanaujiya","Rajesh Kanaujiya","9115799540","131000","1","B.Tech CSE","2026-2029","Biswan, Uttar Pradesh","PENDING CALL",""
"103","BRDP20250069","Subhendu Dubey","Geeta Dubey","9556996870","130500","2","MCA","2025-2028","Mohali, Uttar Pradesh","PENDING CALL",""
"104","BRDP20250240","Sonu Saini","Rohan Saini","9713750875","130000","2","MCA","2025-2028","Sitapur Sadar, Uttar Pradesh","PENDING CALL",""
"105","BRDP20250654","Sarita Saini","Amit Saini","9705896846","130000","2","MCA","2025-2028","Sidhauli, Uttar Pradesh","PENDING CALL",""
"106","BRDP20251158","Pankaj Saini","Laxmi Saini","9277059716","126000","2","MCA","2025-2028","Patna, Uttar Pradesh","PENDING CALL",""
"107","BRDP20260967","Subhendu Gautam","Deepak Gautam","9125241454","125500","1","BBA","2026-2029","Mohali, Uttar Pradesh","PENDING CALL",""
"108","BRDP20250072","Raj Gupta","Manoj Gupta","9205483471","125000","2","B.Tech CSE","2025-2028","Lakhimpur Kheri, Uttar Pradesh","PENDING CALL",""
"109","BRDP20260091","Vivek Saini","Suman Saini","9724136502","125000","1","B.Tech CSE","2026-2029","Lakhimpur Kheri, Uttar Pradesh","PENDING CALL",""
"110","BRDP20260098","Pari Paswan","Priya Paswan","9146821647","125000","1","B.Tech CSE","2026-2029","Lakhimpur Kheri, Uttar Pradesh","PENDING CALL",""
"111","BRDP20260108","Raj Dubey","Avneesh Dubey","9340495236","125000","1","B.Tech CSE","2026-2029","Sidhauli, Uttar Pradesh","PENDING CALL",""
"112","BRDP20260177","Sandeep Pandey","Sangita Pandey","9461577356","125000","1","B.Tech CSE","2026-2029","Khairabad, Uttar Pradesh","PENDING CALL",""
"113","BRDP20250254","Vijay Mishra","Vinay Mishra","9832038133","125000","2","B.Tech CSE","2025-2028","Sitapur, Uttar Pradesh","PENDING CALL",""
"114","BRDP20260303","Iliyash Chaurasiya","Abhishek Chaurasiya","9240030130","125000","1","B.Tech CSE","2026-2029","Patna, Uttar Pradesh","PENDING CALL",""
"115","BRDP20260313","Neha Tiwari","Mahek Tiwari","9450958812","125000","1","B.Tech CSE","2026-2029","Mohali, Uttar Pradesh","PENDING CALL",""
"116","BRDP20260344","Naimish Pal","Ravi Pal","9480687452","125000","1","B.Tech CSE","2026-2029","Hargaon, Uttar Pradesh","PENDING CALL",""
"117","BRDP20260376","Divanshi Rajpoot","Deepak Rajpoot","9906678278","125000","1","B.Tech CSE","2026-2029","Patna, Uttar Pradesh","PENDING CALL",""
"118","BRDP20250433","Anita Jaiswal","Adarsh Jaiswal","9223908954","125000","2","B.Tech CSE","2025-2028","Lucknow, Uttar Pradesh","PENDING CALL",""
"119","BRDP20260437","Iliyash Gupta","Vikas Gupta","9466545769","125000","1","B.Tech CSE","2026-2029","Lucknow, Uttar Pradesh","PENDING CALL",""
"120","BRDP20250443","Alok Shukla","Adarsh Shukla","9557851853","125000","2","B.Tech CSE","2025-2028","Sitapur, Uttar Pradesh","PENDING CALL",""
"121","BRDP20260459","Deepak Saini","Ritu Saini","9627127864","125000","1","B.Tech CSE","2026-2029","Lakhimpur Kheri, Uttar Pradesh","PENDING CALL",""
"122","BRDP20260536","Shivangi Gautam","Abhishek Gautam","9403938073","125000","1","B.Tech CSE","2026-2029","Lucknow, Uttar Pradesh","PENDING CALL",""
"123","BRDP20260551","Dibya Dubey","Sonika Dubey","9204238185","125000","1","B.Tech CSE","2026-2029","Sitapur, Uttar Pradesh","PENDING CALL",""
"124","BRDP20260601","Abhishek Chaurasiya","Aditya Chaurasiya","9651414529","125000","1","B.Tech CSE","2026-2029","Biswan, Uttar Pradesh","PENDING CALL",""
"125","BRDP20260645","Ananya Rajpoot","Shivangi Rajpoot","9718953939","125000","1","B.Tech CSE","2026-2029","Lucknow, Uttar Pradesh","PENDING CALL",""
"126","BRDP20250698","Aarti Tripathi","Rekha Tripathi","9542971137","125000","2","B.Tech CSE","2025-2028","Mohali, Uttar Pradesh","PENDING CALL",""
"127","BRDP20250701","Dipanshi Dwivedi","Avneesh Dwivedi","9468842947","125000","2","B.Tech CSE","2025-2028","Patna, Uttar Pradesh","PENDING CALL",""
"128","BRDP20250729","Deepika Paswan","Ravi Paswan","9398471418","125000","2","B.Tech CSE","2025-2028","Laharpur, Uttar Pradesh","PENDING CALL",""
"129","BRDP20260732","Rohan Agrahari","Aditya Agrahari","9724597301","125000","1","B.Tech CSE","2026-2029","Kanpur, Uttar Pradesh","PENDING CALL",""
"130","BRDP20260738","Laxmi Dwivedi","Diwakar Dwivedi","9860379723","125000","1","B.Tech CSE","2026-2029","Misrikh, Uttar Pradesh","PENDING CALL",""
"131","BRDP20260812","Vivek Yadav","Shivani Yadav","9555373735","125000","1","B.Tech CSE","2026-2029","Lakhimpur Kheri, Uttar Pradesh","PENDING CALL",""
"132","BRDP20260826","Subhendu Rathour","Manish Rathour","9418455900","125000","1","B.Tech CSE","2026-2029","Mohali, Uttar Pradesh","PENDING CALL",""
"133","BRDP20260830","Dharmendra Tripathi","Dharmendra Tripathi","9946815760","125000","1","BBA","2026-2029","Misrikh, Uttar Pradesh","PENDING CALL",""
"134","BRDP20260839","Abhishek Verma","Gudiya Verma","9810159319","125000","1","B.Tech CSE","2026-2029","Misrikh, Uttar Pradesh","PENDING CALL",""
"135","BRDP20260909","Sonika Pandey","Vikas Pandey","9720065561","125000","1","B.Tech CSE","2026-2029","Lucknow, Uttar Pradesh","PENDING CALL",""
"136","BRDP20250919","Usha Singh","Neha Singh","9810090680","125000","2","B.Tech CSE","2025-2028","Patna, Uttar Pradesh","PENDING CALL",""
"137","BRDP20260927","Rashi Dwivedi","Vijay Dwivedi","9899674299","125000","1","B.Tech CSE","2026-2029","Sitapur Sadar, Uttar Pradesh","PENDING CALL",""
"138","BRDP20260972","Prateek Gautam","Raj Gautam","9241624422","125000","1","B.Tech CSE","2026-2029","Sitapur, Uttar Pradesh","PENDING CALL",""
"139","BRDP20251015","Vinod Paswan","Aarav Paswan","9443339845","125000","2","B.Tech CSE","2025-2028","Sitapur, Uttar Pradesh","PENDING CALL",""
"140","BRDP20261034","Aarav Gautam","Gudiya Gautam","9822374969","125000","1","B.Tech CSE","2026-2029","Maholi, Uttar Pradesh","PENDING CALL",""
"141","BRDP20251111","Ajay Devi","Satish Devi","9685877873","125000","2","B.Tech CSE","2025-2028","Biswan, Uttar Pradesh","PENDING CALL",""
"142","BRDP20261142","Sani Yadav","Pooja Yadav","9364569786","125000","1","B.Tech CSE","2026-2029","Kanpur, Uttar Pradesh","PENDING CALL",""
"143","BRDP20261164","Sarita Rajpoot","Dharmendra Rajpoot","9100856191","125000","1","B.Tech CSE","2026-2029","Mohali, Uttar Pradesh","PENDING CALL",""
"144","BRDP20261203","Asha Dwivedi","Ayush Dwivedi","9476087122","125000","1","B.Tech CSE","2026-2029","Laharpur, Uttar Pradesh","PENDING CALL",""
"145","BRDP20260422","Amit Kanaujiya","Suman Kanaujiya","9627179783","122500","1","BBA","2026-2029","Lakhimpur Kheri, Uttar Pradesh","PENDING CALL",""
"146","BRDP20260702","Dharmendra Pandey","Vishal Pandey","9813821423","122500","1","BBA","2026-2029","Misrikh, Uttar Pradesh","PENDING CALL",""
"147","BRDP20260699","Ankul Kanaujiya","Shivani Kanaujiya","9764641597","121500","1","BBA","2026-2029","Kanpur, Uttar Pradesh","PENDING CALL",""
"148","BRDP20260980","Rohan Dubey","Vivek Dubey","9170072414","121500","1","BBA","2026-2029","Maholi, Uttar Pradesh","PENDING CALL",""
"149","BRDP20260166","Pankaj Yadav","Ritu Yadav","9163280940","120500","1","BBA","2026-2029","Laharpur, Uttar Pradesh","PENDING CALL",""
"150","BRDP20260666","Ramesh Sharma","Sani Sharma","9530022518","120500","1","BBA","2026-2029","Patna, Uttar Pradesh","PENDING CALL",""
"151","BRDP20250071","Priya Rajpoot","Sangita Rajpoot","9642039675","120000","2","MCA","2025-2028","Mohali, Uttar Pradesh","PENDING CALL",""
"152","BRDP20250101","Shivangi Prajapati","Usha Prajapati","9210954732","120000","2","MCA","2025-2028","Patna, Uttar Pradesh","PENDING CALL",""
"153","BRDP20260110","Pinku Pandey","Manish Pandey","9116750361","120000","1","BCA","2026-2029","Lucknow, Uttar Pradesh","PENDING CALL",""
"154","BRDP20250114","Mahek Khan","Dibya Khan","9737352285","120000","2","MCA","2025-2028","Biswan, Uttar Pradesh","PENDING CALL",""
"155","BRDP20260202","Rahul Pal","Saumya Pal","9129995642","120000","1","BCA","2026-2029","Mohali, Uttar Pradesh","PENDING CALL",""
"156","BRDP20240213","Rohan Tripathi","Iliyash Tripathi","9339432641","120000","3","MCA","2024-2027","Maholi, Uttar Pradesh","PENDING CALL",""
"157","BRDP20250259","Ritu Tripathi","Vinay Tripathi","9378031695","120000","2","MCA","2025-2028","Sidhauli, Uttar Pradesh","PENDING CALL",""
"158","BRDP20240296","Iliyash Srivastava","Anita Srivastava","9368087205","120000","3","MCA","2024-2027","Sidhauli, Uttar Pradesh","PENDING CALL",""
"159","BRDP20250336","Aarti Tiwari","Neha Tiwari","9628204173","120000","2","MCA","2025-2028","Laharpur, Uttar Pradesh","PENDING CALL",""
"160","BRDP20260360","Sunil Kashyap","Sanjay Kashyap","9601429557","120000","1","BCA","2026-2029","Hargaon, Uttar Pradesh","PENDING CALL",""
"161","BRDP20250409","Amit Kumar","Ritu Kumar","9931347532","120000","2","MCA","2025-2028","Khairabad, Uttar Pradesh","PENDING CALL",""
"162","BRDP20250451","Sunita Shukla","Sonika Shukla","9189851150","120000","2","MCA","2025-2028","Sitapur Sadar, Uttar Pradesh","PENDING CALL",""
"163","BRDP20250491","Gudiya Mishra","Asha Mishra","9668724194","120000","2","MCA","2025-2028","Kanpur, Uttar Pradesh","PENDING CALL",""
"164","BRDP20240550","Kavita Agrahari","Sunil Agrahari","9557504533","120000","3","MCA","2024-2027","Lucknow, Uttar Pradesh","PENDING CALL",""
"165","BRDP20240562","Kamlesh Agrahari","Priya Agrahari","9572952442","120000","3","MCA","2024-2027","Sidhauli, Uttar Pradesh","PENDING CALL",""
"166","BRDP20240570","Sani Gautam","Nainsi Gautam","9456515006","120000","3","MCA","2024-2027","Patna, Uttar Pradesh","PENDING CALL",""
"167","BRDP20260610","Rahul Prajapati","Yashee Prajapati","9230834909","120000","1","BCA","2026-2029","Hargaon, Uttar Pradesh","PENDING CALL",""
"168","BRDP20250653","Shivangi Kashyap","Sandeep Kashyap","9367255317","120000","2","MCA","2025-2028","Hargaon, Uttar Pradesh","PENDING CALL",""
"169","BRDP20250744","Rohan Jaiswal","Manish Jaiswal","9364492012","120000","2","MCA","2025-2028","Maholi, Uttar Pradesh","PENDING CALL",""
"170","BRDP20250762","Aditya Singh","Manish Singh","9122353475","120000","2","MCA","2025-2028","Lucknow, Uttar Pradesh","PENDING CALL",""
"171","BRDP20250797","Sanjay Khan","Vivek Khan","9980941162","120000","2","MCA","2025-2028","Biswan, Uttar Pradesh","PENDING CALL",""
"172","BRDP20260799","Vishal Tripathi","Yashee Tripathi","9744635810","120000","1","BCA","2026-2029","Lucknow, Uttar Pradesh","PENDING CALL",""
"173","BRDP20240800","Alok Yadav","Iliyash Yadav","9300642168","120000","3","MCA","2024-2027","Biswan, Uttar Pradesh","PENDING CALL",""
"174","BRDP20240823","Subhendu Jaiswal","Ritu Jaiswal","9280582288","120000","3","MCA","2024-2027","Sitapur Sadar, Uttar Pradesh","PENDING CALL",""
"175","BRDP20260842","Shivani Kumar","Priya Kumar","9796547726","120000","1","BCA","2026-2029","Sidhauli, Uttar Pradesh","PENDING CALL",""
"176","BRDP20260911","Saurabh Tiwari","Anjali Tiwari","9210086574","120000","1","BBA","2026-2029","Maholi, Uttar Pradesh","PENDING CALL",""
"177","BRDP20260938","Roshani Devi","Meena Devi","9820106755","120000","1","BCA","2026-2029","Khairabad, Uttar Pradesh","PENDING CALL",""
"178","BRDP20250982","Aarti Mishra","Saumya Mishra","9663668471","120000","2","MCA","2025-2028","Sitapur Sadar, Uttar Pradesh","PENDING CALL",""
"179","BRDP20260991","Prateek Devi","Sanjay Devi","9613640368","120000","1","BCA","2026-2029","Maholi, Uttar Pradesh","PENDING CALL",""
"180","BRDP20261017","Shivani Agrahari","Vinay Agrahari","9481282546","120000","1","BCA","2026-2029","Lakhimpur Kheri, Uttar Pradesh","PENDING CALL",""
"181","BRDP20261025","Raj Jaiswal","Adarsh Jaiswal","9571889952","120000","1","BCA","2026-2029","Maholi, Uttar Pradesh","PENDING CALL",""
"182","BRDP20261072","Neha Khan","Ramesh Khan","9731090635","120000","1","BCA","2026-2029","Kanpur, Uttar Pradesh","PENDING CALL",""
"183","BRDP20251076","Rashi Kanaujiya","Abhishek Kanaujiya","9227726157","120000","2","MCA","2025-2028","Misrikh, Uttar Pradesh","PENDING CALL",""
"184","BRDP20241088","Anita Devi","Manish Devi","9667314375","120000","3","MCA","2024-2027","Sidhauli, Uttar Pradesh","PENDING CALL",""
"185","BRDP20251125","Roshani Devi","Kavita Devi","9716558956","120000","2","MCA","2025-2028","Kanpur, Uttar Pradesh","PENDING CALL",""
"186","BRDP20241166","Kamlesh Agrahari","Rekha Agrahari","9117457637","120000","3","MCA","2024-2027","Laharpur, Uttar Pradesh","PENDING CALL",""
"187","BRDP20261202","Vishal Mishra","Pinku Mishra","9853492647","120000","1","BCA","2026-2029","Hargaon, Uttar Pradesh","PENDING CALL",""
"188","BRDP20241219","Sonu Pal","Usha Pal","9794845396","120000","3","MCA","2024-2027","Maholi, Uttar Pradesh","PENDING CALL",""
"189","BRDP20251237","Shivani Pal","Alok Pal","9691608797","120000","2","MCA","2025-2028","Patna, Uttar Pradesh","PENDING CALL",""
"190","BRDP20260449","Manish Gautam","Pooja Gautam","9100757682","119500","1","BBA","2026-2029","Biswan, Uttar Pradesh","PENDING CALL",""
"191","BRDP20260953","Manoj Rathour","Prateek Rathour","9158429579","119500","1","BBA","2026-2029","Sitapur, Uttar Pradesh","PENDING CALL",""
"192","BRDP20261181","Ashish Kashyap","Avneesh Kashyap","9210649179","119000","1","BBA","2026-2029","Khairabad, Uttar Pradesh","PENDING CALL",""
"193","BRDP20260197","Shivani Mishra","Ayush Mishra","9461508286","118500","1","BBA","2026-2029","Lucknow, Uttar Pradesh","PENDING CALL",""
"194","BRDP20260907","Priya Yadav","Aditya Yadav","9785307405","118500","1","BBA","2026-2029","Biswan, Uttar Pradesh","PENDING CALL",""
"195","BRDP20251119","Sarita Kumar","Raj Kumar","9549404155","117500","2","B.Tech CSE","2025-2028","Biswan, Uttar Pradesh","PENDING CALL",""
"196","BRDP20251085","Roshani Singh","Ajay Singh","9563913654","116000","2","B.Tech CSE","2025-2028","Maholi, Uttar Pradesh","PENDING CALL",""
"197","BRDP20260295","Anita Gupta","Adarsh Gupta","9704671039","115500","1","BBA","2026-2029","Sitapur, Uttar Pradesh","PENDING CALL",""
"198","BRDP20260671","Manish Pandey","Kavita Pandey","9624759549","115500","1","BBA","2026-2029","Biswan, Uttar Pradesh","PENDING CALL",""
"199","BRDP20250951","Sunita Paswan","Anamika Paswan","9338000602","115000","2","B.Tech CSE","2025-2028","Patna, Uttar Pradesh","PENDING CALL",""
"200","BRDP20250555","Shivani Devi","Vivek Devi","9969130542","114500","2","B.Tech CSE","2025-2028","Misrikh, Uttar Pradesh","PENDING CALL",""
"201","BRDP20250761","Aarti Mishra","Kamlesh Mishra","9360721605","114500","2","B.Tech CSE","2025-2028","Hargaon, Uttar Pradesh","PENDING CALL",""
"202","BRDP20260833","Rahul Tripathi","Ashutosh Tripathi","9962240388","114500","1","BBA","2026-2029","Sitapur, Uttar Pradesh","PENDING CALL",""
"203","A-10001","Rahu Pant","Mukesh Pant","--","114000","1","BA","2026-2029","Mohali, Punjab, India","PENDING CALL",""
"204","BRDP20260194","Vijay Giri","Gudiya Giri","9944355471","114000","1","BCA","2026-2029","Sitapur Sadar, Uttar Pradesh","PENDING CALL",""
"205","BRDP20250835","Rekha Tiwari","Nainsi Tiwari","9812978461","114000","2","B.Tech CSE","2025-2028","Mohali, Uttar Pradesh","PENDING CALL",""
"206","BRDP20250553","Anamika Prajapati","Sani Prajapati","9698544444","113500","2","B.Tech CSE","2025-2028","Laharpur, Uttar Pradesh","PENDING CALL",""
"207","BRDP20260712","Divanshi Pandey","Ramesh Pandey","9974794467","113500","1","BCA","2026-2029","Laharpur, Uttar Pradesh","PENDING CALL",""
"208","BRDP20260605","Pari Khan","Manish Khan","9397513619","113000","1","BCA","2026-2029","Misrikh, Uttar Pradesh","PENDING CALL",""
"209","BRDP20260765","Pinku Saini","Ashish Saini","9385313969","113000","1","BCA","2026-2029","Maholi, Uttar Pradesh","PENDING CALL",""
"210","BRDP20250789","Meena Giri","Roshani Giri","9427472338","113000","2","B.Tech CSE","2025-2028","Lucknow, Uttar Pradesh","PENDING CALL",""
"211","BRDP20250876","Rashi Saini","Sarita Saini","9676611589","112000","2","B.Tech CSE","2025-2028","Patna, Uttar Pradesh","PENDING CALL",""
"212","BRDP20250878","Subhendu Pal","Ayush Pal","9331141980","112000","2","B.Tech CSE","2025-2028","Khairabad, Uttar Pradesh","PENDING CALL",""
"213","BRDP20250105","Deepa Paswan","Pinku Paswan","9382158248","111500","2","B.Tech CSE","2025-2028","Sitapur, Uttar Pradesh","PENDING CALL",""
"214","C-12","Marvin Glenn","Armando Norman","--","111000","1","BA","2026-2029","Mohali, Punjab, India","PENDING CALL",""
"215","BRDP20260917","Aarav Rajpoot","Ayush Rajpoot","9406836015","111000","1","BCA","2026-2029","Sitapur Sadar, Uttar Pradesh","PENDING CALL",""
"216","BRDP20241086","Vikas Verma","Rahul Verma","9890395613","111000","3","MCA","2024-2027","Sitapur, Uttar Pradesh","PENDING CALL",""
"217","BRDP20260081","Deepa Pal","Shivangi Pal","9706844644","110000","1","BCA","2026-2029","Biswan, Uttar Pradesh","PENDING CALL",""
"218","BRDP20260127","Deepa Srivastava","Manoj Srivastava","9870069064","110000","1","BBA","2026-2029","Lucknow, Uttar Pradesh","PENDING CALL",""
"219","BRDP20260186","Ankul Tiwari","Pinku Tiwari","9196645579","110000","1","BBA","2026-2029","Biswan, Uttar Pradesh","PENDING CALL",""
"220","BRDP20250198","Priya Verma","Priya Verma","9388270006","110000","2","BBA","2025-2028","Sitapur, Uttar Pradesh","PENDING CALL",""
"221","BRDP20260239","Laxmi Rathour","Vivek Rathour","9142664407","110000","1","BBA","2026-2029","Maholi, Uttar Pradesh","PENDING CALL",""
"222","BRDP20260266","Alok Kashyap","Amit Kashyap","9297199571","110000","1","BBA","2026-2029","Biswan, Uttar Pradesh","PENDING CALL",""
"223","BRDP20260267","Sunita Rathour","Pushpendra Rathour","9928197574","110000","1","BBA","2026-2029","Kanpur, Uttar Pradesh","PENDING CALL",""
"224","BRDP20260270","Priya Mishra","Ajay Mishra","9478193662","110000","1","BBA","2026-2029","Sitapur Sadar, Uttar Pradesh","PENDING CALL",""
"225","BRDP20250302","Anjali Kashyap","Pushpendra Kashyap","9145965904","110000","2","BBA","2025-2028","Kanpur, Uttar Pradesh","PENDING CALL",""
"226","BRDP20250319","Vinod Srivastava","Adarsh Srivastava","9331665830","110000","2","BBA","2025-2028","Hargaon, Uttar Pradesh","PENDING CALL",""
"227","BRDP20260322","Alok Jaiswal","Suman Jaiswal","9817194886","110000","1","BBA","2026-2029","Sitapur Sadar, Uttar Pradesh","PENDING CALL",""
"228","BRDP20260446","Roshani Paswan","Ajay Paswan","9970439350","110000","1","BBA","2026-2029","Lakhimpur Kheri, Uttar Pradesh","PENDING CALL",""
"229","BRDP20260447","Naimish Pal","Sonu Pal","9342321959","110000","1","BBA","2026-2029","Kanpur, Uttar Pradesh","PENDING CALL",""
"230","BRDP20250456","Amit Tripathi","Rahul Tripathi","9744679112","110000","2","BBA","2025-2028","Biswan, Uttar Pradesh","PENDING CALL",""
"231","BRDP20260630","Rashi Jaiswal","Vikas Jaiswal","9169387357","110000","1","BBA","2026-2029","Sitapur, Uttar Pradesh","PENDING CALL",""
"232","BRDP20260640","Sandeep Shukla","Vivek Shukla","9879533080","110000","1","BBA","2026-2029","Misrikh, Uttar Pradesh","PENDING CALL",""
"233","BRDP20260794","Sandeep Rathour","Gudiya Rathour","9891025816","110000","1","BBA","2026-2029","Sitapur, Uttar Pradesh","PENDING CALL",""
"234","BRDP20250854","Meena Sharma","Ravi Sharma","9797923397","110000","2","BBA","2025-2028","Lucknow, Uttar Pradesh","PENDING CALL",""
"235","BRDP20250880","Seema Sharma","Ashutosh Sharma","9296242992","110000","2","BBA","2025-2028","Biswan, Uttar Pradesh","PENDING CALL",""
"236","BRDP20260925","Shivam Agrahari","Pankaj Agrahari","9592704049","110000","1","BBA","2026-2029","Mohali, Uttar Pradesh","PENDING CALL",""
"237","BRDP20260956","Vikas Rajpoot","Ramesh Rajpoot","9987707429","110000","1","BBA","2026-2029","Misrikh, Uttar Pradesh","PENDING CALL",""
"238","BRDP20250969","Sani Prajapati","Raj Prajapati","9536912652","110000","2","BBA","2025-2028","Sidhauli, Uttar Pradesh","PENDING CALL",""
"239","BRDP20260979","Vishal Singh","Adarsh Singh","9945409428","110000","1","BBA","2026-2029","Mohali, Uttar Pradesh","PENDING CALL",""
"240","BRDP20251016","Raj Kashyap","Anita Kashyap","9765239313","110000","2","BBA","2025-2028","Sitapur, Uttar Pradesh","PENDING CALL",""
"241","BRDP20251051","Adarsh Rathour","Aarti Rathour","9388057126","110000","2","BBA","2025-2028","Lakhimpur Kheri, Uttar Pradesh","PENDING CALL",""
"242","BRDP20261062","Aarya Rajpoot","Ravi Rajpoot","9976324019","110000","1","BBA","2026-2029","Patna, Uttar Pradesh","PENDING CALL",""
"243","BRDP20261162","Divyanshi Tripathi","Ashish Tripathi","9295487443","110000","1","BBA","2026-2029","Maholi, Uttar Pradesh","PENDING CALL",""
"244","BRDP20251238","Sunita Pandey","Aarya Pandey","9266660695","110000","2","BBA","2025-2028","Khairabad, Uttar Pradesh","PENDING CALL",""
"245","BRDP20240415","Ashish Yadav","Aarav Yadav","9692262129","109500","3","MCA","2024-2027","Khairabad, Uttar Pradesh","PENDING CALL",""
"246","BRDP20260616","Vinod Rathour","Anjali Rathour","9317669045","109500","1","BCA","2026-2029","Laharpur, Uttar Pradesh","PENDING CALL",""
"247","BRDP20240754","Vinod Tiwari","Mahek Tiwari","9604495115","109500","3","MCA","2024-2027","Sitapur Sadar, Uttar Pradesh","PENDING CALL",""
"248","BRDP20260801","Prateek Maurya","Abhishek Maurya","9925952611","109500","1","BCA","2026-2029","Sidhauli, Uttar Pradesh","PENDING CALL",""
"249","BRDP20240834","Ritu Giri","Roshani Giri","9414953838","109500","3","MCA","2024-2027","Sitapur, Uttar Pradesh","PENDING CALL",""
"250","BRDP20250423","Kavita Rajpoot","Kamlesh Rajpoot","9851017975","109000","2","B.Tech CSE","2025-2028","Sitapur, Uttar Pradesh","PENDING CALL",""
"251","BRDP20250627","Vinay Singh","Shivangi Singh","9465895533","109000","2","B.Tech CSE","2025-2028","Sitapur Sadar, Uttar Pradesh","PENDING CALL",""
"252","BRDP20260841","Alok Khan","Vinod Khan","9346003405","109000","1","BCA","2026-2029","Hargaon, Uttar Pradesh","PENDING CALL",""
"253","BRDP20260261","Rajesh Yadav","Laxmi Yadav","9503138350","108500","1","BCA","2026-2029","Lucknow, Uttar Pradesh","PENDING CALL",""
"254","BRDP20250897","Ritu Rathour","Vijay Rathour","9288661121","108500","2","B.Tech CSE","2025-2028","Sitapur, Uttar Pradesh","PENDING CALL",""
"255","BRDP20261032","Suman Giri","Shivangi Giri","9623645964","108500","1","BCA","2026-2029","Maholi, Uttar Pradesh","PENDING CALL",""
"256","BRDP20260129","Avneesh Singh","Pari Singh","9289771724","108000","1","BCA","2026-2029","Maholi, Uttar Pradesh","PENDING CALL",""
"257","BRDP20240230","Vivek Kashyap","Iliyash Kashyap","9412182398","108000","3","MCA","2024-2027","Sidhauli, Uttar Pradesh","PENDING CALL",""
"258","BRDP20240325","Alok Rathour","Sandeep Rathour","9318375884","108000","3","MCA","2024-2027","Sidhauli, Uttar Pradesh","PENDING CALL",""
"259","BRDP20250424","Vinay Yadav","Pooja Yadav","9545852914","107500","2","B.Tech CSE","2025-2028","Maholi, Uttar Pradesh","PENDING CALL",""
"260","BRDP20260822","Nainsi Paswan","Pinku Paswan","9860310071","107500","1","BCA","2026-2029","Lakhimpur Kheri, Uttar Pradesh","PENDING CALL",""
"261","BRDP20260901","Aditya Rathour","Sunita Rathour","9908511496","107500","1","BCA","2026-2029","Sitapur, Uttar Pradesh","PENDING CALL",""
"262","BRDP20250364","Adarsh Kanaujiya","Ayush Kanaujiya","9374803719","107000","2","B.Tech CSE","2025-2028","Khairabad, Uttar Pradesh","PENDING CALL",""
"263","BRDP20260452","Ashutosh Sharma","Suman Sharma","9637939987","106500","1","BCA","2026-2029","Khairabad, Uttar Pradesh","PENDING CALL",""
"264","BRDP20260359","Shivam Paswan","Gudiya Paswan","9925393549","106000","1","BCA","2026-2029","Hargaon, Uttar Pradesh","PENDING CALL",""
"265","BRDP20251028","Yashee Pal","Neha Pal","9224801582","106000","2","B.Tech CSE","2025-2028","Maholi, Uttar Pradesh","PENDING CALL",""
"266","BRDP20251030","Pankaj Pandey","Avneesh Pandey","9293322041","106000","2","B.Tech CSE","2025-2028","Khairabad, Uttar Pradesh","PENDING CALL",""
"267","BRDP20240264","Aarav Kanaujiya","Rahul Kanaujiya","9117047657","105500","3","MCA","2024-2027","Sidhauli, Uttar Pradesh","PENDING CALL",""
"268","BRDP20250722","Deepa Devi","Deepa Devi","9497241525","105500","2","B.Tech CSE","2025-2028","Patna, Uttar Pradesh","PENDING CALL",""
"269","BRDP20250940","Diwakar Kumar","Geeta Kumar","9711071339","105500","2","B.Tech CSE","2025-2028","Biswan, Uttar Pradesh","PENDING CALL",""
"270","BRDP20241094","Roshani Rajpoot","Shivani Rajpoot","9310833532","105500","3","MCA","2024-2027","Lakhimpur Kheri, Uttar Pradesh","PENDING CALL",""
"271","BRDP20240238","Deepa Kanaujiya","Saurabh Kanaujiya","9960458167","105000","3","MCA","2024-2027","Sitapur, Uttar Pradesh","PENDING CALL",""
"272","BRDP20250243","Usha Sharma","Anamika Sharma","9224085449","105000","2","B.Tech CSE","2025-2028","Lakhimpur Kheri, Uttar Pradesh","PENDING CALL",""
"273","BRDP20260810","Vivek Srivastava","Sunil Srivastava","9132710899","105000","1","BCA","2026-2029","Maholi, Uttar Pradesh","PENDING CALL",""
"274","BRDP20240179","Aarya Chaurasiya","Naimish Chaurasiya","9741849022","104500","3","MCA","2024-2027","Sitapur Sadar, Uttar Pradesh","PENDING CALL",""
"275","BRDP20240395","Ankul Tiwari","Ashish Tiwari","9841088068","104000","3","MCA","2024-2027","Laharpur, Uttar Pradesh","PENDING CALL",""
"276","BRDP20240419","Divyanshi Rajpoot","Dipanshi Rajpoot","9654395768","103500","3","MCA","2024-2027","Kanpur, Uttar Pradesh","PENDING CALL",""
"277","BRDP20240964","Deepika Kanaujiya","Ritu Kanaujiya","9427182458","103500","3","MCA","2024-2027","Biswan, Uttar Pradesh","PENDING CALL",""
"278","BRDP20250577","Sani Yadav","Vinay Yadav","9515489538","103000","2","BBA","2025-2028","Mohali, Uttar Pradesh","PENDING CALL",""
"279","BRDP20251021","Deepa Pandey","Divyanshi Pandey","9930110383","103000","2","BBA","2025-2028","Patna, Uttar Pradesh","PENDING CALL",""
"280","BRDP20251242","Adarsh Agrahari","Ritu Agrahari","9487244811","103000","2","BBA","2025-2028","Biswan, Uttar Pradesh","PENDING CALL",""
"281","BRDP20240122","Manish Gupta","Vivek Gupta","9831325540","102500","3","MCA","2024-2027","Biswan, Uttar Pradesh","PENDING CALL",""
"282","BRDP20250326","Aarti Paswan","Pushpendra Paswan","9246631891","101500","2","BBA","2025-2028","Sidhauli, Uttar Pradesh","PENDING CALL",""
"283","BRDP20240287","Gudiya Rajpoot","Ravi Rajpoot","9558097716","101000","3","MCA","2024-2027","Maholi, Uttar Pradesh","PENDING CALL",""
"284","BRDP20250928","Abhishek Srivastava","Nainsi Srivastava","9331541481","101000","2","BBA","2025-2028","Biswan, Uttar Pradesh","PENDING CALL",""
"285","BRDP20260077","Rashi Gupta","Priya Gupta","9346378910","100000","1","BCA","2026-2029","Hargaon, Uttar Pradesh","PENDING CALL",""
"286","BRDP20260082","Vikas Prajapati","Nainsi Prajapati","9799647607","100000","1","BCA","2026-2029","Lakhimpur Kheri, Uttar Pradesh","PENDING CALL",""
"287","BRDP20240087","Priya Jaiswal","Rahul Jaiswal","9983846131","100000","3","MCA","2024-2027","Maholi, Uttar Pradesh","PENDING CALL",""
"288","BRDP20260102","Amit Devi","Pushpendra Devi","9376889153","100000","1","BCA","2026-2029","Lucknow, Uttar Pradesh","PENDING CALL",""
"289","BRDP20240112","Deepika Pandey","Pankaj Pandey","9357678590","100000","3","B.Tech CSE","2024-2027","Sidhauli, Uttar Pradesh","PENDING CALL",""
"290","BRDP20240158","Dibya Mishra","Ravi Mishra","9747671555","100000","3","B.Tech CSE","2024-2027","Lakhimpur Kheri, Uttar Pradesh","PENDING CALL",""
"291","BRDP20260178","Shivam Rajpoot","Sangita Rajpoot","9831781447","100000","1","BCA","2026-2029","Misrikh, Uttar Pradesh","PENDING CALL",""
"292","BRDP20250183","Anjali Maurya","Deepika Maurya","9688560813","100000","2","BCA","2025-2028","Khairabad, Uttar Pradesh","PENDING CALL",""
"293","BRDP20260206","Sunil Pal","Deepika Pal","9929873048","100000","1","BCA","2026-2029","Khairabad, Uttar Pradesh","PENDING CALL",""
"294","BRDP20260220","Aarti Pandey","Rajesh Pandey","9672244475","100000","1","BCA","2026-2029","Maholi, Uttar Pradesh","PENDING CALL",""
"295","BRDP20240233","Sarita Tiwari","Priya Tiwari","9916101382","100000","3","B.Tech CSE","2024-2027","Laharpur, Uttar Pradesh","PENDING CALL",""
"296","BRDP20250234","Divyanshi Shukla","Vinay Shukla","9943091010","100000","2","B.Tech CSE","2025-2028","Khairabad, Uttar Pradesh","PENDING CALL",""
"297","BRDP20250241","Roshani Agrahari","Divyanshi Agrahari","9800962063","100000","2","B.Tech CSE","2025-2028","Laharpur, Uttar Pradesh","PENDING CALL",""
"298","BRDP20260284","Sonika Sharma","Adarsh Sharma","9980814081","100000","1","BCA","2026-2029","Kanpur, Uttar Pradesh","PENDING CALL",""
"299","BRDP20250370","Ayush Gupta","Laxmi Gupta","9286601177","100000","2","B.Tech CSE","2025-2028","Biswan, Uttar Pradesh","PENDING CALL",""
"300","BRDP20240372","Diwakar Devi","Aarav Devi","9313610778","100000","3","B.Tech CSE","2024-2027","Sitapur Sadar, Uttar Pradesh","PENDING CALL",""
"301","BRDP20250375","Seema Prajapati","Deepika Prajapati","9262593271","100000","2","B.Tech CSE","2025-2028","Sidhauli, Uttar Pradesh","PENDING CALL",""
"302","BRDP20250408","Saumya Khan","Ajay Khan","9918025336","100000","2","B.Tech CSE","2025-2028","Laharpur, Uttar Pradesh","PENDING CALL",""
"303","BRDP20250445","Ashish Verma","Dibya Verma","9949702568","100000","2","B.Tech CSE","2025-2028","Sidhauli, Uttar Pradesh","PENDING CALL",""
"304","BRDP20260458","Avneesh Kashyap","Priya Kashyap","9297731768","100000","1","BCA","2026-2029","Sidhauli, Uttar Pradesh","PENDING CALL",""
"305","BRDP20250475","Aarya Tiwari","Sani Tiwari","9319548998","100000","2","BCA","2025-2028","Mohali, Uttar Pradesh","PENDING CALL",""
"306","BRDP20260481","Alok Rathour","Vishal Rathour","9634888376","100000","1","BCA","2026-2029","Hargaon, Uttar Pradesh","PENDING CALL",""
"307","BRDP20240545","Kavita Shukla","Kavita Shukla","9483453482","100000","3","B.Tech CSE","2024-2027","Biswan, Uttar Pradesh","PENDING CALL",""
"308","BRDP20260600","Deepa Dwivedi","Pankaj Dwivedi","9250274152","100000","1","BCA","2026-2029","Sitapur Sadar, Uttar Pradesh","PENDING CALL",""
"309","BRDP20240623","Aarti Dwivedi","Geeta Dwivedi","9321051225","100000","3","B.Tech CSE","2024-2027","Sitapur Sadar, Uttar Pradesh","PENDING CALL",""
"310","BRDP20250635","Amit Devi","Pankaj Devi","9498395422","100000","2","B.Tech CSE","2025-2028","Khairabad, Uttar Pradesh","PENDING CALL",""
"311","BRDP20260647","Amit Jaiswal","Asha Jaiswal","9106443266","100000","1","BCA","2026-2029","Sitapur, Uttar Pradesh","PENDING CALL",""
"312","BRDP20250661","Ashutosh Mishra","Roshani Mishra","9785586689","100000","2","BCA","2025-2028","Patna, Uttar Pradesh","PENDING CALL",""
"313","BRDP20250663","Deepa Kashyap","Amit Kashyap","9765154647","100000","2","B.Tech CSE","2025-2028","Biswan, Uttar Pradesh","PENDING CALL",""
"314","BRDP20260668","Rajesh Paswan","Geeta Paswan","9101645023","100000","1","BCA","2026-2029","Sitapur Sadar, Uttar Pradesh","PENDING CALL",""
"315","BRDP20250706","Ashish Khan","Prateek Khan","9654551404","100000","2","B.Tech CSE","2025-2028","Sitapur Sadar, Uttar Pradesh","PENDING CALL",""
"316","BRDP20250751","Sunil Sharma","Ayush Sharma","9168883121","100000","2","B.Tech CSE","2025-2028","Sitapur, Uttar Pradesh","PENDING CALL",""
"317","BRDP20240757","Shivani Dubey","Vinay Dubey","9867296013","100000","3","B.Tech CSE","2024-2027","Kanpur, Uttar Pradesh","PENDING CALL",""
"318","BRDP20260774","Saurabh Kashyap","Gudiya Kashyap","9682476352","100000","1","BCA","2026-2029","Sitapur, Uttar Pradesh","PENDING CALL",""
"319","BRDP20250787","Rohan Kumar","Ravi Kumar","9346240416","100000","2","BBA","2025-2028","Hargaon, Uttar Pradesh","PENDING CALL",""
"320","BRDP20260791","Sani Rajpoot","Sanjay Rajpoot","9941665850","100000","1","BCA","2026-2029","Sitapur Sadar, Uttar Pradesh","PENDING CALL",""
"321","BRDP20250811","Saurabh Kanaujiya","Naimish Kanaujiya","9746126232","100000","2","BBA","2025-2028","Laharpur, Uttar Pradesh","PENDING CALL",""
"322","BRDP20260819","Roshani Rathour","Rekha Rathour","9287095086","100000","1","BCA","2026-2029","Sidhauli, Uttar Pradesh","PENDING CALL",""
"323","BRDP20250853","Sonu Kashyap","Raj Kashyap","9659984918","100000","2","B.Tech CSE","2025-2028","Misrikh, Uttar Pradesh","PENDING CALL",""
"324","BRDP20260873","Rohan Gautam","Prateek Gautam","9605621314","100000","1","BCA","2026-2029","Patna, Uttar Pradesh","PENDING CALL",""
"325","BRDP20260893","Deepak Kashyap","Ravi Kashyap","9529305679","100000","1","BCA","2026-2029","Khairabad, Uttar Pradesh","PENDING CALL",""
"326","BRDP20250896","Priya Kumar","Subhendu Kumar","9449092154","100000","2","BCA","2025-2028","Khairabad, Uttar Pradesh","PENDING CALL",""
"327","BRDP20260905","Shivam Sharma","Saumya Sharma","9704817232","100000","1","BCA","2026-2029","Maholi, Uttar Pradesh","PENDING CALL",""
"328","BRDP20260937","Vivek Gupta","Sonu Gupta","9877341548","100000","1","BCA","2026-2029","Sidhauli, Uttar Pradesh","PENDING CALL",""
"329","BRDP20250950","Manish Jaiswal","Subhendu Jaiswal","9384120758","100000","2","B.Tech CSE","2025-2028","Sitapur, Uttar Pradesh","PENDING CALL",""
"330","BRDP20260962","Deepak Singh","Amit Singh","9430209421","100000","1","BCA","2026-2029","Sidhauli, Uttar Pradesh","PENDING CALL",""
"331","BRDP20250988","Aarya Dubey","Suresh Dubey","9242554584","100000","2","B.Tech CSE","2025-2028","Sitapur, Uttar Pradesh","PENDING CALL",""
"332","BRDP20260996","Subhendu Jaiswal","Rohan Jaiswal","9324662313","100000","1","BCA","2026-2029","Sitapur Sadar, Uttar Pradesh","PENDING CALL",""
"333","BRDP20261014","Rekha Dwivedi","Ashish Dwivedi","9798013923","100000","1","BCA","2026-2029","Sitapur, Uttar Pradesh","PENDING CALL",""
"334","BRDP20261029","Amit Chaurasiya","Sanjay Chaurasiya","9562717334","100000","1","BCA","2026-2029","Lucknow, Uttar Pradesh","PENDING CALL",""
"335","BRDP20251137","Shivangi Rathour","Pankaj Rathour","9205023199","100000","2","B.Tech CSE","2025-2028","Sidhauli, Uttar Pradesh","PENDING CALL",""
"336","BRDP20251154","Adarsh Khan","Vinay Khan","9913067794","100000","2","BCA","2025-2028","Lucknow, Uttar Pradesh","PENDING CALL",""
"337","BRDP20251171","Divyanshi Pandey","Divyanshi Pandey","9602529630","100000","2","B.Tech CSE","2025-2028","Sitapur Sadar, Uttar Pradesh","PENDING CALL",""
"338","BRDP20261210","Manish Srivastava","Laxmi Srivastava","9578205049","100000","1","BCA","2026-2029","Sitapur Sadar, Uttar Pradesh","PENDING CALL",""
"339","BRDP20241212","Ayush Devi","Mahek Devi","9786227620","100000","3","B.Tech CSE","2024-2027","Maholi, Uttar Pradesh","PENDING CALL",""
"340","BRDP20251236","Sunil Agrahari","Adarsh Agrahari","9773138173","100000","2","B.Tech CSE","2025-2028","Misrikh, Uttar Pradesh","PENDING CALL",""
"341","BRDP20250170","Divyanshi Rajpoot","Usha Rajpoot","9345506040","99000","2","BBA","2025-2028","Sitapur Sadar, Uttar Pradesh","PENDING CALL",""
"342","BRDP20250377","Subhendu Giri","Ravi Giri","9264930047","99000","2","BBA","2025-2028","Mohali, Uttar Pradesh","PENDING CALL",""
"343","BRDP20250513","Aarti Mishra","Diwakar Mishra","9561225886","98500","2","BBA","2025-2028","Sitapur, Uttar Pradesh","PENDING CALL",""
"344","BRDP20251058","Asha Gautam","Saumya Gautam","9136200731","98000","2","BBA","2025-2028","Hargaon, Uttar Pradesh","PENDING CALL",""
"345","BRDP20250255","Pushpendra Giri","Pari Giri","9950445193","97000","2","BBA","2025-2028","Biswan, Uttar Pradesh","PENDING CALL",""
"346","BRDP20240074","Sangita Dubey","Deepak Dubey","9530265375","96500","3","MCA","2024-2027","Laharpur, Uttar Pradesh","PENDING CALL",""
"347","BRDP20240092","Prateek Mishra","Gudiya Mishra","9718980056","96500","3","MCA","2024-2027","Maholi, Uttar Pradesh","PENDING CALL",""
"348","BRDP20250080","Saurabh Jaiswal","Naimish Jaiswal","9529608571","96000","2","BBA","2025-2028","Maholi, Uttar Pradesh","PENDING CALL",""
"349","BRDP20250374","Suman Gupta","Aarti Gupta","9412945041","96000","2","BBA","2025-2028","Patna, Uttar Pradesh","PENDING CALL",""
"350","C-1205","Gemma Donaldson","Iliana Emerson","--","95100","1","BA","2026-2029","Ad nisi ab dolorum t","PENDING CALL",""
"351","BRDP20250922","Adarsh Gupta","Mahek Gupta","9786254937","95000","2","BBA","2025-2028","Patna, Uttar Pradesh","PENDING CALL",""
"352","BRDP20250212","Roshani Kumar","Pinku Kumar","9595758163","94500","2","BBA","2025-2028","Mohali, Uttar Pradesh","PENDING CALL",""
"353","BRDP20250412","Divyanshi Yadav","Rajesh Yadav","9684639422","93500","2","BCA","2025-2028","Lucknow, Uttar Pradesh","PENDING CALL",""
"354","BRDP20250576","Aditya Shukla","Iliyash Shukla","9730983335","93500","2","BBA","2025-2028","Laharpur, Uttar Pradesh","PENDING CALL",""
"355","BRDP20250453","Deepa Kumar","Ankul Kumar","9532993356","93000","2","BCA","2025-2028","Khairabad, Uttar Pradesh","PENDING CALL",""
"356","BRDP20250617","Sandeep Maurya","Anjali Maurya","9693674064","93000","2","BCA","2025-2028","Kanpur, Uttar Pradesh","PENDING CALL",""
"357","BRDP20250990","Deepak Dubey","Anita Dubey","9736922048","93000","2","BBA","2025-2028","Kanpur, Uttar Pradesh","PENDING CALL",""
"358","BRDP20250583","Rahul Sharma","Vikas Sharma","9340434844","92500","2","BBA","2025-2028","Kanpur, Uttar Pradesh","PENDING CALL",""
"359","BRDP20250843","Roshani Maurya","Satish Maurya","9404151204","92500","2","BCA","2025-2028","Sitapur, Uttar Pradesh","PENDING CALL",""
"360","BRDP20240225","Sanjay Tripathi","Ananya Tripathi","9473814926","92000","3","B.Tech CSE","2024-2027","Sitapur, Uttar Pradesh","PENDING CALL",""
"361","BRDP20251031","Seema Shukla","Dharmendra Shukla","9801311636","92000","2","BCA","2025-2028","Hargaon, Uttar Pradesh","PENDING CALL",""
"362","BRDP20251035","Pari Kumar","Amit Kumar","9310156329","91000","2","BCA","2025-2028","Sitapur Sadar, Uttar Pradesh","PENDING CALL",""
"363","BRDP20251190","Meena Verma","Ayush Verma","9858107612","91000","2","BCA","2025-2028","Lakhimpur Kheri, Uttar Pradesh","PENDING CALL",""
"364","A-001","Raviraj Kumar Tiwari","Rajesh Kumar","6209464451","90500","1","BA","2026-2029","123 Main Street, Patna, Bihar - 800001","PENDING CALL",""
"365","BRDP20250341","Rahul Maurya","Anjali Maurya","9416636238","90500","2","BCA","2025-2028","Khairabad, Uttar Pradesh","PENDING CALL",""
"366","BRDP20250473","Divyanshi Prajapati","Raj Prajapati","9494743664","90500","2","BCA","2025-2028","Sidhauli, Uttar Pradesh","PENDING CALL",""
"367","BRDP20240136","Diwakar Tiwari","Shivam Tiwari","9677546227","90000","3","MCA","2024-2027","Sitapur, Uttar Pradesh","PENDING CALL",""
"368","BRDP20240201","Vikas Shukla","Ankul Shukla","9370607308","90000","3","MCA","2024-2027","Sidhauli, Uttar Pradesh","PENDING CALL",""
"369","BRDP20240273","Rajesh Sharma","Pari Sharma","9220759863","90000","3","MCA","2024-2027","Lakhimpur Kheri, Uttar Pradesh","PENDING CALL",""
"370","BRDP20240277","Aarav Giri","Alok Giri","9378054189","90000","3","MCA","2024-2027","Misrikh, Uttar Pradesh","PENDING CALL",""
"371","BRDP20240345","Rohan Srivastava","Aditya Srivastava","9790451186","90000","3","MCA","2024-2027","Misrikh, Uttar Pradesh","PENDING CALL",""
"372","BRDP20240403","Aarav Mishra","Avneesh Mishra","9889013879","90000","3","MCA","2024-2027","Hargaon, Uttar Pradesh","PENDING CALL",""
"373","BRDP20240418","Saumya Saini","Nainsi Saini","9897493840","90000","3","MCA","2024-2027","Lucknow, Uttar Pradesh","PENDING CALL",""
"374","BRDP20240463","Raj Mishra","Ayush Mishra","9249175415","90000","3","MCA","2024-2027","Patna, Uttar Pradesh","PENDING CALL",""
"375","BRDP20240503","Geeta Tiwari","Usha Tiwari","9480559718","90000","3","MCA","2024-2027","Sidhauli, Uttar Pradesh","PENDING CALL",""
"376","BRDP20240511","Vikas Verma","Deepak Verma","9327368380","90000","3","MCA","2024-2027","Sidhauli, Uttar Pradesh","PENDING CALL",""
"377","BRDP20240520","Adarsh Mishra","Amit Mishra","9151069961","90000","3","MCA","2024-2027","Lucknow, Uttar Pradesh","PENDING CALL",""
"378","BRDP20240607","Rekha Tiwari","Ritu Tiwari","9276499528","90000","3","MCA","2024-2027","Kanpur, Uttar Pradesh","PENDING CALL",""
"379","BRDP20240637","Priya Kashyap","Ankul Kashyap","9941033509","90000","3","MCA","2024-2027","Lakhimpur Kheri, Uttar Pradesh","PENDING CALL",""
"380","BRDP20240670","Ramesh Giri","Rohan Giri","9755495439","90000","3","MCA","2024-2027","Kanpur, Uttar Pradesh","PENDING CALL",""
"381","BRDP20240716","Asha Srivastava","Manoj Srivastava","9498380864","90000","3","MCA","2024-2027","Kanpur, Uttar Pradesh","PENDING CALL",""
"382","BRDP20240730","Rajesh Maurya","Amit Maurya","9586925987","90000","3","MCA","2024-2027","Hargaon, Uttar Pradesh","PENDING CALL",""
"383","BRDP20240755","Vikas Yadav","Kamlesh Yadav","9488061653","90000","3","MCA","2024-2027","Laharpur, Uttar Pradesh","PENDING CALL",""
"384","BRDP20240782","Ramesh Tiwari","Shivani Tiwari","9134481807","90000","3","MCA","2024-2027","Patna, Uttar Pradesh","PENDING CALL",""
"385","BRDP20240825","Kavita Saini","Geeta Saini","9359592314","90000","3","MCA","2024-2027","Biswan, Uttar Pradesh","PENDING CALL",""
"386","BRDP20240862","Suman Srivastava","Gudiya Srivastava","9708079447","90000","3","MCA","2024-2027","Kanpur, Uttar Pradesh","PENDING CALL",""
"387","BRDP20240900","Vijay Jaiswal","Aarav Jaiswal","9733749373","90000","3","MCA","2024-2027","Sitapur, Uttar Pradesh","PENDING CALL",""
"388","BRDP20240963","Raj Agrahari","Sanjay Agrahari","9796937687","90000","3","MCA","2024-2027","Laharpur, Uttar Pradesh","PENDING CALL",""
"389","BRDP20240970","Suman Khan","Iliyash Khan","9598828553","90000","3","MCA","2024-2027","Sidhauli, Uttar Pradesh","PENDING CALL",""
"390","BRDP20240989","Anita Srivastava","Avneesh Srivastava","9649458688","90000","3","MCA","2024-2027","Khairabad, Uttar Pradesh","PENDING CALL",""
"391","BRDP20241078","Pankaj Kanaujiya","Dibya Kanaujiya","9267214697","90000","3","MCA","2024-2027","Lucknow, Uttar Pradesh","PENDING CALL",""
"392","BRDP20241081","Laxmi Tripathi","Gudiya Tripathi","9989722899","90000","3","MCA","2024-2027","Misrikh, Uttar Pradesh","PENDING CALL",""
"393","BRDP20241122","Ajay Tripathi","Ananya Tripathi","9891955796","90000","3","MCA","2024-2027","Sitapur Sadar, Uttar Pradesh","PENDING CALL",""
"394","BRDP20241191","Sonu Jaiswal","Aarti Jaiswal","9723574551","90000","3","MCA","2024-2027","Sitapur Sadar, Uttar Pradesh","PENDING CALL",""
"395","BRDP20241195","Aarav Saini","Adarsh Saini","9525339871","90000","3","MCA","2024-2027","Patna, Uttar Pradesh","PENDING CALL",""
"396","BRDP20241215","Satish Devi","Vijay Devi","9107699757","90000","3","MCA","2024-2027","Sitapur, Uttar Pradesh","PENDING CALL",""
"397","BRDP20241233","Vijay Kashyap","Vijay Kashyap","9813030862","90000","3","MCA","2024-2027","Lucknow, Uttar Pradesh","PENDING CALL",""
"398","BRDP20250584","Pankaj Dwivedi","Sunil Dwivedi","9647862577","89500","2","BCA","2025-2028","Biswan, Uttar Pradesh","PENDING CALL",""
"399","BRDP20250809","Alok Khan","Laxmi Khan","9468086791","89500","2","BCA","2025-2028","Khairabad, Uttar Pradesh","PENDING CALL",""
"400","BRDP20240428","Ayush Kanaujiya","Geeta Kanaujiya","9330733132","89000","3","B.Tech CSE","2024-2027","Misrikh, Uttar Pradesh","PENDING CALL",""
"401","BRDP20250557","Rashi Kanaujiya","Dharmendra Kanaujiya","9273189896","89000","2","BCA","2025-2028","Sitapur Sadar, Uttar Pradesh","PENDING CALL",""
"402","BRDP20251200","Pankaj Jaiswal","Meena Jaiswal","9768955414","88500","2","BCA","2025-2028","Lakhimpur Kheri, Uttar Pradesh","PENDING CALL",""
"403","BRDP20250150","Divanshi Sharma","Satish Sharma","9187250366","88000","2","BBA","2025-2028","Mohali, Uttar Pradesh","PENDING CALL",""
"404","BRDP20250153","Divyanshi Chaurasiya","Meena Chaurasiya","9495733945","88000","2","BCA","2025-2028","Lucknow, Uttar Pradesh","PENDING CALL",""
"405","BRDP20240155","Sanjay Sharma","Saurabh Sharma","9953587515","88000","3","BBA","2024-2027","Biswan, Uttar Pradesh","PENDING CALL",""
"406","BRDP20250157","Vikas Shukla","Abhishek Shukla","9504371557","88000","2","BBA","2025-2028","Hargaon, Uttar Pradesh","PENDING CALL",""
"407","BRDP20250193","Ravi Agrahari","Sonu Agrahari","9526089407","88000","2","BBA","2025-2028","Patna, Uttar Pradesh","PENDING CALL",""
"408","BRDP20240204","Ajay Agrahari","Suresh Agrahari","9942357553","88000","3","BBA","2024-2027","Lucknow, Uttar Pradesh","PENDING CALL",""
"409","BRDP20240242","Suman Chaurasiya","Sani Chaurasiya","9208348430","88000","3","BBA","2024-2027","Maholi, Uttar Pradesh","PENDING CALL",""
"410","BRDP20250245","Rajesh Srivastava","Mahek Srivastava","9184635007","88000","2","BBA","2025-2028","Sitapur Sadar, Uttar Pradesh","PENDING CALL",""
"411","BRDP20250269","Usha Srivastava","Kavita Srivastava","9551875916","88000","2","BBA","2025-2028","Biswan, Uttar Pradesh","PENDING CALL",""
"412","BRDP20240271","Vikas Giri","Suresh Giri","9849126112","88000","3","BBA","2024-2027","Maholi, Uttar Pradesh","PENDING CALL",""
"413","BRDP20250314","Pari Tripathi","Saumya Tripathi","9900075380","88000","2","BCA","2025-2028","Sidhauli, Uttar Pradesh","PENDING CALL",""
"414","BRDP20250331","Sanjay Agrahari","Naimish Agrahari","9226526160","88000","2","BBA","2025-2028","Kanpur, Uttar Pradesh","PENDING CALL",""
"415","BRDP20250356","Pari Shukla","Vinay Shukla","9472505513","88000","2","BBA","2025-2028","Misrikh, Uttar Pradesh","PENDING CALL",""
"416","BRDP20250367","Anamika Rathour","Deepak Rathour","9915893276","88000","2","BBA","2025-2028","Laharpur, Uttar Pradesh","PENDING CALL",""
"417","BRDP20250385","Saurabh Tripathi","Ankul Tripathi","9729344399","88000","2","BBA","2025-2028","Maholi, Uttar Pradesh","PENDING CALL",""
"418","BRDP20240392","Raj Kumar","Manoj Kumar","9294843676","88000","3","BBA","2024-2027","Lucknow, Uttar Pradesh","PENDING CALL",""
"419","BRDP20250429","Priya Prajapati","Sandeep Prajapati","9383568291","88000","2","BBA","2025-2028","Sitapur, Uttar Pradesh","PENDING CALL",""
"420","BRDP20250435","Vijay Kashyap","Divyanshi Kashyap","9224659463","88000","2","BBA","2025-2028","Sitapur, Uttar Pradesh","PENDING CALL",""
"421","BRDP20250439","Adarsh Kumar","Amit Kumar","9415280065","88000","2","BBA","2025-2028","Sidhauli, Uttar Pradesh","PENDING CALL",""
"422","BRDP20240461","Iliyash Pandey","Anita Pandey","9336293361","88000","3","BBA","2024-2027","Sitapur Sadar, Uttar Pradesh","PENDING CALL",""
"423","BRDP20240465","Rajesh Sharma","Satish Sharma","9999111784","88000","3","B.Tech CSE","2024-2027","Patna, Uttar Pradesh","PENDING CALL",""
"424","BRDP20250482","Anita Yadav","Sunil Yadav","9204976025","88000","2","BBA","2025-2028","Patna, Uttar Pradesh","PENDING CALL",""
"425","BRDP20250490","Deepak Mishra","Neha Mishra","9898727783","88000","2","BBA","2025-2028","Hargaon, Uttar Pradesh","PENDING CALL",""
"426","BRDP20250534","Sarita Dwivedi","Meena Dwivedi","9856150842","88000","2","BBA","2025-2028","Hargaon, Uttar Pradesh","PENDING CALL",""
"427","BRDP20250559","Ankul Gautam","Diwakar Gautam","9665759413","88000","2","BBA","2025-2028","Hargaon, Uttar Pradesh","PENDING CALL",""
"428","BRDP20250561","Gudiya Prajapati","Saumya Prajapati","9387688703","88000","2","BBA","2025-2028","Laharpur, Uttar Pradesh","PENDING CALL",""
"429","BRDP20250572","Kavita Dubey","Anjali Dubey","9196199402","88000","2","BBA","2025-2028","Laharpur, Uttar Pradesh","PENDING CALL",""
"430","BRDP20250587","Rashi Devi","Sanjay Devi","9595496257","88000","2","BBA","2025-2028","Patna, Uttar Pradesh","PENDING CALL",""
"431","BRDP20240621","Yashee Sharma","Sangita Sharma","9466548734","88000","3","BBA","2024-2027","Biswan, Uttar Pradesh","PENDING CALL",""
"432","BRDP20250648","Pinku Giri","Pinku Giri","9292603675","88000","2","BBA","2025-2028","Kanpur, Uttar Pradesh","PENDING CALL",""
"433","BRDP20250662","Adarsh Chaurasiya","Aarya Chaurasiya","9819319920","88000","2","BBA","2025-2028","Hargaon, Uttar Pradesh","PENDING CALL",""
"434","BRDP20250679","Yashee Shukla","Diwakar Shukla","9589779301","88000","2","BBA","2025-2028","Misrikh, Uttar Pradesh","PENDING CALL",""
"435","BRDP20250693","Vijay Chaurasiya","Vijay Chaurasiya","9294925400","88000","2","BBA","2025-2028","Sitapur, Uttar Pradesh","PENDING CALL",""
"436","BRDP20250696","Vinod Tiwari","Mahek Tiwari","9971336702","88000","2","BBA","2025-2028","Misrikh, Uttar Pradesh","PENDING CALL",""
"437","BRDP20240710","Priya Rajpoot","Satish Rajpoot","9804076031","88000","3","BBA","2024-2027","Sitapur, Uttar Pradesh","PENDING CALL",""
"438","BRDP20250733","Sani Giri","Priya Giri","9643219463","88000","2","BCA","2025-2028","Lucknow, Uttar Pradesh","PENDING CALL",""
"439","BRDP20250806","Aarya Kumar","Divanshi Kumar","9781404320","88000","2","BBA","2025-2028","Sitapur Sadar, Uttar Pradesh","PENDING CALL",""
"440","BRDP20250817","Pankaj Gupta","Kamlesh Gupta","9959681946","88000","2","BBA","2025-2028","Hargaon, Uttar Pradesh","PENDING CALL",""
"441","BRDP20250859","Ankul Gupta","Priya Gupta","9488908829","88000","2","BBA","2025-2028","Misrikh, Uttar Pradesh","PENDING CALL",""
"442","BRDP20250914","Divyanshi Kumar","Aditya Kumar","9716401876","88000","2","BBA","2025-2028","Sitapur, Uttar Pradesh","PENDING CALL",""
"443","BRDP20240921","Ajay Shukla","Gudiya Shukla","9657585337","88000","3","BBA","2024-2027","Maholi, Uttar Pradesh","PENDING CALL",""
"444","BRDP20240977","Suresh Dwivedi","Shivani Dwivedi","9642239348","88000","3","BBA","2024-2027","Patna, Uttar Pradesh","PENDING CALL",""
"445","BRDP20251004","Asha Agrahari","Laxmi Agrahari","9280285888","88000","2","BBA","2025-2028","Hargaon, Uttar Pradesh","PENDING CALL",""
"446","BRDP20241019","Pari Singh","Abhishek Singh","9867921737","88000","3","BBA","2024-2027","Biswan, Uttar Pradesh","PENDING CALL",""
"447","BRDP20251056","Pari Shukla","Divyanshi Shukla","9945129471","88000","2","BBA","2025-2028","Sidhauli, Uttar Pradesh","PENDING CALL",""
"448","BRDP20251067","Priya Kashyap","Dipanshi Kashyap","9993343242","88000","2","BBA","2025-2028","Maholi, Uttar Pradesh","PENDING CALL",""
"449","BRDP20251074","Aarya Dwivedi","Sangita Dwivedi","9564067649","88000","2","BBA","2025-2028","Lucknow, Uttar Pradesh","PENDING CALL",""
"450","BRDP20251090","Asha Pal","Divanshi Pal","9344148184","88000","2","BBA","2025-2028","Lakhimpur Kheri, Uttar Pradesh","PENDING CALL",""
"451","BRDP20251113","Nainsi Kanaujiya","Manoj Kanaujiya","9986031017","88000","2","BBA","2025-2028","Sitapur, Uttar Pradesh","PENDING CALL",""
"452","BRDP20251201","Ramesh Kashyap","Dharmendra Kashyap","9168578961","88000","2","BBA","2025-2028","Lucknow, Uttar Pradesh","PENDING CALL",""
"453","BRDP20251220","Suresh Kashyap","Rashi Kashyap","9721082544","88000","2","BBA","2025-2028","Hargaon, Uttar Pradesh","PENDING CALL",""
"454","BRDP20251235","Dibya Kanaujiya","Raj Kanaujiya","9286799924","88000","2","BBA","2025-2028","Biswan, Uttar Pradesh","PENDING CALL",""
"455","BRDP20250195","Vikas Gautam","Mahek Gautam","9681075400","87500","2","BCA","2025-2028","Mohali, Uttar Pradesh","PENDING CALL",""
"456","BRDP20240510","Shivangi Paswan","Suresh Paswan","9406937581","87500","3","B.Tech CSE","2024-2027","Khairabad, Uttar Pradesh","PENDING CALL",""
"457","BRDP20250749","Divanshi Pandey","Dipanshi Pandey","9105546218","87500","2","BCA","2025-2028","Laharpur, Uttar Pradesh","PENDING CALL",""
"458","BRDP20241248","Pushpendra Pal","Vishal Pal","9332879007","87500","3","B.Tech CSE","2024-2027","Sitapur, Uttar Pradesh","PENDING CALL",""
"459","BRDP20240218","Priya Khan","Shivani Khan","9312113913","87000","3","B.Tech CSE","2024-2027","Lakhimpur Kheri, Uttar Pradesh","PENDING CALL",""
"460","BRDP20250260","Vijay Kashyap","Ayush Kashyap","9720018426","87000","2","BCA","2025-2028","Maholi, Uttar Pradesh","PENDING CALL",""
"461","BRDP20250441","Priya Pandey","Sangita Pandey","9431831060","87000","2","BCA","2025-2028","Lucknow, Uttar Pradesh","PENDING CALL",""
"462","BRDP20240759","Pankaj Dwivedi","Kamlesh Dwivedi","9834122452","87000","3","B.Tech CSE","2024-2027","Maholi, Uttar Pradesh","PENDING CALL",""
"463","BRDP20251239","Divyanshi Verma","Vinay Verma","9251350078","87000","2","BCA","2025-2028","Laharpur, Uttar Pradesh","PENDING CALL",""
"464","BRDP20240602","Kamlesh Kashyap","Satish Kashyap","9418961177","86000","3","B.Tech CSE","2024-2027","Lucknow, Uttar Pradesh","PENDING CALL",""
"465","BRDP20251047","Kavita Pal","Naimish Pal","9363043029","85500","2","BCA","2025-2028","Mohali, Uttar Pradesh","PENDING CALL",""
"466","BRDP20240118","Saurabh Rathour","Rajesh Rathour","9962404465","85000","3","B.Tech CSE","2024-2027","Lakhimpur Kheri, Uttar Pradesh","PENDING CALL",""
"467","BRDP20240689","Suresh Dubey","Ravi Dubey","9770992722","84000","3","B.Tech CSE","2024-2027","Patna, Uttar Pradesh","PENDING CALL",""
"468","BRDP20240535","Iliyash Prajapati","Sunita Prajapati","9782771661","83500","3","B.Tech CSE","2024-2027","Maholi, Uttar Pradesh","PENDING CALL",""
"469","BRDP20240881","Priya Devi","Kamlesh Devi","9769102401","82000","3","B.Tech CSE","2024-2027","Kanpur, Uttar Pradesh","PENDING CALL",""
"470","BRDP20240135","Raj Dubey","Aarti Dubey","9150632241","81000","3","BBA","2024-2027","Laharpur, Uttar Pradesh","PENDING CALL",""
"471","BRDP20240095","Vikas Srivastava","Rashi Srivastava","9640989705","80000","3","BCA","2024-2027","Khairabad, Uttar Pradesh","PENDING CALL",""
"472","BRDP20250104","Ankul Khan","Dipanshi Khan","9218736769","80000","2","BCA","2025-2028","Sidhauli, Uttar Pradesh","PENDING CALL",""
"473","BRDP20240113","Priya Kumar","Priya Kumar","9950055100","80000","3","BCA","2024-2027","Kanpur, Uttar Pradesh","PENDING CALL",""
"474","BRDP20250143","Abhishek Tripathi","Shivani Tripathi","9401119331","80000","2","BCA","2025-2028","Lucknow, Uttar Pradesh","PENDING CALL",""
"475","BRDP20240146","Sunil Dubey","Pinku Dubey","9748201806","80000","3","BCA","2024-2027","Khairabad, Uttar Pradesh","PENDING CALL",""
"476","BRDP20240214","Saumya Yadav","Deepika Yadav","9760539002","80000","3","BCA","2024-2027","Khairabad, Uttar Pradesh","PENDING CALL",""
"477","BRDP20240397","Dharmendra Kashyap","Gudiya Kashyap","9520738211","80000","3","BCA","2024-2027","Mohali, Uttar Pradesh","PENDING CALL",""
"478","BRDP20250406","Shivam Kashyap","Ankul Kashyap","9489558314","80000","2","BCA","2025-2028","Mohali, Uttar Pradesh","PENDING CALL",""
"479","BRDP20250440","Sandeep Saini","Sani Saini","9116126384","80000","2","BCA","2025-2028","Hargaon, Uttar Pradesh","PENDING CALL",""
"480","BRDP20240580","Subhendu Saini","Manoj Saini","9356055734","80000","3","BCA","2024-2027","Sidhauli, Uttar Pradesh","PENDING CALL",""
"481","BRDP20250603","Saurabh Tiwari","Ajay Tiwari","9537884089","80000","2","BCA","2025-2028","Misrikh, Uttar Pradesh","PENDING CALL",""
"482","BRDP20250673","Subhendu Kashyap","Sanjay Kashyap","9576395217","80000","2","BCA","2025-2028","Misrikh, Uttar Pradesh","PENDING CALL",""
"483","BRDP20240675","Ashish Rajpoot","Raj Rajpoot","9195058041","80000","3","BCA","2024-2027","Lakhimpur Kheri, Uttar Pradesh","PENDING CALL",""
"484","BRDP20240707","Pari Saini","Mahek Saini","9519708144","80000","3","BCA","2024-2027","Sitapur Sadar, Uttar Pradesh","PENDING CALL",""
"485","BRDP20250718","Sani Kumar","Vishal Kumar","9448864480","80000","2","BCA","2025-2028","Sitapur Sadar, Uttar Pradesh","PENDING CALL",""
"486","BRDP20250725","Rahul Yadav","Pinku Yadav","9958605810","80000","2","BCA","2025-2028","Sitapur Sadar, Uttar Pradesh","PENDING CALL",""
"487","BRDP20250728","Ashutosh Tripathi","Rajesh Tripathi","9681507037","80000","2","BCA","2025-2028","Sitapur Sadar, Uttar Pradesh","PENDING CALL",""
"488","BRDP20240734","Shivangi Pandey","Anita Pandey","9361443456","80000","3","B.Tech CSE","2024-2027","Lucknow, Uttar Pradesh","PENDING CALL",""
"489","BRDP20250750","Ravi Yadav","Manoj Yadav","9377588432","80000","2","BCA","2025-2028","Biswan, Uttar Pradesh","PENDING CALL",""
"490","BRDP20250764","Sunil Yadav","Saumya Yadav","9820984455","80000","2","BCA","2025-2028","Lakhimpur Kheri, Uttar Pradesh","PENDING CALL",""
"491","BRDP20240844","Pushpendra Agrahari","Divyanshi Agrahari","9124550065","80000","3","BCA","2024-2027","Misrikh, Uttar Pradesh","PENDING CALL",""
"492","BRDP20240848","Alok Rajpoot","Ayush Rajpoot","9178008940","80000","3","BCA","2024-2027","Sitapur, Uttar Pradesh","PENDING CALL",""
"493","BRDP20250849","Iliyash Rathour","Vijay Rathour","9838567837","80000","2","BCA","2025-2028","Laharpur, Uttar Pradesh","PENDING CALL",""
"494","BRDP20250983","Asha Rathour","Rahul Rathour","9612874440","80000","2","BCA","2025-2028","Misrikh, Uttar Pradesh","PENDING CALL",""
"495","BRDP20241013","Geeta Verma","Sani Verma","9220529143","80000","3","BCA","2024-2027","Patna, Uttar Pradesh","PENDING CALL",""
"496","BRDP20251039","Deepika Kumar","Ashish Kumar","9500903615","80000","2","BCA","2025-2028","Lakhimpur Kheri, Uttar Pradesh","PENDING CALL",""
"497","BRDP20251048","Yashee Dwivedi","Ravi Dwivedi","9935539132","80000","2","BCA","2025-2028","Patna, Uttar Pradesh","PENDING CALL",""
"498","BRDP20251064","Sonu Jaiswal","Seema Jaiswal","9793711755","80000","2","BCA","2025-2028","Sitapur, Uttar Pradesh","PENDING CALL",""
"499","BRDP20241140","Geeta Paswan","Seema Paswan","9396287365","80000","3","BCA","2024-2027","Sitapur Sadar, Uttar Pradesh","PENDING CALL",""
"500","BRDP20251144","Rekha Shukla","Divyanshi Shukla","9874571862","80000","2","BCA","2025-2028","Hargaon, Uttar Pradesh","PENDING CALL",""
"501","BRDP20251170","Vivek Tripathi","Sunita Tripathi","9367088532","80000","2","BCA","2025-2028","Mohali, Uttar Pradesh","PENDING CALL",""
"502","BRDP20251178","Sandeep Pal","Dipanshi Pal","9537210868","80000","2","BCA","2025-2028","Mohali, Uttar Pradesh","PENDING CALL",""
"503","BRDP20251193","Pushpendra Dubey","Pari Dubey","9771312650","80000","2","BCA","2025-2028","Laharpur, Uttar Pradesh","PENDING CALL",""
"504","BRDP20241208","Kamlesh Dwivedi","Laxmi Dwivedi","9232827947","80000","3","BCA","2024-2027","Lucknow, Uttar Pradesh","PENDING CALL",""
"505","BRDP20251221","Priya Gautam","Suman Gautam","9709046354","80000","2","BCA","2025-2028","Mohali, Uttar Pradesh","PENDING CALL",""
"506","BRDP20251234","Anita Giri","Rohan Giri","9285135052","80000","2","BCA","2025-2028","Sidhauli, Uttar Pradesh","PENDING CALL",""
"507","BRDP20240597","Alok Tiwari","Anamika Tiwari","9197514251","79500","3","BBA","2024-2027","Mohali, Uttar Pradesh","PENDING CALL",""
"508","BRDP20240593","Vishal Rathour","Vinay Rathour","9872172179","79000","3","BBA","2024-2027","Sitapur Sadar, Uttar Pradesh","PENDING CALL",""
"509","BRDP20240612","Subhendu Pandey","Adarsh Pandey","9376088239","79000","3","BBA","2024-2027","Lakhimpur Kheri, Uttar Pradesh","PENDING CALL",""
"510","BRDP20241169","Abhishek Kumar","Shivani Kumar","9561915345","79000","3","BBA","2024-2027","Sitapur Sadar, Uttar Pradesh","PENDING CALL",""
"511","BRDP20241179","Deepa Gautam","Sani Gautam","9571685888","79000","3","BBA","2024-2027","Maholi, Uttar Pradesh","PENDING CALL",""
"512","BRDP20240882","Alok Khan","Rashi Khan","9414728787","78500","3","BBA","2024-2027","Lucknow, Uttar Pradesh","PENDING CALL",""
"513","BRDP20240639","Ritu Agrahari","Vinod Agrahari","9955889615","78000","3","BBA","2024-2027","Khairabad, Uttar Pradesh","PENDING CALL",""
"514","BRDP20240986","Pooja Rajpoot","Seema Rajpoot","9122828230","78000","3","BBA","2024-2027","Sitapur, Uttar Pradesh","PENDING CALL",""
"515","BRDP20240531","Anamika Singh","Ashutosh Singh","9117334863","77500","3","BBA","2024-2027","Maholi, Uttar Pradesh","PENDING CALL",""
"516","BRDP20240753","Rajesh Kumar","Laxmi Kumar","9675349079","77500","3","BBA","2024-2027","Hargaon, Uttar Pradesh","PENDING CALL",""
"517","BRDP20240748","Sangita Saini","Vinod Saini","9891542352","76500","3","BBA","2024-2027","Khairabad, Uttar Pradesh","PENDING CALL",""
"518","BRDP20240631","Avneesh Dwivedi","Rashi Dwivedi","9615737839","75500","3","BBA","2024-2027","Patna, Uttar Pradesh","PENDING CALL",""
"519","BRDP20240168","Rashi Chaurasiya","Vishal Chaurasiya","9220606694","75000","3","B.Tech CSE","2024-2027","Misrikh, Uttar Pradesh","PENDING CALL",""
"520","BRDP20240276","Satish Dwivedi","Rahul Dwivedi","9827476777","75000","3","B.Tech CSE","2024-2027","Khairabad, Uttar Pradesh","PENDING CALL",""
"521","BRDP20240299","Dipanshi Khan","Deepak Khan","9683188871","75000","3","B.Tech CSE","2024-2027","Patna, Uttar Pradesh","PENDING CALL",""
"522","BRDP20240371","Aditya Mishra","Pari Mishra","9259594319","75000","3","B.Tech CSE","2024-2027","Khairabad, Uttar Pradesh","PENDING CALL",""
"523","BRDP20240581","Sandeep Yadav","Prateek Yadav","9425780858","75000","3","B.Tech CSE","2024-2027","Sitapur, Uttar Pradesh","PENDING CALL",""
"524","BRDP20240606","Laxmi Gautam","Ritu Gautam","9198049006","75000","3","B.Tech CSE","2024-2027","Biswan, Uttar Pradesh","PENDING CALL",""
"525","BRDP20240802","Priya Kanaujiya","Sani Kanaujiya","9136830472","75000","3","B.Tech CSE","2024-2027","Sitapur Sadar, Uttar Pradesh","PENDING CALL",""
"526","BRDP20240804","Saurabh Devi","Priya Devi","9689896988","75000","3","B.Tech CSE","2024-2027","Sitapur Sadar, Uttar Pradesh","PENDING CALL",""
"527","BRDP20240838","Divanshi Mishra","Sonu Mishra","9878728233","75000","3","B.Tech CSE","2024-2027","Khairabad, Uttar Pradesh","PENDING CALL",""
"528","BRDP20240913","Vinay Kumar","Saumya Kumar","9272516349","75000","3","B.Tech CSE","2024-2027","Lucknow, Uttar Pradesh","PENDING CALL",""
"529","BRDP20240935","Seema Kashyap","Pushpendra Kashyap","9238290082","75000","3","B.Tech CSE","2024-2027","Sitapur, Uttar Pradesh","PENDING CALL",""
"530","BRDP20240941","Ramesh Yadav","Sangita Yadav","9900993887","75000","3","B.Tech CSE","2024-2027","Mohali, Uttar Pradesh","PENDING CALL",""
"531","BRDP20240965","Subhendu Khan","Pari Khan","9175244416","75000","3","B.Tech CSE","2024-2027","Maholi, Uttar Pradesh","PENDING CALL",""
"532","BRDP20241018","Asha Kanaujiya","Diwakar Kanaujiya","9939811803","75000","3","BBA","2024-2027","Laharpur, Uttar Pradesh","PENDING CALL",""
"533","BRDP20241065","Ananya Kashyap","Ankul Kashyap","9571863046","75000","3","B.Tech CSE","2024-2027","Lakhimpur Kheri, Uttar Pradesh","PENDING CALL",""
"534","BRDP20241084","Usha Jaiswal","Anita Jaiswal","9665503047","75000","3","B.Tech CSE","2024-2027","Misrikh, Uttar Pradesh","PENDING CALL",""
"535","BRDP20241129","Sunita Khan","Pankaj Khan","9486436436","75000","3","B.Tech CSE","2024-2027","Sitapur, Uttar Pradesh","PENDING CALL",""
"536","BRDP20241196","Dipanshi Srivastava","Anamika Srivastava","9559363840","75000","3","B.Tech CSE","2024-2027","Sitapur, Uttar Pradesh","PENDING CALL",""
"537","BRDP20240871","Vivek Sharma","Aditya Sharma","9278038931","73000","3","BCA","2024-2027","Lakhimpur Kheri, Uttar Pradesh","PENDING CALL",""
"538","BRDP20240227","Alok Khan","Laxmi Khan","9804348242","72500","3","BBA","2024-2027","Khairabad, Uttar Pradesh","PENDING CALL",""
"539","BRDP20240715","Mahek Pal","Ayush Pal","9231608978","72500","3","BBA","2024-2027","Sitapur, Uttar Pradesh","PENDING CALL",""
"540","BRDP20241244","Pankaj Giri","Suresh Giri","9570560645","72500","3","BBA","2024-2027","Lucknow, Uttar Pradesh","PENDING CALL",""
"541","BRDP20240592","Sonu Gautam","Meena Gautam","9570337802","72000","3","BBA","2024-2027","Patna, Uttar Pradesh","PENDING CALL",""
"542","BRDP20240687","Geeta Kanaujiya","Ankul Kanaujiya","9671824880","72000","3","BBA","2024-2027","Sitapur, Uttar Pradesh","PENDING CALL",""
"543","BRDP20240124","Dibya Agrahari","Diwakar Agrahari","9163435591","71000","3","BBA","2024-2027","Maholi, Uttar Pradesh","PENDING CALL",""
"544","BRDP20240665","Adarsh Maurya","Usha Maurya","9854088680","71000","3","BCA","2024-2027","Sitapur Sadar, Uttar Pradesh","PENDING CALL",""
"545","BRDP20240756","Divanshi Prajapati","Prateek Prajapati","9730573447","71000","3","BCA","2024-2027","Misrikh, Uttar Pradesh","PENDING CALL",""
"546","BRDP20240169","Ashish Rajpoot","Abhishek Rajpoot","9814860016","70500","3","BBA","2024-2027","Laharpur, Uttar Pradesh","PENDING CALL",""
"547","BRDP20240488","Sunita Devi","Vikas Devi","9880405499","70500","3","BBA","2024-2027","Biswan, Uttar Pradesh","PENDING CALL",""
"548","BRDP20240539","Kamlesh Khan","Rekha Khan","9689138263","70500","3","BCA","2024-2027","Patna, Uttar Pradesh","PENDING CALL",""
"549","BRDP20240656","Abhishek Chaurasiya","Vikas Chaurasiya","9616828698","70500","3","BCA","2024-2027","Lucknow, Uttar Pradesh","PENDING CALL",""
"550","BRDP20240731","Ankul Chaurasiya","Naimish Chaurasiya","9371656046","70500","3","BBA","2024-2027","Khairabad, Uttar Pradesh","PENDING CALL",""
"551","BRDP20240899","Yashee Mishra","Sani Mishra","9894611023","70500","3","BCA","2024-2027","Sitapur, Uttar Pradesh","PENDING CALL",""
"552","BRDP20240263","Prateek Yadav","Vishal Yadav","9656591591","70000","3","BCA","2024-2027","Sidhauli, Uttar Pradesh","PENDING CALL",""
"553","BRDP20240338","Vinod Paswan","Deepika Paswan","9810714662","68500","3","BCA","2024-2027","Lucknow, Uttar Pradesh","PENDING CALL",""
"554","BRDP20240476","Meena Verma","Saumya Verma","9632755651","68500","3","BCA","2024-2027","Khairabad, Uttar Pradesh","PENDING CALL",""
"555","BRDP20240681","Dharmendra Chaurasiya","Abhishek Chaurasiya","9486067802","68500","3","BCA","2024-2027","Sidhauli, Uttar Pradesh","PENDING CALL",""
"556","BRDP20240354","Ravi Chaurasiya","Nainsi Chaurasiya","9443323329","67000","3","BCA","2024-2027","Maholi, Uttar Pradesh","PENDING CALL",""
"557","BRDP20240625","Prateek Gautam","Pari Gautam","9217378956","66500","3","BCA","2024-2027","Sitapur Sadar, Uttar Pradesh","PENDING CALL",""
"558","BRDP20240869","Manish Khan","Deepika Khan","9623402678","66500","3","BCA","2024-2027","Khairabad, Uttar Pradesh","PENDING CALL",""
"559","BRDP20240086","Priya Rathour","Geeta Rathour","9677118475","66000","3","BBA","2024-2027","Sitapur Sadar, Uttar Pradesh","PENDING CALL",""
"560","BRDP20240094","Ashutosh Kashyap","Pari Kashyap","9978426600","66000","3","BBA","2024-2027","Maholi, Uttar Pradesh","PENDING CALL",""
"561","BRDP20240211","Vikas Kashyap","Seema Kashyap","9601266134","66000","3","BBA","2024-2027","Sidhauli, Uttar Pradesh","PENDING CALL",""
"562","BRDP20240247","Asha Maurya","Anjali Maurya","9914181578","66000","3","BBA","2024-2027","Sitapur Sadar, Uttar Pradesh","PENDING CALL",""
"563","BRDP20240306","Alok Dwivedi","Vikas Dwivedi","9420411406","66000","3","BBA","2024-2027","Sitapur Sadar, Uttar Pradesh","PENDING CALL",""
"564","BRDP20240310","Shivani Pandey","Priya Pandey","9106488648","66000","3","BBA","2024-2027","Maholi, Uttar Pradesh","PENDING CALL",""
"565","BRDP20240323","Rashi Devi","Ankul Devi","9749991645","66000","3","BBA","2024-2027","Khairabad, Uttar Pradesh","PENDING CALL",""
"566","BRDP20240351","Iliyash Pandey","Ajay Pandey","9132918751","66000","3","BCA","2024-2027","Laharpur, Uttar Pradesh","PENDING CALL",""
"567","BRDP20240387","Manoj Rajpoot","Rashi Rajpoot","9854454891","66000","3","BBA","2024-2027","Laharpur, Uttar Pradesh","PENDING CALL",""
"568","BRDP20240432","Ashish Kashyap","Vinod Kashyap","9641845993","66000","3","BCA","2024-2027","Kanpur, Uttar Pradesh","PENDING CALL",""
"569","BRDP20240492","Priya Chaurasiya","Yashee Chaurasiya","9162911918","66000","3","BBA","2024-2027","Sitapur, Uttar Pradesh","PENDING CALL",""
"570","BRDP20240578","Prateek Dubey","Kavita Dubey","9346932416","66000","3","BBA","2024-2027","Sitapur, Uttar Pradesh","PENDING CALL",""
"571","BRDP20240686","Ananya Agrahari","Sanjay Agrahari","9429569232","66000","3","BBA","2024-2027","Hargaon, Uttar Pradesh","PENDING CALL",""
"572","BRDP20240717","Saurabh Gautam","Pankaj Gautam","9732369514","66000","3","BBA","2024-2027","Khairabad, Uttar Pradesh","PENDING CALL",""
"573","BRDP20240739","Shivani Sharma","Anita Sharma","9994591303","66000","3","BBA","2024-2027","Lucknow, Uttar Pradesh","PENDING CALL",""
"574","BRDP20240741","Rahul Kanaujiya","Ajay Kanaujiya","9909019939","66000","3","BBA","2024-2027","Sitapur, Uttar Pradesh","PENDING CALL",""
"575","BRDP20240936","Sani Giri","Adarsh Giri","9825010035","66000","3","BBA","2024-2027","Hargaon, Uttar Pradesh","PENDING CALL",""
"576","BRDP20241063","Shivam Rajpoot","Yashee Rajpoot","9647525559","66000","3","BBA","2024-2027","Kanpur, Uttar Pradesh","PENDING CALL",""
"577","BRDP20241114","Satish Rathour","Sunil Rathour","9725206410","66000","3","BBA","2024-2027","Patna, Uttar Pradesh","PENDING CALL",""
"578","BRDP20241141","Deepika Verma","Sanjay Verma","9494801522","66000","3","BBA","2024-2027","Kanpur, Uttar Pradesh","PENDING CALL",""
"579","BRDP20241149","Ayush Singh","Sani Singh","9635880581","66000","3","BBA","2024-2027","Sitapur, Uttar Pradesh","PENDING CALL",""
"580","BRDP20241198","Seema Giri","Amit Giri","9470534935","66000","3","BBA","2024-2027","Sitapur Sadar, Uttar Pradesh","PENDING CALL",""
"581","BRDP20240864","Rajesh Tiwari","Ramesh Tiwari","9100991784","64500","3","BCA","2024-2027","Hargaon, Uttar Pradesh","PENDING CALL",""
"582","BRDP20241038","Kavita Tiwari","Priya Tiwari","9123491667","64500","3","BCA","2024-2027","Sidhauli, Uttar Pradesh","PENDING CALL",""
"583","BRDP20240132","Usha Tripathi","Laxmi Tripathi","9597855187","60000","3","BCA","2024-2027","Sitapur Sadar, Uttar Pradesh","PENDING CALL",""
"584","BRDP20230161","Divanshi Agrahari","Ashish Agrahari","9726581426","60000","5","MCA","2023-2026","Sitapur Sadar, Uttar Pradesh","PENDING CALL",""
"585","BRDP20230171","Rahul Agrahari","Ankul Agrahari","9359549284","60000","5","MCA","2023-2026","Lakhimpur Kheri, Uttar Pradesh","PENDING CALL",""
"586","BRDP20240278","Aditya Devi","Deepa Devi","9614447637","60000","3","BCA","2024-2027","Mohali, Uttar Pradesh","PENDING CALL",""
"587","BRDP20240280","Vinay Tiwari","Ajay Tiwari","9631187327","60000","3","BCA","2024-2027","Mohali, Uttar Pradesh","PENDING CALL",""
"588","BRDP20240300","Ritu Maurya","Aarti Maurya","9947807840","60000","3","BCA","2024-2027","Lucknow, Uttar Pradesh","PENDING CALL",""
"589","BRDP20240388","Deepa Tiwari","Aarav Tiwari","9785389580","60000","3","BCA","2024-2027","Lakhimpur Kheri, Uttar Pradesh","PENDING CALL",""
"590","BRDP20240427","Asha Chaurasiya","Ashish Chaurasiya","9274914154","60000","3","BCA","2024-2027","Maholi, Uttar Pradesh","PENDING CALL",""
"591","BRDP20240434","Suresh Yadav","Rajesh Yadav","9394368177","60000","3","BCA","2024-2027","Hargaon, Uttar Pradesh","PENDING CALL",""
"592","BRDP20230596","Vinay Shukla","Pooja Shukla","9824299896","60000","5","MCA","2023-2026","Khairabad, Uttar Pradesh","PENDING CALL",""
"593","BRDP20230618","Anamika Singh","Anamika Singh","9222388419","60000","5","MCA","2023-2026","Sidhauli, Uttar Pradesh","PENDING CALL",""
"594","BRDP20240674","Priya Giri","Usha Giri","9856379390","60000","3","BCA","2024-2027","Sidhauli, Uttar Pradesh","PENDING CALL",""
"595","BRDP20230684","Ravi Shukla","Sonika Shukla","9751465762","60000","5","MCA","2023-2026","Patna, Uttar Pradesh","PENDING CALL",""
"596","BRDP20240775","Rajesh Paswan","Mahek Paswan","9242421660","60000","3","BCA","2024-2027","Maholi, Uttar Pradesh","PENDING CALL",""
"597","BRDP20240803","Manish Verma","Pushpendra Verma","9377082529","60000","3","BCA","2024-2027","Biswan, Uttar Pradesh","PENDING CALL",""
"598","BRDP20240829","Kamlesh Khan","Ramesh Khan","9681592024","60000","3","BCA","2024-2027","Kanpur, Uttar Pradesh","PENDING CALL",""
"599","BRDP20240847","Roshani Maurya","Shivani Maurya","9910244466","60000","3","BCA","2024-2027","Lakhimpur Kheri, Uttar Pradesh","PENDING CALL",""
"600","BRDP20240860","Vikas Tiwari","Anjali Tiwari","9470807593","60000","3","BCA","2024-2027","Mohali, Uttar Pradesh","PENDING CALL",""
"601","BRDP20230865","Shivam Saini","Abhishek Saini","9443681708","60000","5","MCA","2023-2026","Maholi, Uttar Pradesh","PENDING CALL",""
"602","BRDP20240884","Anjali Dubey","Priya Dubey","9840160609","60000","3","BCA","2024-2027","Sitapur Sadar, Uttar Pradesh","PENDING CALL",""
"603","BRDP20240895","Ankul Srivastava","Pushpendra Srivastava","9154715467","60000","3","BCA","2024-2027","Maholi, Uttar Pradesh","PENDING CALL",""
"604","BRDP20240906","Laxmi Khan","Sandeep Khan","9143927632","60000","3","BCA","2024-2027","Sitapur Sadar, Uttar Pradesh","PENDING CALL",""
"605","BRDP20230929","Vijay Maurya","Rohan Maurya","9852643875","60000","5","MCA","2023-2026","Lucknow, Uttar Pradesh","PENDING CALL",""
"606","BRDP20241007","Abhishek Tiwari","Ramesh Tiwari","9898707654","60000","3","BCA","2024-2027","Mohali, Uttar Pradesh","PENDING CALL",""
"607","BRDP20230215","Vishal Devi","Ramesh Devi","9236913213","50000","5","B.Tech CSE","2023-2026","Kanpur, Uttar Pradesh","PENDING CALL",""
"608","BRDP20230223","Subhendu Maurya","Anita Maurya","9112018624","50000","5","B.Tech CSE","2023-2026","Patna, Uttar Pradesh","PENDING CALL",""
"609","BRDP20230232","Sani Tiwari","Suresh Tiwari","9406698035","50000","5","B.Tech CSE","2023-2026","Misrikh, Uttar Pradesh","PENDING CALL",""
"610","BRDP20230244","Deepak Dwivedi","Shivam Dwivedi","9653066460","50000","5","MCA","2023-2026","Kanpur, Uttar Pradesh","PENDING CALL",""
"611","BRDP20230330","Ankul Pal","Dipanshi Pal","9974434950","50000","5","B.Tech CSE","2023-2026","Laharpur, Uttar Pradesh","PENDING CALL",""
"612","BRDP20230431","Abhishek Shukla","Vinod Shukla","9377196733","50000","5","B.Tech CSE","2023-2026","Biswan, Uttar Pradesh","PENDING CALL",""
"613","BRDP20230494","Rekha Singh","Roshani Singh","9543727136","50000","5","MCA","2023-2026","Hargaon, Uttar Pradesh","PENDING CALL",""
"614","BRDP20230677","Vivek Paswan","Abhishek Paswan","9809429955","50000","5","B.Tech CSE","2023-2026","Khairabad, Uttar Pradesh","PENDING CALL",""
"615","BRDP20230705","Aarti Agrahari","Abhishek Agrahari","9897520454","50000","5","B.Tech CSE","2023-2026","Patna, Uttar Pradesh","PENDING CALL",""
"616","BRDP20230735","Rahul Kashyap","Ashish Kashyap","9537389213","50000","5","B.Tech CSE","2023-2026","Sitapur, Uttar Pradesh","PENDING CALL",""
"617","BRDP20230846","Deepa Dwivedi","Ravi Dwivedi","9761267453","50000","5","MCA","2023-2026","Misrikh, Uttar Pradesh","PENDING CALL",""
"618","BRDP20230868","Vivek Agrahari","Pushpendra Agrahari","9300579955","50000","5","B.Tech CSE","2023-2026","Khairabad, Uttar Pradesh","PENDING CALL",""
"619","BRDP20231060","Vinod Khan","Rashi Khan","9986927694","50000","5","B.Tech CSE","2023-2026","Khairabad, Uttar Pradesh","PENDING CALL",""
"620","BRDP20231091","Prateek Jaiswal","Manish Jaiswal","9192976375","50000","5","B.Tech CSE","2023-2026","Hargaon, Uttar Pradesh","PENDING CALL",""
"621","BRDP20231152","Sandeep Maurya","Rohan Maurya","9412791225","49500","5","MCA","2023-2026","Lakhimpur Kheri, Uttar Pradesh","PENDING CALL",""
"622","BRDP20230691","Anamika Gautam","Roshani Gautam","9256051090","49000","5","MCA","2023-2026","Sitapur, Uttar Pradesh","PENDING CALL",""
"623","BRDP20230134","Anjali Tripathi","Suresh Tripathi","9452278063","48500","5","MCA","2023-2026","Hargaon, Uttar Pradesh","PENDING CALL",""
"624","BRDP20230659","Ayush Srivastava","Ravi Srivastava","9424009233","48500","5","MCA","2023-2026","Mohali, Uttar Pradesh","PENDING CALL",""
"625","BRDP20231168","Iliyash Giri","Saurabh Giri","9422722488","48500","5","MCA","2023-2026","Sidhauli, Uttar Pradesh","PENDING CALL",""
"626","BRDP20231213","Sonu Maurya","Meena Maurya","9549630227","48500","5","MCA","2023-2026","Hargaon, Uttar Pradesh","PENDING CALL",""
"627","BRDP20230793","Rekha Khan","Adarsh Khan","9190618829","48000","5","MCA","2023-2026","Patna, Uttar Pradesh","PENDING CALL",""
"628","BRDP20230089","Shivangi Agrahari","Deepak Agrahari","9747992958","47000","5","MCA","2023-2026","Patna, Uttar Pradesh","PENDING CALL",""
"629","BRDP20230549","Rohan Kanaujiya","Saumya Kanaujiya","9273897015","46000","5","MCA","2023-2026","Lakhimpur Kheri, Uttar Pradesh","PENDING CALL",""
"630","BRDP20231157","Sarita Maurya","Diwakar Maurya","9969233358","46000","5","MCA","2023-2026","Khairabad, Uttar Pradesh","PENDING CALL",""
"631","BRDP20230084","Gudiya Paswan","Aarav Paswan","9850181180","45500","5","MCA","2023-2026","Laharpur, Uttar Pradesh","PENDING CALL",""
"632","BRDP20231073","Raj Yadav","Sarita Yadav","9730016071","45500","5","MCA","2023-2026","Khairabad, Uttar Pradesh","PENDING CALL",""
"633","BRDP20230151","Gudiya Kanaujiya","Anamika Kanaujiya","9584471436","45000","5","MCA","2023-2026","Lucknow, Uttar Pradesh","PENDING CALL",""
"634","BRDP20230711","Subhendu Yadav","Roshani Yadav","9197246587","44500","5","MCA","2023-2026","Patna, Uttar Pradesh","PENDING CALL",""
"635","BRDP20230253","Iliyash Pal","Geeta Pal","9806594655","44000","5","BBA","2023-2026","Hargaon, Uttar Pradesh","PENDING CALL",""
"636","BRDP20230493","Suman Chaurasiya","Pooja Chaurasiya","9939921332","44000","5","BBA","2023-2026","Khairabad, Uttar Pradesh","PENDING CALL",""
"637","BRDP20230542","Laxmi Pal","Abhishek Pal","9111179121","44000","5","BBA","2023-2026","Sitapur Sadar, Uttar Pradesh","PENDING CALL",""
"638","BRDP20230586","Laxmi Srivastava","Ajay Srivastava","9245143218","44000","5","BBA","2023-2026","Kanpur, Uttar Pradesh","PENDING CALL",""
"639","BRDP20230690","Dipanshi Gautam","Sarita Gautam","9240939985","44000","5","BBA","2023-2026","Mohali, Uttar Pradesh","PENDING CALL",""
"640","BRDP20230796","Divyanshi Verma","Suman Verma","9709292352","44000","5","BBA","2023-2026","Maholi, Uttar Pradesh","PENDING CALL",""
"641","BRDP20230828","Manoj Singh","Sanjay Singh","9620164914","44000","5","BBA","2023-2026","Lakhimpur Kheri, Uttar Pradesh","PENDING CALL",""
"642","BRDP20230832","Laxmi Tiwari","Anita Tiwari","9840815510","44000","5","BBA","2023-2026","Mohali, Uttar Pradesh","PENDING CALL",""
"643","BRDP20230998","Meena Rathour","Vikas Rathour","9174812703","44000","5","BBA","2023-2026","Sidhauli, Uttar Pradesh","PENDING CALL",""
"644","BRDP20231159","Subhendu Sharma","Ravi Sharma","9888144173","44000","5","BBA","2023-2026","Biswan, Uttar Pradesh","PENDING CALL",""
"645","BRDP20231207","Nainsi Pandey","Pooja Pandey","9900899352","44000","5","BBA","2023-2026","Hargaon, Uttar Pradesh","PENDING CALL",""
"646","BRDP20230642","Anjali Singh","Kamlesh Singh","9786420999","43500","5","MCA","2023-2026","Hargaon, Uttar Pradesh","PENDING CALL",""
"647","BRDP20230404","Usha Gupta","Saumya Gupta","9981798665","42500","5","MCA","2023-2026","Khairabad, Uttar Pradesh","PENDING CALL",""
"648","BRDP20230532","Diwakar Kumar","Ananya Kumar","9671864969","42500","5","MCA","2023-2026","Kanpur, Uttar Pradesh","PENDING CALL",""
"649","BRDP20230285","Priya Singh","Gudiya Singh","9221639648","42000","5","B.Tech CSE","2023-2026","Biswan, Uttar Pradesh","PENDING CALL",""
"650","BRDP20230366","Pankaj Dubey","Vinod Dubey","9435114721","41000","5","MCA","2023-2026","Hargaon, Uttar Pradesh","PENDING CALL",""
"651","BRDP20230960","Saurabh Paswan","Suman Paswan","9787091869","41000","5","B.Tech CSE","2023-2026","Patna, Uttar Pradesh","PENDING CALL",""
"652","BRDP20231102","Manish Pandey","Aditya Pandey","9340376655","41000","5","B.Tech CSE","2023-2026","Lucknow, Uttar Pradesh","PENDING CALL",""
"653","BRDP20231245","Rajesh Khan","Dibya Khan","9941989090","41000","5","MCA","2023-2026","Kanpur, Uttar Pradesh","PENDING CALL",""
"654","BRDP20230362","Subhendu Shukla","Nainsi Shukla","9695497008","40500","5","MCA","2023-2026","Patna, Uttar Pradesh","PENDING CALL",""
"655","BRDP20230192","Vivek Khan","Aarti Khan","9673315011","40000","5","MCA","2023-2026","Khairabad, Uttar Pradesh","PENDING CALL",""
"656","BRDP20230311","Anamika Maurya","Pooja Maurya","9718906985","40000","5","B.Tech CSE","2023-2026","Sidhauli, Uttar Pradesh","PENDING CALL",""
"657","BRDP20230455","Deepak Dwivedi","Sani Dwivedi","9639123882","40000","5","BCA","2023-2026","Sidhauli, Uttar Pradesh","PENDING CALL",""
"658","BRDP20230524","Ramesh Kanaujiya","Mahek Kanaujiya","9533227737","40000","5","BCA","2023-2026","Biswan, Uttar Pradesh","PENDING CALL",""
"659","BRDP20230704","Priya Jaiswal","Anamika Jaiswal","9493857514","40000","5","BCA","2023-2026","Kanpur, Uttar Pradesh","PENDING CALL",""
"660","BRDP20230758","Anjali Chaurasiya","Naimish Chaurasiya","9639108757","40000","5","BCA","2023-2026","Sidhauli, Uttar Pradesh","PENDING CALL",""
"661","BRDP20231041","Suresh Pal","Sunil Pal","9190919689","40000","5","MCA","2023-2026","Mohali, Uttar Pradesh","PENDING CALL",""
"662","BRDP20231108","Roshani Yadav","Pooja Yadav","9296517259","40000","5","B.Tech CSE","2023-2026","Misrikh, Uttar Pradesh","PENDING CALL",""
"663","BRDP20231128","Usha Mishra","Shivam Mishra","9973337292","40000","5","BCA","2023-2026","Maholi, Uttar Pradesh","PENDING CALL",""
"664","BRDP20230694","Aarav Dubey","Rekha Dubey","9484875190","38500","5","B.Tech CSE","2023-2026","Sidhauli, Uttar Pradesh","PENDING CALL",""
"665","BRDP20230312","Aditya Kashyap","Amit Kashyap","9926116972","38000","5","B.Tech CSE","2023-2026","Hargaon, Uttar Pradesh","PENDING CALL",""
"666","BRDP20230947","Ashish Dubey","Pari Dubey","9709902613","38000","5","MCA","2023-2026","Khairabad, Uttar Pradesh","PENDING CALL",""
"667","BRDP20231150","Rahul Shukla","Alok Shukla","9278053036","37500","5","B.Tech CSE","2023-2026","Biswan, Uttar Pradesh","PENDING CALL",""
"668","BRDP20230489","Deepika Pal","Sandeep Pal","9414618063","37000","5","B.Tech CSE","2023-2026","Patna, Uttar Pradesh","PENDING CALL",""
"669","BRDP20230527","Ayush Mishra","Ramesh Mishra","9253612995","36500","5","BBA","2023-2026","Patna, Uttar Pradesh","PENDING CALL",""
"670","BRDP20230714","Dipanshi Jaiswal","Kavita Jaiswal","9754573618","36500","5","MCA","2023-2026","Hargaon, Uttar Pradesh","PENDING CALL",""
"671","BRDP20230342","Ananya Tripathi","Raj Tripathi","9364352811","35000","5","B.Tech CSE","2023-2026","Kanpur, Uttar Pradesh","PENDING CALL",""
"672","BRDP20230365","Naimish Agrahari","Dipanshi Agrahari","9957829244","35000","5","BBA","2023-2026","Lakhimpur Kheri, Uttar Pradesh","PENDING CALL",""
"673","BRDP20230466","Yashee Kashyap","Sonu Kashyap","9159005375","35000","5","BBA","2023-2026","Maholi, Uttar Pradesh","PENDING CALL",""
"674","BRDP20230517","Ayush Chaurasiya","Satish Chaurasiya","9976247675","35000","5","B.Tech CSE","2023-2026","Lakhimpur Kheri, Uttar Pradesh","PENDING CALL",""
"675","BRDP20230131","Satish Rajpoot","Shivani Rajpoot","9399202328","34000","5","B.Tech CSE","2023-2026","Misrikh, Uttar Pradesh","PENDING CALL",""
"676","BRDP20230380","Saumya Prajapati","Ashutosh Prajapati","9734412747","34000","5","BBA","2023-2026","Lakhimpur Kheri, Uttar Pradesh","PENDING CALL",""
"677","BRDP20230496","Sangita Giri","Yashee Giri","9565467776","34000","5","B.Tech CSE","2023-2026","Sitapur, Uttar Pradesh","PENDING CALL",""
"678","BRDP20230700","Rahul Rajpoot","Pooja Rajpoot","9429479326","34000","5","B.Tech CSE","2023-2026","Hargaon, Uttar Pradesh","PENDING CALL",""
"679","BRDP20230291","Aarav Devi","Vijay Devi","9790665604","33500","5","BBA","2023-2026","Kanpur, Uttar Pradesh","PENDING CALL",""
"680","BRDP20230827","Shivani Gupta","Rohan Gupta","9231542028","33500","5","B.Tech CSE","2023-2026","Laharpur, Uttar Pradesh","PENDING CALL",""
"681","BRDP20230115","Sonu Dubey","Shivani Dubey","9758878671","33000","5","BBA","2023-2026","Misrikh, Uttar Pradesh","PENDING CALL",""
"682","BRDP20231033","Satish Dubey","Vishal Dubey","9360467283","33000","5","BCA","2023-2026","Mohali, Uttar Pradesh","PENDING CALL",""
"683","BRDP20231135","Sunita Srivastava","Suman Srivastava","9665092818","33000","5","BCA","2023-2026","Maholi, Uttar Pradesh","PENDING CALL",""
"684","BRDP20230121","Pankaj Singh","Pari Singh","9758694447","32500","5","B.Tech CSE","2023-2026","Sitapur Sadar, Uttar Pradesh","PENDING CALL",""
"685","BRDP20230298","Ankul Sharma","Sani Sharma","9264037985","32500","5","BBA","2023-2026","Sitapur, Uttar Pradesh","PENDING CALL",""
"686","BRDP20230346","Sanjay Verma","Priya Verma","9447621771","32500","5","B.Tech CSE","2023-2026","Mohali, Uttar Pradesh","PENDING CALL",""
"687","BRDP20230574","Manish Kanaujiya","Dharmendra Kanaujiya","9112114861","32500","5","B.Tech CSE","2023-2026","Sidhauli, Uttar Pradesh","PENDING CALL",""
"688","BRDP20230614","Rekha Saini","Gudiya Saini","9939013328","32500","5","BBA","2023-2026","Sidhauli, Uttar Pradesh","PENDING CALL",""
"689","BRDP20230626","Suresh Mishra","Nainsi Mishra","9986917798","32500","5","BBA","2023-2026","Hargaon, Uttar Pradesh","PENDING CALL",""
"690","BRDP20230682","Sanjay Kumar","Laxmi Kumar","9472456770","32500","5","BBA","2023-2026","Misrikh, Uttar Pradesh","PENDING CALL",""
"691","BRDP20231134","Gudiya Rathour","Ashish Rathour","9608322037","32500","5","BCA","2023-2026","Sidhauli, Uttar Pradesh","PENDING CALL",""
"692","BRDP20230120","Ananya Rathour","Vivek Rathour","9634029992","32000","5","BBA","2023-2026","Mohali, Uttar Pradesh","PENDING CALL",""
"693","BRDP20230604","Roshani Chaurasiya","Suresh Chaurasiya","9735652521","31500","5","BCA","2023-2026","Sitapur Sadar, Uttar Pradesh","PENDING CALL",""
"694","BRDP20231121","Ayush Singh","Pankaj Singh","9328115671","31500","5","BCA","2023-2026","Patna, Uttar Pradesh","PENDING CALL",""
"695","BRDP20230181","Shivangi Kumar","Rekha Kumar","9691674187","31000","5","B.Tech CSE","2023-2026","Mohali, Uttar Pradesh","PENDING CALL",""
"696","BRDP20230349","Alok Kanaujiya","Asha Kanaujiya","9494129288","31000","5","BCA","2023-2026","Misrikh, Uttar Pradesh","PENDING CALL",""
"697","BRDP20231093","Rahul Prajapati","Priya Prajapati","9935598129","31000","5","BBA","2023-2026","Maholi, Uttar Pradesh","PENDING CALL",""
"698","BRDP20231095","Sandeep Pal","Seema Pal","9912330021","31000","5","BCA","2023-2026","Hargaon, Uttar Pradesh","PENDING CALL",""
"699","BRDP20230633","Vijay Singh","Ramesh Singh","9363066307","30500","5","BBA","2023-2026","Sidhauli, Uttar Pradesh","PENDING CALL",""
"700","BRDP20230959","Shivam Kumar","Deepika Kumar","9319082380","30500","5","BBA","2023-2026","Sitapur Sadar, Uttar Pradesh","PENDING CALL",""
"701","2350524010081","vinay sharma","ram kishor sharma","--","30000","1","B.Sc","2023-2026","SITAPUR","PENDING CALL",""
"702","2350524010081","vinay sharma","ram kishor sharma","--","30000","1","B.Sc","2023-2026","SITAPUR","PENDING CALL",""
"703","BRDP20230090","Saurabh Singh","Geeta Singh","9752320027","30000","5","MCA","2023-2026","Hargaon, Uttar Pradesh","PENDING CALL",""
"704","BRDP20230107","Ankul Paswan","Satish Paswan","9358787018","30000","5","MCA","2023-2026","Lucknow, Uttar Pradesh","PENDING CALL",""
"705","BRDP20230109","Avneesh Paswan","Priya Paswan","9813799151","30000","5","MCA","2023-2026","Maholi, Uttar Pradesh","PENDING CALL",""
"706","BRDP20230156","Anamika Giri","Shivangi Giri","9395948903","30000","5","MCA","2023-2026","Sitapur Sadar, Uttar Pradesh","PENDING CALL",""
"707","BRDP20230172","Dharmendra Verma","Rahul Verma","9295512608","30000","5","MCA","2023-2026","Biswan, Uttar Pradesh","PENDING CALL",""
"708","BRDP20260180","Meena Giri","Anita Giri","9325327293","30000","1","B.Sc","2026-2029","Lakhimpur Kheri, Uttar Pradesh","PENDING CALL",""
"709","BRDP20230318","Manish Dubey","Rohan Dubey","9231756389","30000","5","MCA","2023-2026","Sitapur Sadar, Uttar Pradesh","PENDING CALL",""
"710","BRDP20260381","Vinod Sharma","Geeta Sharma","9152099325","30000","1","B.Sc","2026-2029","Sidhauli, Uttar Pradesh","PENDING CALL",""
"711","BRDP20230384","Amit Prajapati","Pankaj Prajapati","9991694511","30000","5","MCA","2023-2026","Maholi, Uttar Pradesh","PENDING CALL",""
"712","BRDP20260396","Ravi Paswan","Geeta Paswan","9307219692","30000","1","B.Sc","2026-2029","Hargaon, Uttar Pradesh","PENDING CALL",""
"713","BRDP20260410","Asha Giri","Diwakar Giri","9974504004","30000","1","B.Sc","2026-2029","Lucknow, Uttar Pradesh","PENDING CALL",""
"714","BRDP20230421","Pushpendra Jaiswal","Vijay Jaiswal","9531766408","30000","5","MCA","2023-2026","Patna, Uttar Pradesh","PENDING CALL",""
"715","BRDP20230450","Ravi Maurya","Neha Maurya","9224353845","30000","5","MCA","2023-2026","Lakhimpur Kheri, Uttar Pradesh","PENDING CALL",""
"716","BRDP20230454","Shivam Khan","Kamlesh Khan","9558417205","30000","5","MCA","2023-2026","Mohali, Uttar Pradesh","PENDING CALL",""
"717","BRDP20230470","Avneesh Chaurasiya","Mahek Chaurasiya","9603646129","30000","5","MCA","2023-2026","Maholi, Uttar Pradesh","PENDING CALL",""
"718","BRDP20230498","Ramesh Tripathi","Pankaj Tripathi","9733135018","30000","5","MCA","2023-2026","Kanpur, Uttar Pradesh","PENDING CALL",""
"719","BRDP20260499","Vivek Devi","Rashi Devi","9455655403","30000","1","B.Sc","2026-2029","Misrikh, Uttar Pradesh","PENDING CALL",""
"720","BRDP20230509","Deepika Khan","Sonika Khan","9448438146","30000","5","MCA","2023-2026","Laharpur, Uttar Pradesh","PENDING CALL",""
"721","BRDP20260515","Dibya Pal","Ananya Pal","9525516656","30000","1","B.Sc","2026-2029","Laharpur, Uttar Pradesh","PENDING CALL",""
"722","BRDP20230519","Priya Agrahari","Pinku Agrahari","9633440129","30000","5","MCA","2023-2026","Khairabad, Uttar Pradesh","PENDING CALL",""
"723","BRDP20230528","Dipanshi Singh","Aditya Singh","9584293903","30000","5","MCA","2023-2026","Sitapur Sadar, Uttar Pradesh","PENDING CALL",""
"724","BRDP20230558","Sani Gupta","Deepika Gupta","9952028501","30000","5","MCA","2023-2026","Khairabad, Uttar Pradesh","PENDING CALL",""
"725","BRDP20230569","Sangita Kanaujiya","Vivek Kanaujiya","9609456977","30000","5","MCA","2023-2026","Lucknow, Uttar Pradesh","PENDING CALL",""
"726","BRDP20260571","Alok Rathour","Ananya Rathour","9987558346","30000","1","B.Sc","2026-2029","Hargaon, Uttar Pradesh","PENDING CALL",""
"727","BRDP20260598","Saumya Rathour","Ashish Rathour","9717047785","30000","1","B.Sc","2026-2029","Sitapur, Uttar Pradesh","PENDING CALL",""
"728","BRDP20230599","Asha Saini","Priya Saini","9931181089","30000","5","MCA","2023-2026","Sitapur, Uttar Pradesh","PENDING CALL",""
"729","BRDP20230622","Ankul Kanaujiya","Vinod Kanaujiya","9265388309","30000","5","MCA","2023-2026","Kanpur, Uttar Pradesh","PENDING CALL",""
"730","BRDP20230736","Subhendu Sharma","Ankul Sharma","9561231504","30000","5","MCA","2023-2026","Sidhauli, Uttar Pradesh","PENDING CALL",""
"731","BRDP20260808","Ashish Paswan","Rashi Paswan","9469591937","30000","1","B.Sc","2026-2029","Hargaon, Uttar Pradesh","PENDING CALL",""
"732","BRDP20230816","Shivani Rathour","Shivam Rathour","9896977994","30000","5","MCA","2023-2026","Patna, Uttar Pradesh","PENDING CALL",""
"733","BRDP20230877","Sarita Dwivedi","Sunil Dwivedi","9342313525","30000","5","MCA","2023-2026","Lucknow, Uttar Pradesh","PENDING CALL",""
"734","BRDP20231006","Ritu Paswan","Rohan Paswan","9109700747","30000","5","MCA","2023-2026","Lucknow, Uttar Pradesh","PENDING CALL",""
"735","BRDP20231116","Nainsi Gautam","Usha Gautam","9952076228","30000","5","MCA","2023-2026","Maholi, Uttar Pradesh","PENDING CALL",""
"736","BRDP20261145","Priya Srivastava","Vishal Srivastava","9458526645","30000","1","B.Sc","2026-2029","Biswan, Uttar Pradesh","PENDING CALL",""
"737","BRDP20231211","Sunita Pandey","Ankul Pandey","9396511149","30000","5","BCA","2023-2026","Sitapur Sadar, Uttar Pradesh","PENDING CALL",""
"738","BRDP20261217","Rajesh Dwivedi","Kamlesh Dwivedi","9323159246","30000","1","B.Sc","2026-2029","Misrikh, Uttar Pradesh","PENDING CALL",""
"739","BRDP20261241","Diwakar Maurya","Manoj Maurya","9794605482","30000","1","B.Sc","2026-2029","Hargaon, Uttar Pradesh","PENDING CALL",""
"740","26","AARYA VERMA","TARUN KUMAR VERMA ","--","29999.75","1","B.Sc","2026-2029","SITAPUR","PENDING CALL",""
"741","31","SHIVAM VERMA","UMASHANKAR","--","29500","1","B.Sc","2026-2029","SITAPUR","PENDING CALL",""
"742","0","YASHEE SHUKLA ","PUSHKAR KUMAR SHUKLA ","--","29000","1","B.Sc","2026-2029","sitapur","PENDING CALL",""
"743","18","PRIYA PANDEY","JAI KUMAR PANDEY","--","29000","1","B.Sc","2026-2029","SITAPUR
SITAPUR","PENDING CALL",""
"744","6","NAINSI YADAV","SARVESH KUMAR ","--","29000","1","BA","2026-2029","SITAPUR
SITAPUR","PENDING CALL",""
"745","20","vivek ","shiv lal","--","29000","1","B.Sc","2026-2029","SITAPUR
SITAPUR","PENDING CALL",""
"746","22","DIWAKAR PANDEY","PRADEEP KUMAR PANDEY","--","29000","1","B.Sc","2026-2029","sitapur","PENDING CALL",""
"747","29","VISHAL SHARMA ","VINOD KUMAR","--","29000","1","B.Sc","2026-2029","SITAPUR","PENDING CALL",""
"748","29","VISHAL SHARMA ","VINOD KUMAR ","--","29000","1","B.Sc","2026-2029","SITAPUR","PENDING CALL",""
"749","10089","Test User","Test","--","29000","1","B.Sc","2026-2029","India","PENDING CALL",""
"750","BRDP20230293","Vivek Shukla","Sonu Shukla","9992285323","29000","5","BBA","2023-2026","Maholi, Uttar Pradesh","PENDING CALL",""
"751","BRDP20230792","Sangita Paswan","Diwakar Paswan","9800766663","29000","5","BCA","2023-2026","Sitapur, Uttar Pradesh","PENDING CALL",""
"752","BRDP20230807","Sunita Jaiswal","Prateek Jaiswal","9374832552","29000","5","BCA","2023-2026","Hargaon, Uttar Pradesh","PENDING CALL",""
"753","BRDP20231173","Vinod Khan","Vishal Khan","9883159879","29000","5","BBA","2023-2026","Lakhimpur Kheri, Uttar Pradesh","PENDING CALL",""
"754","0","AVNEESH KUMAR ","VIDYA SAGAR ","--","28500","1","B.Sc","2026-2029","SITAPUR
SITAPUR","PENDING CALL",""
"755","16","AYUSH KANAUJIYA ","VED PRAKASH ","--","28500","1","B.Sc","2026-2029","SITAPUR","PENDING CALL",""
"756","BRDP20230486","Nainsi Pal","Ramesh Pal","9990138113","28500","5","BCA","2023-2026","Lucknow, Uttar Pradesh","PENDING CALL",""
"757","BRDP20230655","Iliyash Verma","Naimish Verma","9976795304","28500","5","BCA","2023-2026","Sidhauli, Uttar Pradesh","PENDING CALL",""
"758","BRDP20260924","Mahek Kumar","Ayush Kumar","9821567911","28500","1","B.Sc","2026-2029","Misrikh, Uttar Pradesh","PENDING CALL",""
"759","07","ASHUTOSH SRIVASTAVA","VINOD KUMAR SRIVASTAVA","--","28000","1","B.Sc","2026-2029","SITAPUR
SITAPUR","PENDING CALL",""
"760","usha","ashutosh","verma","--","28000","1","B.Sc","2026-2029","VILL MOHIDDINPUR PO DISTT SITAPUR","PENDING CALL",""
"761","17","ABHISHEK KUMAR ","SAMVARI ","--","28000","1","B.Sc","2026-2029","sitapur","PENDING CALL",""
"762","20","SONIKA RAJPOOT ","RAMCHANDRA  RAJPOOT ","--","28000","1","B.Sc","2026-2029","sitapur","PENDING CALL",""
"763","21","SAURABH PAL","HANSRAM","--","28000","1","B.Sc","2026-2029","SITAPUR","PENDING CALL",""
"764","BRDP20260139","Vikas Sharma","Subhendu Sharma","9668199385","28000","1","B.Sc","2026-2029","Laharpur, Uttar Pradesh","PENDING CALL",""
"765","BRDP20260289","Anamika Maurya","Sangita Maurya","9712124738","28000","1","B.Sc","2026-2029","Biswan, Uttar Pradesh","PENDING CALL",""
"766","BRDP20260649","Aarav Saini","Sunita Saini","9274835572","28000","1","B.Sc","2026-2029","Lucknow, Uttar Pradesh","PENDING CALL",""
"767","BRDP20230955","Laxmi Gupta","Manoj Gupta","9476944836","28000","5","BBA","2023-2026","Kanpur, Uttar Pradesh","PENDING CALL",""
"768","BRDP20231100","Anjali Tripathi","Ananya Tripathi","9932282186","28000","5","BBA","2023-2026","Hargaon, Uttar Pradesh","PENDING CALL",""
"769","BRDP20230343","Roshani Verma","Divanshi Verma","9930206104","27500","5","BCA","2023-2026","Mohali, Uttar Pradesh","PENDING CALL",""
"770","BRDP20260393","Ramesh Verma","Vijay Verma","9162347479","27500","1","B.Sc","2026-2029","Patna, Uttar Pradesh","PENDING CALL",""
"771","BRDP20260401","Laxmi Gupta","Seema Gupta","9753110846","27500","1","B.Sc","2026-2029","Mohali, Uttar Pradesh","PENDING CALL",""
"772","BRDP20260483","Amit Kanaujiya","Sarita Kanaujiya","9975937726","27500","1","B.Sc","2026-2029","Mohali, Uttar Pradesh","PENDING CALL",""
"773","BRDP20230495","Alok Chaurasiya","Suman Chaurasiya","9597367682","27500","5","BCA","2023-2026","Lucknow, Uttar Pradesh","PENDING CALL",""
"774","BRDP20260619","Pushpendra Kashyap","Ayush Kashyap","9144971912","27500","1","B.Sc","2026-2029","Biswan, Uttar Pradesh","PENDING CALL",""
"775","BRDP20260981","Aarti Dwivedi","Prateek Dwivedi","9304858524","27500","1","B.Sc","2026-2029","Mohali, Uttar Pradesh","PENDING CALL",""
"776","BRDP20231079","Aarya Sharma","Neha Sharma","9890273787","27500","5","BCA","2023-2026","Sitapur Sadar, Uttar Pradesh","PENDING CALL",""
"777","BRDP20261182","Sunil Chaurasiya","Ashutosh Chaurasiya","9472275678","27500","1","B.Sc","2026-2029","Sitapur Sadar, Uttar Pradesh","PENDING CALL",""
"778","0","SANI ","BHUPENDRA KUMAR","--","27000","1","B.Sc","2026-2029","SITAPUR
","PENDING CALL",""
"779","13","LAXMI ","RAMLAKHAN ","--","27000","1","B.Sc","2026-2029","kheri ","PENDING CALL",""
"780","27","PARI GUPTA","DEEPU GUPTA ","--","27000","1","B.Sc","2026-2029","SITAPUR","PENDING CALL",""
"781","28","RASHI KANOJIYA ","RAMCHANDRA","--","27000","1","B.Sc","2026-2029","SITAPUR","PENDING CALL",""
"782","BRDP20260334","Seema Yadav","Saumya Yadav","9424648520","27000","1","B.Sc","2026-2029","Misrikh, Uttar Pradesh","PENDING CALL",""
"783","BRDP20260518","Vikas Kanaujiya","Kamlesh Kanaujiya","9831833363","27000","1","B.Sc","2026-2029","Maholi, Uttar Pradesh","PENDING CALL",""
"784","BRDP20230573","Avneesh Rajpoot","Ankul Rajpoot","9144952827","27000","5","BBA","2023-2026","Sidhauli, Uttar Pradesh","PENDING CALL",""
"785","BRDP20260692","Satish Giri","Kamlesh Giri","9675371525","27000","1","B.Sc","2026-2029","Sitapur Sadar, Uttar Pradesh","PENDING CALL",""
"786","BRDP20230719","Prateek Dwivedi","Sarita Dwivedi","9954848731","27000","5","BCA","2023-2026","Patna, Uttar Pradesh","PENDING CALL",""
"787","BRDP20260772","Satish Giri","Pooja Giri","9229766976","27000","1","B.Sc","2026-2029","Lakhimpur Kheri, Uttar Pradesh","PENDING CALL",""
"788","BRDP20260908","Laxmi Rajpoot","Kavita Rajpoot","9125518830","27000","1","B.Sc","2026-2029","Hargaon, Uttar Pradesh","PENDING CALL",""
"789","BRDP20260976","Geeta Kumar","Raj Kumar","9653899488","27000","1","B.Sc","2026-2029","Sidhauli, Uttar Pradesh","PENDING CALL",""
"790","BRDP20231005","Shivani Jaiswal","Satish Jaiswal","9601934057","27000","5","BBA","2023-2026","Lucknow, Uttar Pradesh","PENDING CALL",""
"791","BRDP20261223","Deepika Gautam","Ramesh Gautam","9582051685","27000","1","B.Sc","2026-2029","Lakhimpur Kheri, Uttar Pradesh","PENDING CALL",""
"792","BRDP20230226","Divanshi Kanaujiya","Sanjay Kanaujiya","9807335445","26500","5","BBA","2023-2026","Laharpur, Uttar Pradesh","PENDING CALL",""
"793","BRDP20230332","Deepak Agrahari","Sonika Agrahari","9732494098","26500","5","BBA","2023-2026","Sidhauli, Uttar Pradesh","PENDING CALL",""
"794","BRDP20260522","Anita Shukla","Yashee Shukla","9239247824","26500","1","B.Sc","2026-2029","Sidhauli, Uttar Pradesh","PENDING CALL",""
"795","BRDP20260678","Suman Devi","Mahek Devi","9377394887","26500","1","B.Sc","2026-2029","Laharpur, Uttar Pradesh","PENDING CALL",""
"796","BRDP20260997","Sunil Pandey","Ritu Pandey","9584729459","26500","1","B.Sc","2026-2029","Hargaon, Uttar Pradesh","PENDING CALL",""
"797","03","NAIMISH KUMAR","ASHOK KUMAR","--","26000","1","B.Sc","2026-2029","SITAPUR
SITAPUR","PENDING CALL",""
"798","12","SAUMYA PAL","ANRUDDH KUMAR ","--","26000","1","B.Sc","2026-2029","SITAPUR
SITAPUR","PENDING CALL",""
"799","BRDP20260125","Geeta Khan","Anjali Khan","9944217707","26000","1","B.Sc","2026-2029","Misrikh, Uttar Pradesh","PENDING CALL",""
"800","BRDP20260872","Rahul Khan","Anita Khan","9470280439","26000","1","B.Sc","2026-2029","Maholi, Uttar Pradesh","PENDING CALL",""
"801","BRDP20231052","Vishal Saini","Priya Saini","9542806971","26000","5","BCA","2023-2026","Sidhauli, Uttar Pradesh","PENDING CALL",""
"802","BRDP20231165","Ashutosh Saini","Shivangi Saini","9228668558","26000","5","BCA","2023-2026","Sitapur Sadar, Uttar Pradesh","PENDING CALL",""
"803","BRDP20261249","Vinay Khan","Saurabh Khan","9135536871","26000","1","B.Sc","2026-2029","Sitapur, Uttar Pradesh","PENDING CALL",""
"804","BRDP20230840","Ankul Rathour","Prateek Rathour","9332907702","25500","5","BCA","2023-2026","Lakhimpur Kheri, Uttar Pradesh","PENDING CALL",""
"805","BRDP20230856","Kamlesh Prajapati","Roshani Prajapati","9860651356","25500","5","BCA","2023-2026","Sitapur, Uttar Pradesh","PENDING CALL",""
"806","2350524010081","vinay sharma","ram kishor sharma","--","25000","1","B.Sc","2023-2026","SITAPUR","PENDING CALL",""
"807","6","ALOK ","SATISH KUMAR ","--","25000","1","B.Sc","2026-2029","SITAPUR
","PENDING CALL",""
"808","15","ANAMIKA VERMA ","PRADEEP KUMAR VERMA ","--","25000","1","B.Sc","2026-2029","sitapur ","PENDING CALL",""
"809","19","RAVI RAJ","RAM SAGAR","--","25000","1","B.Sc","2026-2029","sitapur","PENDING CALL",""
"810","24","AYUSH PANDEY","DAYANIDHI PANDEY","--","25000","1","B.Sc","2026-2029","SITAPUR","PENDING CALL",""
"811","30","PUSHPENDRA","KAPTAN","--","25000","1","B.Sc","2026-2029","SITAPUR","PENDING CALL",""
"812","31","PRATEEK GUPTA ","ARUN KUMAR GUPTA ","--","25000","1","B.Sc","2026-2029","SITAPUR","PENDING CALL",""
"813","BRDP20230147","Rajesh Pandey","Subhendu Pandey","9417362396","25000","5","B.Tech CSE","2023-2026","Patna, Uttar Pradesh","PENDING CALL",""
"814","BRDP20250167","Alok Tiwari","Shivangi Tiwari","9174791461","25000","2","B.Sc","2025-2028","Laharpur, Uttar Pradesh","PENDING CALL",""
"815","BRDP20260188","Aarav Yadav","Priya Yadav","9954436709","25000","1","B.Sc","2026-2029","Biswan, Uttar Pradesh","PENDING CALL",""
"816","BRDP20230190","Anjali Rathour","Seema Rathour","9460314637","25000","5","B.Tech CSE","2023-2026","Patna, Uttar Pradesh","PENDING CALL",""
"817","BRDP20230221","Manish Rajpoot","Neha Rajpoot","9287110096","25000","5","B.Tech CSE","2023-2026","Laharpur, Uttar Pradesh","PENDING CALL",""
"818","BRDP20260237","Sandeep Kanaujiya","Ashish Kanaujiya","9828440549","25000","1","B.Sc","2026-2029","Biswan, Uttar Pradesh","PENDING CALL",""
"819","BRDP20230268","Aarya Kumar","Prateek Kumar","9178426673","25000","5","B.Tech CSE","2023-2026","Sidhauli, Uttar Pradesh","PENDING CALL",""
"820","BRDP20230290","Divanshi Dwivedi","Avneesh Dwivedi","9955663112","25000","5","B.Tech CSE","2023-2026","Sitapur, Uttar Pradesh","PENDING CALL",""
"821","BRDP20250304","Vivek Pandey","Geeta Pandey","9423451090","25000","2","B.Sc","2025-2028","Lucknow, Uttar Pradesh","PENDING CALL",""
"822","BRDP20230317","Anamika Maurya","Sunil Maurya","9201580802","25000","5","B.Tech CSE","2023-2026","Sitapur Sadar, Uttar Pradesh","PENDING CALL",""
"823","BRDP20230420","Manoj Gautam","Ritu Gautam","9534145890","25000","5","B.Tech CSE","2023-2026","Hargaon, Uttar Pradesh","PENDING CALL",""
"824","BRDP20260425","Ritu Rathour","Raj Rathour","9629191583","25000","1","B.Sc","2026-2029","Khairabad, Uttar Pradesh","PENDING CALL",""
"825","BRDP20260457","Anamika Mishra","Shivangi Mishra","9750077783","25000","1","B.Sc","2026-2029","Kanpur, Uttar Pradesh","PENDING CALL",""
"826","BRDP20260472","Deepak Singh","Subhendu Singh","9964544743","25000","1","B.Sc","2026-2029","Sitapur Sadar, Uttar Pradesh","PENDING CALL",""
"827","BRDP20250504","Satish Shukla","Sarita Shukla","9131347262","25000","2","B.Sc","2025-2028","Khairabad, Uttar Pradesh","PENDING CALL",""
"828","BRDP20250591","Vishal Yadav","Sunita Yadav","9911298287","25000","2","B.Sc","2025-2028","Kanpur, Uttar Pradesh","PENDING CALL",""
"829","BRDP20230629","Divanshi Gupta","Sangita Gupta","9477931599","25000","5","B.Tech CSE","2023-2026","Sitapur Sadar, Uttar Pradesh","PENDING CALL",""
"830","BRDP20230634","Neha Rajpoot","Sandeep Rajpoot","9818701483","25000","5","B.Tech CSE","2023-2026","Misrikh, Uttar Pradesh","PENDING CALL",""
"831","BRDP20260703","Naimish Tiwari","Saurabh Tiwari","9808689202","25000","1","B.Sc","2026-2029","Misrikh, Uttar Pradesh","PENDING CALL",""
"832","BRDP20250721","Manish Shukla","Manoj Shukla","9492248277","25000","2","B.Sc","2025-2028","Khairabad, Uttar Pradesh","PENDING CALL",""
"833","BRDP20250745","Prateek Yadav","Priya Yadav","9194277998","25000","2","B.Sc","2025-2028","Misrikh, Uttar Pradesh","PENDING CALL",""
"834","BRDP20230752","Deepak Prajapati","Sunita Prajapati","9320051169","25000","5","B.Tech CSE","2023-2026","Maholi, Uttar Pradesh","PENDING CALL",""
"835","BRDP20260773","Prateek Agrahari","Shivangi Agrahari","9460024323","25000","1","B.Sc","2026-2029","Lucknow, Uttar Pradesh","PENDING CALL",""
"836","BRDP20250857","Adarsh Kumar","Shivangi Kumar","9275483305","25000","2","B.Sc","2025-2028","Maholi, Uttar Pradesh","PENDING CALL",""
"837","BRDP20230870","Deepak Kanaujiya","Manoj Kanaujiya","9175960537","25000","5","B.Tech CSE","2023-2026","Lucknow, Uttar Pradesh","PENDING CALL",""
"838","BRDP20260888","Vivek Gautam","Asha Gautam","9950514688","25000","1","B.Sc","2026-2029","Sitapur Sadar, Uttar Pradesh","PENDING CALL",""
"839","BRDP20230904","Priya Paswan","Pankaj Paswan","9498908092","25000","5","B.Tech CSE","2023-2026","Kanpur, Uttar Pradesh","PENDING CALL",""
"840","BRDP20260910","Vikas Giri","Ananya Giri","9280731703","25000","1","B.Sc","2026-2029","Sidhauli, Uttar Pradesh","PENDING CALL",""
"841","BRDP20260923","Subhendu Dubey","Suresh Dubey","9163434634","25000","1","B.Sc","2026-2029","Sitapur, Uttar Pradesh","PENDING CALL",""
"842","BRDP20260932","Sarita Dwivedi","Sani Dwivedi","9169039176","25000","1","B.Sc","2026-2029","Biswan, Uttar Pradesh","PENDING CALL",""
"843","BRDP20250934","Pankaj Pandey","Ravi Pandey","9993135613","25000","2","B.Sc","2025-2028","Khairabad, Uttar Pradesh","PENDING CALL",""
"844","BRDP20260973","Seema Kanaujiya","Mahek Kanaujiya","9479551880","25000","1","B.Sc","2026-2029","Maholi, Uttar Pradesh","PENDING CALL",""
"845","BRDP20250975","Meena Dubey","Nainsi Dubey","9423356256","25000","2","B.Sc","2025-2028","Patna, Uttar Pradesh","PENDING CALL",""
"846","BRDP20261077","Ritu Chaurasiya","Shivam Chaurasiya","9442011879","25000","1","B.Sc","2026-2029","Khairabad, Uttar Pradesh","PENDING CALL",""
"847","BRDP20231106","Sunil Agrahari","Dibya Agrahari","9674103778","25000","5","B.Tech CSE","2023-2026","Lakhimpur Kheri, Uttar Pradesh","PENDING CALL",""
"848","BRDP20261133","Neha Kashyap","Sanjay Kashyap","9850763607","25000","1","B.Sc","2026-2029","Khairabad, Uttar Pradesh","PENDING CALL",""
"849","BRDP20231155","Priya Khan","Manish Khan","9648078217","25000","5","B.Tech CSE","2023-2026","Sitapur, Uttar Pradesh","PENDING CALL",""
"850","BRDP20261176","Divanshi Dwivedi","Shivangi Dwivedi","9801013786","25000","1","B.Sc","2026-2029","Mohali, Uttar Pradesh","PENDING CALL",""
"851","BRDP20261206","Neha Dubey","Ananya Dubey","9914041078","25000","1","B.Sc","2026-2029","Lakhimpur Kheri, Uttar Pradesh","PENDING CALL",""
"852","BRDP20231209","Neha Kanaujiya","Ashutosh Kanaujiya","9197136167","25000","5","B.Tech CSE","2023-2026","Hargaon, Uttar Pradesh","PENDING CALL",""
"853","BRDP20231247","Ananya Devi","Kamlesh Devi","9274783952","25000","5","B.Tech CSE","2023-2026","Sitapur, Uttar Pradesh","PENDING CALL",""
"854","BRDP20230175","Sani Agrahari","Ashutosh Agrahari","9643156549","24000","5","BCA","2023-2026","Kanpur, Uttar Pradesh","PENDING CALL",""
"855","BRDP20251012","Deepak Dwivedi","Pankaj Dwivedi","9830507909","23500","2","B.Sc","2025-2028","Sitapur Sadar, Uttar Pradesh","PENDING CALL",""
"856","BRDP20250187","Ayush Agrahari","Pinku Agrahari","9786444132","23000","2","B.Sc","2025-2028","Sitapur Sadar, Uttar Pradesh","PENDING CALL",""
"857","BRDP20250350","Ananya Rathour","Pankaj Rathour","9665414936","23000","2","B.Sc","2025-2028","Sitapur, Uttar Pradesh","PENDING CALL",""
"858","BRDP20250683","Sangita Singh","Ananya Singh","9245285713","23000","2","B.Sc","2025-2028","Lucknow, Uttar Pradesh","PENDING CALL",""
"859","BRDP20250995","Dibya Gautam","Avneesh Gautam","9134471748","23000","2","B.Sc","2025-2028","Khairabad, Uttar Pradesh","PENDING CALL",""
"860","BRDP20251231","Iliyash Devi","Pushpendra Devi","9685965686","23000","2","B.Sc","2025-2028","Maholi, Uttar Pradesh","PENDING CALL",""
"861","BRDP20250373","Rekha Gupta","Manish Gupta","9799456088","22500","2","B.Sc","2025-2028","Kanpur, Uttar Pradesh","PENDING CALL",""
"862","BRDP20250727","Ravi Pal","Ankul Pal","9167937530","22500","2","B.Sc","2025-2028","Lucknow, Uttar Pradesh","PENDING CALL",""
"863","BRDP20250852","Divyanshi Shukla","Vikas Shukla","9579584915","22500","2","B.Sc","2025-2028","Sidhauli, Uttar Pradesh","PENDING CALL",""
"864","BRDP20251174","Abhishek Saini","Aarya Saini","9641283125","22500","2","B.Sc","2025-2028","Lucknow, Uttar Pradesh","PENDING CALL",""
"865","BRDP20230228","Rashi Chaurasiya","Sangita Chaurasiya","9773730269","22000","5","BBA","2023-2026","Kanpur, Uttar Pradesh","PENDING CALL",""
"866","BRDP20230282","Seema Sharma","Shivam Sharma","9311047121","22000","5","BBA","2023-2026","Hargaon, Uttar Pradesh","PENDING CALL",""
"867","BRDP20230320","Roshani Singh","Avneesh Singh","9514426673","22000","5","BBA","2023-2026","Misrikh, Uttar Pradesh","PENDING CALL",""
"868","BRDP20230327","Dharmendra Srivastava","Rajesh Srivastava","9186837352","22000","5","BBA","2023-2026","Misrikh, Uttar Pradesh","PENDING CALL",""
"869","BRDP20230398","Shivam Paswan","Roshani Paswan","9749744042","22000","5","BBA","2023-2026","Sitapur Sadar, Uttar Pradesh","PENDING CALL",""
"870","BRDP20230414","Anjali Chaurasiya","Sarita Chaurasiya","9550518037","22000","5","BBA","2023-2026","Hargaon, Uttar Pradesh","PENDING CALL",""
"871","BRDP20250444","Satish Shukla","Satish Shukla","9559188283","22000","2","B.Sc","2025-2028","Maholi, Uttar Pradesh","PENDING CALL",""
"872","BRDP20230471","Laxmi Tripathi","Amit Tripathi","9241399947","22000","5","BBA","2023-2026","Kanpur, Uttar Pradesh","PENDING CALL",""
"873","BRDP20230505","Pinku Rathour","Pari Rathour","9541393605","22000","5","BBA","2023-2026","Laharpur, Uttar Pradesh","PENDING CALL",""
"874","BRDP20230521","Divyanshi Dwivedi","Anjali Dwivedi","9674068524","22000","5","BBA","2023-2026","Kanpur, Uttar Pradesh","PENDING CALL",""
"875","BRDP20250529","Nainsi Gupta","Abhishek Gupta","9743521739","22000","2","B.Sc","2025-2028","Laharpur, Uttar Pradesh","PENDING CALL",""
"876","BRDP20230544","Saurabh Dwivedi","Ramesh Dwivedi","9288010825","22000","5","BBA","2023-2026","Sidhauli, Uttar Pradesh","PENDING CALL",""
"877","BRDP20230688","Sonika Kumar","Rahul Kumar","9476303466","22000","5","BBA","2023-2026","Patna, Uttar Pradesh","PENDING CALL",""
"878","BRDP20230720","Laxmi Chaurasiya","Laxmi Chaurasiya","9635355323","22000","5","BBA","2023-2026","Sidhauli, Uttar Pradesh","PENDING CALL",""
"879","BRDP20230742","Avneesh Pandey","Adarsh Pandey","9842399513","22000","5","BBA","2023-2026","Kanpur, Uttar Pradesh","PENDING CALL",""
"880","BRDP20230821","Sonu Chaurasiya","Sani Chaurasiya","9272909657","22000","5","BBA","2023-2026","Hargaon, Uttar Pradesh","PENDING CALL",""
"881","BRDP20230836","Deepak Prajapati","Sani Prajapati","9145138997","22000","5","BBA","2023-2026","Mohali, Uttar Pradesh","PENDING CALL",""
"882","BRDP20230886","Anita Sharma","Roshani Sharma","9238672774","22000","5","BBA","2023-2026","Sitapur, Uttar Pradesh","PENDING CALL",""
"883","BRDP20230978","Shivangi Gautam","Pushpendra Gautam","9964101852","22000","5","BBA","2023-2026","Sitapur Sadar, Uttar Pradesh","PENDING CALL",""
"884","BRDP20231024","Geeta Rajpoot","Seema Rajpoot","9526608313","22000","5","BBA","2023-2026","Patna, Uttar Pradesh","PENDING CALL",""
"885","BRDP20231120","Aarya Srivastava","Anita Srivastava","9228461929","22000","5","BBA","2023-2026","Patna, Uttar Pradesh","PENDING CALL",""
"886","BRDP20231184","Abhishek Giri","Saumya Giri","9538785010","22000","5","BBA","2023-2026","Sidhauli, Uttar Pradesh","PENDING CALL",""
"887","BRDP20251187","Ankul Shukla","Ayush Shukla","9186239663","22000","2","B.Sc","2025-2028","Laharpur, Uttar Pradesh","PENDING CALL",""
"888","BRDP20231205","Alok Tripathi","Saurabh Tripathi","9420557183","22000","5","BBA","2023-2026","Misrikh, Uttar Pradesh","PENDING CALL",""
"889","BRDP20231222","Sarita Srivastava","Neha Srivastava","9961440583","22000","5","BBA","2023-2026","Kanpur, Uttar Pradesh","PENDING CALL",""
"890","BRDP20231228","Saumya Kumar","Deepak Kumar","9760140915","22000","5","BBA","2023-2026","Sitapur, Uttar Pradesh","PENDING CALL",""
"891","C-006","Marvin Glenn","Armando Norman","--","21740","1","B.Sc","2026-2029","test address","PENDING CALL",""
"892","BRDP20250088","Deepa Kumar","Pooja Kumar","9825313119","21500","2","B.Sc","2025-2028","Mohali, Uttar Pradesh","PENDING CALL",""
"893","BRDP20250339","Mahek Shukla","Vijay Shukla","9746220144","21500","2","B.Sc","2025-2028","Kanpur, Uttar Pradesh","PENDING CALL",""
"894","BRDP20251066","Ravi Gupta","Aditya Gupta","9281284144","21500","2","B.Sc","2025-2028","Biswan, Uttar Pradesh","PENDING CALL",""
"895","BRDP20251105","Aditya Rathour","Sangita Rathour","9527987529","21500","2","B.Sc","2025-2028","Mohali, Uttar Pradesh","PENDING CALL",""
"896","BRDP20250389","Nainsi Paswan","Vivek Paswan","9639644175","21000","2","B.Sc","2025-2028","Sitapur Sadar, Uttar Pradesh","PENDING CALL",""
"897","BRDP20240093","Pari Mishra","Sonu Mishra","9689261218","20000","3","B.Sc","2024-2027","Khairabad, Uttar Pradesh","PENDING CALL",""
"898","BRDP20230133","Subhendu Agrahari","Sonu Agrahari","9278621958","20000","5","BCA","2023-2026","Maholi, Uttar Pradesh","PENDING CALL",""
"899","BRDP20240138","Geeta Kashyap","Ayush Kashyap","9386457173","20000","3","B.Sc","2024-2027","Sidhauli, Uttar Pradesh","PENDING CALL",""
"900","BRDP20230176","Aditya Pandey","Seema Pandey","9108172076","20000","5","BCA","2023-2026","Kanpur, Uttar Pradesh","PENDING CALL",""
"901","BRDP20230219","Deepika Gupta","Sandeep Gupta","9974861110","20000","5","BCA","2023-2026","Lakhimpur Kheri, Uttar Pradesh","PENDING CALL",""
"902","BRDP20230252","Manish Verma","Pankaj Verma","9574922109","20000","5","BCA","2023-2026","Biswan, Uttar Pradesh","PENDING CALL",""
"903","BRDP20250257","Sunil Shukla","Pooja Shukla","9440679022","20000","2","B.Sc","2025-2028","Laharpur, Uttar Pradesh","PENDING CALL",""
"904","BRDP20240301","Abhishek Kumar","Ritu Kumar","9888024831","20000","3","B.Sc","2024-2027","Patna, Uttar Pradesh","PENDING CALL",""
"905","BRDP20250309","Ramesh Maurya","Amit Maurya","9562206999","20000","2","B.Sc","2025-2028","Kanpur, Uttar Pradesh","PENDING CALL",""
"906","BRDP20250315","Raj Verma","Sonu Verma","9704078355","20000","2","B.Sc","2025-2028","Biswan, Uttar Pradesh","PENDING CALL",""
"907","BRDP20230405","Shivangi Singh","Prateek Singh","9380709913","20000","5","BCA","2023-2026","Sitapur Sadar, Uttar Pradesh","PENDING CALL",""
"908","BRDP20230478","Gudiya Verma","Anjali Verma","9463647356","20000","5","BCA","2023-2026","Sitapur Sadar, Uttar Pradesh","PENDING CALL",""
"909","BRDP20250507","Rahul Devi","Vijay Devi","9898633880","20000","2","B.Sc","2025-2028","Khairabad, Uttar Pradesh","PENDING CALL",""
"910","BRDP20230546","Sonika Mishra","Sonu Mishra","9902341160","20000","5","BCA","2023-2026","Laharpur, Uttar Pradesh","PENDING CALL",""
"911","BRDP20250568","Aarav Shukla","Anita Shukla","9805537855","20000","2","B.Sc","2025-2028","Kanpur, Uttar Pradesh","PENDING CALL",""
"912","BRDP20250575","Vinod Srivastava","Avneesh Srivastava","9971608286","20000","2","B.Sc","2025-2028","Kanpur, Uttar Pradesh","PENDING CALL",""
"913","BRDP20250658","Priya Paswan","Vijay Paswan","9917761350","20000","2","B.Sc","2025-2028","Khairabad, Uttar Pradesh","PENDING CALL",""
"914","BRDP20250743","Ajay Srivastava","Asha Srivastava","9228124475","20000","2","B.Sc","2025-2028","Lucknow, Uttar Pradesh","PENDING CALL",""
"915","BRDP20250786","Vinod Jaiswal","Ashutosh Jaiswal","9677261501","20000","2","B.Sc","2025-2028","Lakhimpur Kheri, Uttar Pradesh","PENDING CALL",""
"916","BRDP20230850","Ritu Prajapati","Pooja Prajapati","9881703698","20000","5","BCA","2023-2026","Lucknow, Uttar Pradesh","PENDING CALL",""
"917","BRDP20230952","Neha Khan","Subhendu Khan","9650118278","20000","5","BCA","2023-2026","Sitapur Sadar, Uttar Pradesh","PENDING CALL",""
"918","BRDP20251020","Priya Yadav","Shivangi Yadav","9969242408","20000","2","B.Sc","2025-2028","Kanpur, Uttar Pradesh","PENDING CALL",""
"919","BRDP20241023","Rohan Sharma","Roshani Sharma","9431250797","20000","3","B.Sc","2024-2027","Sidhauli, Uttar Pradesh","PENDING CALL",""
"920","BRDP20251045","Anita Singh","Amit Singh","9802272727","20000","2","B.Sc","2025-2028","Khairabad, Uttar Pradesh","PENDING CALL",""
"921","BRDP20241046","Divanshi Tripathi","Pinku Tripathi","9416806983","20000","3","B.Sc","2024-2027","Misrikh, Uttar Pradesh","PENDING CALL",""
"922","BRDP20241080","Satish Chaurasiya","Adarsh Chaurasiya","9416683918","20000","3","B.Sc","2024-2027","Sitapur, Uttar Pradesh","PENDING CALL",""
"923","BRDP20231082","Aditya Saini","Avneesh Saini","9484232989","20000","5","BCA","2023-2026","Sitapur, Uttar Pradesh","PENDING CALL",""
"924","BRDP20251101","Geeta Kanaujiya","Adarsh Kanaujiya","9936113689","20000","2","B.Sc","2025-2028","Sidhauli, Uttar Pradesh","PENDING CALL",""
"925","BRDP20231117","Divyanshi Srivastava","Pushpendra Srivastava","9471620160","20000","5","BCA","2023-2026","Hargaon, Uttar Pradesh","PENDING CALL",""
"926","BRDP20231136","Vikas Tripathi","Priya Tripathi","9189830123","20000","5","BCA","2023-2026","Mohali, Uttar Pradesh","PENDING CALL",""
"927","BRDP20231151","Anjali Shukla","Aarya Shukla","9469409717","20000","5","BCA","2023-2026","Hargaon, Uttar Pradesh","PENDING CALL",""
"928","BRDP20251177","Divyanshi Saini","Sani Saini","9618868336","20000","2","B.Sc","2025-2028","Kanpur, Uttar Pradesh","PENDING CALL",""
"929","BRDP20231185","Laxmi Gautam","Sunil Gautam","9580569885","20000","5","BCA","2023-2026","Patna, Uttar Pradesh","PENDING CALL",""
"930","BRDP20231186","Sonu Shukla","Priya Shukla","9347281350","20000","5","BCA","2023-2026","Sitapur, Uttar Pradesh","PENDING CALL",""
"931","BRDP20231192","Sunita Tripathi","Anjali Tripathi","9871028810","20000","5","BCA","2023-2026","Khairabad, Uttar Pradesh","PENDING CALL",""
"932","BRDP20251197","Neha Saini","Priya Saini","9588242749","20000","2","B.Sc","2025-2028","Kanpur, Uttar Pradesh","PENDING CALL",""
"933","BRDP20241216","Mahek Rathour","Asha Rathour","9408997574","20000","3","B.Sc","2024-2027","Misrikh, Uttar Pradesh","PENDING CALL",""
"934","BRDP20241227","Rohan Sharma","Rohan Sharma","9891636691","20000","3","B.Sc","2024-2027","Hargaon, Uttar Pradesh","PENDING CALL",""
"935","BRDP20240530","Shivangi Pal","Shivani Pal","9455517706","18500","3","B.Sc","2024-2027","Khairabad, Uttar Pradesh","PENDING CALL",""
"936","2450871010030","DIPANSHI","RAMNATH","--","18000","1","BA","2024-2027","biswan","PENDING CALL",""
"937","BRDP20260224","Shivam Maurya","Seema Maurya","9869037936","18000","1","BA","2026-2029","Misrikh, Uttar Pradesh","PENDING CALL",""
"938","BRDP20240275","Ananya Yadav","Pushpendra Yadav","9326601502","18000","3","B.Sc","2024-2027","Hargaon, Uttar Pradesh","PENDING CALL",""
"939","BRDP20260469","Dipanshi Rajpoot","Shivani Rajpoot","9730400702","18000","1","BA","2026-2029","Patna, Uttar Pradesh","PENDING CALL",""
"940","BRDP20260516","Deepak Kashyap","Shivangi Kashyap","9336841924","18000","1","BA","2026-2029","Misrikh, Uttar Pradesh","PENDING CALL",""
"941","BRDP20260611","Ananya Agrahari","Geeta Agrahari","9438174270","18000","1","BA","2026-2029","Lucknow, Uttar Pradesh","PENDING CALL",""
"942","BRDP20240695","Aditya Rathour","Ashutosh Rathour","9637262336","18000","3","B.Sc","2024-2027","Khairabad, Uttar Pradesh","PENDING CALL",""
"943","BRDP20260760","Geeta Dwivedi","Abhishek Dwivedi","9634159595","18000","1","BA","2026-2029","Sitapur, Uttar Pradesh","PENDING CALL",""
"944","BRDP20260781","Sunil Yadav","Dharmendra Yadav","9695159357","18000","1","BA","2026-2029","Misrikh, Uttar Pradesh","PENDING CALL",""
"945","BRDP20260894","Ankul Saini","Kavita Saini","9566230420","18000","1","BA","2026-2029","Mohali, Uttar Pradesh","PENDING CALL",""
"946","BRDP20261069","Vikas Khan","Rahul Khan","9934076046","18000","1","BA","2026-2029","Biswan, Uttar Pradesh","PENDING CALL",""
"947","BRDP20261127","Divanshi Rajpoot","Roshani Rajpoot","9269064652","18000","1","BA","2026-2029","Biswan, Uttar Pradesh","PENDING CALL",""
"948","BRDP20261130","Naimish Dubey","Mahek Dubey","9759525508","18000","1","BA","2026-2029","Sitapur Sadar, Uttar Pradesh","PENDING CALL",""
"949","BRDP20261153","Suman Paswan","Sonika Paswan","9658799015","18000","1","BA","2026-2029","Patna, Uttar Pradesh","PENDING CALL",""
"950","BRDP20241175","Vijay Chaurasiya","Sarita Chaurasiya","9144288462","18000","3","B.Sc","2024-2027","Misrikh, Uttar Pradesh","PENDING CALL",""
"951","BRDP20241180","Kavita Devi","Divyanshi Devi","9471185878","18000","3","B.Sc","2024-2027","Lakhimpur Kheri, Uttar Pradesh","PENDING CALL",""
"952","8","DIVYANSHI ","DHARMENDRA KUMAR ","--","17500","1","BA","2026-2029","SITAPUR
SITAPUR","PENDING CALL",""
"953","BRDP20240402","Shivam Khan","Usha Khan","9564420188","17500","3","B.Sc","2024-2027","Maholi, Uttar Pradesh","PENDING CALL",""
"954","04","SHIVANI VERMA","SUNEEL KUMAR","--","17100","1","BA","2026-2029","Vill baddaripurva, shivrukhkala, sadarpur sitapur","PENDING CALL",""
"955","LURNS2600281544","ANJALI","DHANIRAM","--","17000","1","BA","2026-2029","Vill jagdishpur","PENDING CALL",""
"956","0","SUBHENDU SHUKLA","PUSHKAR SHUKLA","--","17000","1","BA","2026-2029","SITAPUR","PENDING CALL",""
"957","011","SANGITA DEVI","AA","--","17000","1","BA","2026-2029","SITAPUR
SITAPUR","PENDING CALL",""
"958","12","RAJ DWIVEDI","DHEERAJ KUMAR DWIVEDI","--","17000","1","BA","2026-2029","SITAPUR
SITAPUR","PENDING CALL",""
"959","6","ROSHANI DEVI ","RAJKUMAR ","--","17000","1","BA","2026-2029","SITAPUR ","PENDING CALL",""
"960","6","NAINSI YADAV","SARVESH KUMAR ","--","17000","1","BA","2026-2029","SITAPUR
SITAPUR","PENDING CALL",""
"961","5087-05","DIBYA BHARTI","VISHNU KUMAR","--","17000","1","BA","2026-2029","VILL SARAIYA CHALAKAPUR BHUSNA, SITAPUR","PENDING CALL",""
"962","5087-10","RAVI KUMAR","DINESH KUMAR","--","17000","1","BA","2026-2029","VILL PAHARAPUR","PENDING CALL",""
"963","5087-06","SANDEEP KUMAR","RAM KUMAR","--","17000","1","BA","2026-2029","VILL HUSAINPUR SARAIYAN MAHIPAT SINGH","PENDING CALL",""
"964","7","SHIVAM ","MAHAVEER ","--","17000","1","BA","2026-2029","SITAPUR
SITAPUR","PENDING CALL",""
"965","8","ANKUL KUMAR ","RAJESH KUMAR ","--","17000","1","BA","2026-2029","SITAPUR
SITAPUR","PENDING CALL",""
"966","10","AVNISH KUMAR MISHRA","SATISH MISHRA","--","17000","1","BA","2026-2029","SITAPUR","PENDING CALL",""
"967","5087-11","ILIYASH KHAN","PEERU KHAN","--","17000","1","BA","2026-2029","JAFARPUR KALA, SADARPUR","PENDING CALL",""
"968","BRDP20260096","Ashutosh Devi","Amit Devi","9832824457","17000","1","BA","2026-2029","Biswan, Uttar Pradesh","PENDING CALL",""
"969","BRDP20260119","Sangita Dwivedi","Adarsh Dwivedi","9828050989","17000","1","BA","2026-2029","Patna, Uttar Pradesh","PENDING CALL",""
"970","BRDP20240160","Saurabh Tiwari","Divyanshi Tiwari","9775006085","17000","3","B.Sc","2024-2027","Lucknow, Uttar Pradesh","PENDING CALL",""
"971","BRDP20240162","Sangita Srivastava","Anjali Srivastava","9376871179","17000","3","B.Sc","2024-2027","Mohali, Uttar Pradesh","PENDING CALL",""
"972","BRDP20240390","Ashutosh Dubey","Raj Dubey","9479583664","17000","3","B.Sc","2024-2027","Sidhauli, Uttar Pradesh","PENDING CALL",""
"973","BRDP20260484","Sarita Giri","Vikas Giri","9286915310","17000","1","BA","2026-2029","Patna, Uttar Pradesh","PENDING CALL",""
"974","BRDP20240500","Divyanshi Jaiswal","Sunil Jaiswal","9919632510","17000","3","B.Sc","2024-2027","Khairabad, Uttar Pradesh","PENDING CALL",""
"975","BRDP20240548","Saumya Jaiswal","Vivek Jaiswal","9206612604","17000","3","B.Sc","2024-2027","Lakhimpur Kheri, Uttar Pradesh","PENDING CALL",""
"976","BRDP20260554","Dipanshi Gupta","Ankul Gupta","9739197043","17000","1","BA","2026-2029","Hargaon, Uttar Pradesh","PENDING CALL",""
"977","BRDP20260664","Dibya Agrahari","Suman Agrahari","9926709093","17000","1","BA","2026-2029","Kanpur, Uttar Pradesh","PENDING CALL",""
"978","BRDP20260709","Prateek Verma","Anita Verma","9828960050","17000","1","BA","2026-2029","Biswan, Uttar Pradesh","PENDING CALL",""
"979","BRDP20240845","Shivani Agrahari","Suman Agrahari","9572765493","17000","3","B.Sc","2024-2027","Laharpur, Uttar Pradesh","PENDING CALL",""
"980","BRDP20240898","Adarsh Shukla","Adarsh Shukla","9570991695","17000","3","B.Sc","2024-2027","Sitapur Sadar, Uttar Pradesh","PENDING CALL",""
"981","13","ADARSH SRIVASTAVA ","SUDHIR KUMAR SRIVASTAVA ","--","16500","1","BA","2026-2029","SITAPUR","PENDING CALL",""
"982","BRDP20240189","Adarsh Kumar","Suman Kumar","9888759414","16500","3","B.Sc","2024-2027","Biswan, Uttar Pradesh","PENDING CALL",""
"983","BRDP20260369","Amit Chaurasiya","Sangita Chaurasiya","9505153421","16500","1","BA","2026-2029","Mohali, Uttar Pradesh","PENDING CALL",""
"984","BRDP20240430","Vishal Prajapati","Rashi Prajapati","9591305860","16500","3","B.Sc","2024-2027","Maholi, Uttar Pradesh","PENDING CALL",""
"985","BRDP20260565","Yashee Shukla","Vinay Shukla","9905279940","16500","1","BA","2026-2029","Sitapur Sadar, Uttar Pradesh","PENDING CALL",""
"986","BRDP20260613","Pinku Gupta","Rashi Gupta","9677349083","16500","1","BA","2026-2029","Biswan, Uttar Pradesh","PENDING CALL",""
"987","BRDP20260650","Avneesh Agrahari","Amit Agrahari","9940623420","16500","1","BA","2026-2029","Sidhauli, Uttar Pradesh","PENDING CALL",""
"988","BRDP20260837","Anamika Yadav","Suman Yadav","9502090675","16500","1","BA","2026-2029","Laharpur, Uttar Pradesh","PENDING CALL",""
"989","BRDP20260892","Yashee Mishra","Raj Mishra","9125815384","16500","1","BA","2026-2029","Hargaon, Uttar Pradesh","PENDING CALL",""
"990","BRDP20241053","Anamika Singh","Laxmi Singh","9767871626","16500","3","B.Sc","2024-2027","Laharpur, Uttar Pradesh","PENDING CALL",""
"991","BRDP20261061","Sonika Prajapati","Aarya Prajapati","9753131669","16500","1","BA","2026-2029","Mohali, Uttar Pradesh","PENDING CALL",""
"992","BRDP20241092","Aarti Jaiswal","Divyanshi Jaiswal","9331622072","16500","3","B.Sc","2024-2027","Misrikh, Uttar Pradesh","PENDING CALL",""
"993","2550521010027","ASHISH RATHOUR","RAM CHANDRA ","--","16000","1","BA","2025-2028","SITAPUR
SITAPUR","PENDING CALL",""
"994","0","PUSHPENDRA GUPTA","JEETRAN ","--","16000","1","BA","2026-2029","SITAPUR","PENDING CALL",""
"995","5087-03","DIVANSHI VERMA","RAKESH KUMAR","--","16000","1","BA","2026-2029","VILL LALAPURWA , INAYATPUR, SITAPUR","PENDING CALL",""
"996","5087-09","SONU","RAM SINGH","--","16000","1","BA","2026-2029","VILL JINGALABAD, HUSAINPUR SARAIYAN ","PENDING CALL",""
"997","BRDP20240137","Dibya Shukla","Sanjay Shukla","9341783658","16000","3","B.Sc","2024-2027","Patna, Uttar Pradesh","PENDING CALL",""
"998","BRDP20240386","Shivani Dwivedi","Alok Dwivedi","9953531647","16000","3","B.Sc","2024-2027","Maholi, Uttar Pradesh","PENDING CALL",""
"999","BRDP20260966","Asha Sharma","Suman Sharma","9147143245","16000","1","BA","2026-2029","Khairabad, Uttar Pradesh","PENDING CALL",""
"1000","BRDP20261156","Sunil Khan","Manish Khan","9429537546","16000","1","BA","2026-2029","Lakhimpur Kheri, Uttar Pradesh","PENDING CALL",""
"1001","BRDP20241214","Roshani Rathour","Priya Rathour","9613269728","16000","3","B.Sc","2024-2027","Patna, Uttar Pradesh","PENDING CALL",""
"1002","BRDP20261232","Vinay Kashyap","Divanshi Kashyap","9450584311","16000","1","BA","2026-2029","Hargaon, Uttar Pradesh","PENDING CALL",""
"1003","02","GUDIYA MISHRA ","SHYAM BIHARI","--","15500","1","BA","2026-2029","SITAPUR","PENDING CALL",""
"1004","14","DEEPIKA","INDRAPAL","--","15500","1","BA","2026-2029","SITAPUR","PENDING CALL",""
"1005","12","MAHEK VERMA ","AJAY KUMAR VERMA ","--","15000","1","BA","2026-2029","SITAPUR","PENDING CALL",""
"1006","15"," PINKU KUMAR ","RAJESH KUMAR","--","15000","1","BA","2026-2029","SITAPUR","PENDING CALL",""
"1007","BRDP20260076","Vivek Srivastava","Dharmendra Srivastava","9277742669","15000","1","BA","2026-2029","Biswan, Uttar Pradesh","PENDING CALL",""
"1008","BRDP20240078","Vivek Gautam","Sani Gautam","9958253763","15000","3","B.Sc","2024-2027","Mohali, Uttar Pradesh","PENDING CALL",""
"1009","BRDP20250085","Manoj Kumar","Ananya Kumar","9193587262","15000","2","BA","2025-2028","Lucknow, Uttar Pradesh","PENDING CALL",""
"1010","BRDP20260111","Saumya Tripathi","Divyanshi Tripathi","9473622442","15000","1","BA","2026-2029","Mohali, Uttar Pradesh","PENDING CALL",""
"1011","BRDP20240142","Rajesh Giri","Priya Giri","9971508904","15000","3","B.Sc","2024-2027","Sidhauli, Uttar Pradesh","PENDING CALL",""
"1012","BRDP20240159","Diwakar Rathour","Deepika Rathour","9125925737","15000","3","B.Sc","2024-2027","Patna, Uttar Pradesh","PENDING CALL",""
"1013","BRDP20240173","Divanshi Kashyap","Sangita Kashyap","9771662958","15000","3","B.Sc","2024-2027","Biswan, Uttar Pradesh","PENDING CALL",""
"1014","BRDP20260207","Avneesh Chaurasiya","Amit Chaurasiya","9485212482","15000","1","BA","2026-2029","Laharpur, Uttar Pradesh","PENDING CALL",""
"1015","BRDP20240272","Priya Dubey","Pinku Dubey","9736306754","15000","3","B.Sc","2024-2027","Misrikh, Uttar Pradesh","PENDING CALL",""
"1016","BRDP20260286","Pushpendra Pal","Prateek Pal","9859683037","15000","1","BA","2026-2029","Hargaon, Uttar Pradesh","PENDING CALL",""
"1017","BRDP20260308","Adarsh Gupta","Aditya Gupta","9948446540","15000","1","BA","2026-2029","Sitapur Sadar, Uttar Pradesh","PENDING CALL",""
"1018","BRDP20250413","Vikas Gautam","Kamlesh Gautam","9588107348","15000","2","BA","2025-2028","Patna, Uttar Pradesh","PENDING CALL",""
"1019","BRDP20240467","Pushpendra Khan","Neha Khan","9446902645","15000","3","B.Sc","2024-2027","Maholi, Uttar Pradesh","PENDING CALL",""
"1020","BRDP20240477","Aarya Shukla","Suresh Shukla","9487351256","15000","3","B.Sc","2024-2027","Sitapur Sadar, Uttar Pradesh","PENDING CALL",""
"1021","BRDP20240502","Sangita Khan","Sani Khan","9435391464","15000","3","B.Sc","2024-2027","Sidhauli, Uttar Pradesh","PENDING CALL",""
"1022","BRDP20260537","Sunita Prajapati","Mahek Prajapati","9668396942","15000","1","BA","2026-2029","Sitapur, Uttar Pradesh","PENDING CALL",""
"1023","BRDP20240540","Subhendu Gautam","Ajay Gautam","9287917957","15000","3","B.Sc","2024-2027","Maholi, Uttar Pradesh","PENDING CALL",""
"1024","BRDP20240543","Saurabh Maurya","Rekha Maurya","9709039726","15000","3","B.Sc","2024-2027","Sitapur Sadar, Uttar Pradesh","PENDING CALL",""
"1025","BRDP20260579","Aarya Verma","Shivani Verma","9738009912","15000","1","BA","2026-2029","Patna, Uttar Pradesh","PENDING CALL",""
"1026","BRDP20260585","Vinod Mishra","Prateek Mishra","9144828071","15000","1","BA","2026-2029","Sitapur, Uttar Pradesh","PENDING CALL",""
"1027","BRDP20260595","Rohan Tiwari","Satish Tiwari","9111830460","15000","1","BA","2026-2029","Sidhauli, Uttar Pradesh","PENDING CALL",""
"1028","BRDP20260652","Subhendu Dubey","Rahul Dubey","9493585378","15000","1","BA","2026-2029","Sitapur, Uttar Pradesh","PENDING CALL",""
"1029","BRDP20260763","Vinod Jaiswal","Sangita Jaiswal","9372967953","15000","1","BA","2026-2029","Khairabad, Uttar Pradesh","PENDING CALL",""
"1030","BRDP20260777","Pankaj Khan","Laxmi Khan","9987211783","15000","1","BA","2026-2029","Lakhimpur Kheri, Uttar Pradesh","PENDING CALL",""
"1031","BRDP20260875","Anamika Kashyap","Vinay Kashyap","9492078836","15000","1","BA","2026-2029","Laharpur, Uttar Pradesh","PENDING CALL",""
"1032","BRDP20260879","Geeta Tiwari","Pankaj Tiwari","9238828870","15000","1","BA","2026-2029","Lucknow, Uttar Pradesh","PENDING CALL",""
"1033","BRDP20260942","Vinay Giri","Anjali Giri","9638985102","15000","1","BA","2026-2029","Patna, Uttar Pradesh","PENDING CALL",""
"1034","BRDP20240943","Sani Mishra","Vinay Mishra","9304103243","15000","3","B.Sc","2024-2027","Kanpur, Uttar Pradesh","PENDING CALL",""
"1035","BRDP20240957","Sani Khan","Anamika Khan","9440749375","15000","3","B.Sc","2024-2027","Maholi, Uttar Pradesh","PENDING CALL",""
"1036","BRDP20240958","Vishal Mishra","Ritu Mishra","9587728773","15000","3","B.Sc","2024-2027","Laharpur, Uttar Pradesh","PENDING CALL",""
"1037","BRDP20240984","Pankaj Agrahari","Ravi Agrahari","9877684151","15000","3","B.Sc","2024-2027","Sitapur Sadar, Uttar Pradesh","PENDING CALL",""
"1038","BRDP20261010","Ayush Tripathi","Rahul Tripathi","9613211018","15000","1","BA","2026-2029","Patna, Uttar Pradesh","PENDING CALL",""
"1039","BRDP20251089","Neha Saini","Avneesh Saini","9638605712","15000","2","BA","2025-2028","Khairabad, Uttar Pradesh","PENDING CALL",""
"1040","BRDP20261126","Ritu Gupta","Avneesh Gupta","9962997338","15000","1","BA","2026-2029","Laharpur, Uttar Pradesh","PENDING CALL",""
"1041","BRDP20241132","Ramesh Giri","Rohan Giri","9598489821","15000","3","B.Sc","2024-2027","Biswan, Uttar Pradesh","PENDING CALL",""
"1042","BRDP20251138","Prateek Rathour","Meena Rathour","9967088799","15000","2","BA","2025-2028","Misrikh, Uttar Pradesh","PENDING CALL",""
"1043","BRDP20251146","Pushpendra Tripathi","Shivangi Tripathi","9490522862","15000","2","BA","2025-2028","Kanpur, Uttar Pradesh","PENDING CALL",""
"1044","BRDP20241148","Manoj Kanaujiya","Aarya Kanaujiya","9988538482","15000","3","B.Sc","2024-2027","Misrikh, Uttar Pradesh","PENDING CALL",""
"1045","BRDP20261183","Deepak Dwivedi","Yashee Dwivedi","9398995552","15000","1","BA","2026-2029","Misrikh, Uttar Pradesh","PENDING CALL",""
"1046","BRDP20251188","Diwakar Saini","Divanshi Saini","9778725412","15000","2","BA","2025-2028","Kanpur, Uttar Pradesh","PENDING CALL",""
"1047","BRDP20261194","Rajesh Dubey","Saurabh Dubey","9360406411","15000","1","BA","2026-2029","Biswan, Uttar Pradesh","PENDING CALL",""
"1048","BRDP20251199","Ritu Rajpoot","Ajay Rajpoot","9739045120","15000","2","BA","2025-2028","Hargaon, Uttar Pradesh","PENDING CALL",""
"1049","BRDP20261243","Shivangi Shukla","Dipanshi Shukla","9700142480","15000","1","BA","2026-2029","Patna, Uttar Pradesh","PENDING CALL",""
"1050","BRDP20250231","Dharmendra Kumar","Raj Kumar","9797599571","14000","2","BA","2025-2028","Maholi, Uttar Pradesh","PENDING CALL",""
"1051","BRDP20250961","Kamlesh Singh","Suresh Singh","9656341996","14000","2","BA","2025-2028","Biswan, Uttar Pradesh","PENDING CALL",""
"1052","BRDP20250297","Anamika Yadav","Rashi Yadav","9881290722","13500","2","BA","2025-2028","Lakhimpur Kheri, Uttar Pradesh","PENDING CALL",""
"1053","BRDP20250460","Gudiya Tiwari","Asha Tiwari","9714718125","13500","2","BA","2025-2028","Mohali, Uttar Pradesh","PENDING CALL",""
"1054","BRDP20250636","Sangita Rajpoot","Pari Rajpoot","9879493114","13500","2","BA","2025-2028","Sitapur Sadar, Uttar Pradesh","PENDING CALL",""
"1055","BRDP20250680","Sanjay Gautam","Adarsh Gautam","9710485150","13500","2","BA","2025-2028","Maholi, Uttar Pradesh","PENDING CALL",""
"1056","BRDP20250766","Sanjay Kashyap","Adarsh Kashyap","9872133988","13500","2","BA","2025-2028","Patna, Uttar Pradesh","PENDING CALL",""
"1057","BRDP20250771","Rajesh Rathour","Vivek Rathour","9198955544","13500","2","BA","2025-2028","Mohali, Uttar Pradesh","PENDING CALL",""
"1058","BRDP20250992","Anjali Tripathi","Laxmi Tripathi","9209009123","13500","2","BA","2025-2028","Lucknow, Uttar Pradesh","PENDING CALL",""
"1059","BRDP20251131","Sonu Sharma","Kavita Sharma","9998928328","13500","2","BA","2025-2028","Sitapur Sadar, Uttar Pradesh","PENDING CALL",""
"1060","BRDP20251172","Deepak Kashyap","Kavita Kashyap","9290088225","13500","2","BA","2025-2028","Sidhauli, Uttar Pradesh","PENDING CALL",""
"1061","BRDP20251204","Deepika Khan","Divanshi Khan","9838403716","13500","2","BA","2025-2028","Sitapur, Uttar Pradesh","PENDING CALL",""
"1062","C-006","Marvin Glenn","Armando Norman","--","13000","1","B.Sc","2026-2029","tets","PENDING CALL",""
"1063","BRDP20250307","Sonika Khan","Rohan Khan","9542822609","13000","2","BA","2025-2028","Lakhimpur Kheri, Uttar Pradesh","PENDING CALL",""
"1064","BRDP20250352","Dibya Maurya","Ashish Maurya","9543987128","13000","2","BA","2025-2028","Sitapur Sadar, Uttar Pradesh","PENDING CALL",""
"1065","BRDP20250939","Pooja Giri","Sonu Giri","9975801364","13000","2","BA","2025-2028","Lucknow, Uttar Pradesh","PENDING CALL",""
"1066","BRDP20251118","Ramesh Paswan","Seema Paswan","9164923580","13000","2","BA","2025-2028","Sitapur, Uttar Pradesh","PENDING CALL",""
"1067","BRDP20250229","Rashi Singh","Anita Singh","9872265190","12500","2","BA","2025-2028","Mohali, Uttar Pradesh","PENDING CALL",""
"1068","BRDP20250382","Anjali Agrahari","Priya Agrahari","9554530374","12500","2","BA","2025-2028","Mohali, Uttar Pradesh","PENDING CALL",""
"1069","BRDP20250567","Diwakar Giri","Asha Giri","9920333295","12500","2","BA","2025-2028","Lucknow, Uttar Pradesh","PENDING CALL",""
"1070","BRDP20250883","Pari Giri","Manoj Giri","9367013143","12500","2","BA","2025-2028","Sidhauli, Uttar Pradesh","PENDING CALL",""
"1071","BRDP20240116","Sunita Jaiswal","Sanjay Jaiswal","9608120551","12000","3","BA","2024-2027","Sitapur, Uttar Pradesh","PENDING CALL",""
"1072","BRDP20250154","Aditya Yadav","Kamlesh Yadav","9180911260","12000","2","BA","2025-2028","Maholi, Uttar Pradesh","PENDING CALL",""
"1073","BRDP20250203","Dharmendra Dwivedi","Sanjay Dwivedi","9383370538","12000","2","BA","2025-2028","Lakhimpur Kheri, Uttar Pradesh","PENDING CALL",""
"1074","BRDP20250217","Sanjay Tripathi","Neha Tripathi","9495639005","12000","2","BA","2025-2028","Biswan, Uttar Pradesh","PENDING CALL",""
"1075","BRDP20250236","Shivani Rajpoot","Sandeep Rajpoot","9392581126","12000","2","BA","2025-2028","Mohali, Uttar Pradesh","PENDING CALL",""
"1076","BRDP20240265","Meena Paswan","Rahul Paswan","9745929767","12000","3","BA","2024-2027","Misrikh, Uttar Pradesh","PENDING CALL",""
"1077","BRDP20250288","Suresh Singh","Dipanshi Singh","9216374245","12000","2","BA","2025-2028","Sitapur Sadar, Uttar Pradesh","PENDING CALL",""
"1078","BRDP20250361","Pooja Tripathi","Rahul Tripathi","9210202698","12000","2","BA","2025-2028","Hargaon, Uttar Pradesh","PENDING CALL",""
"1079","BRDP20250383","Mahek Kashyap","Anamika Kashyap","9127904475","12000","2","BA","2025-2028","Lucknow, Uttar Pradesh","PENDING CALL",""
"1080","BRDP20250391","Rahul Kanaujiya","Saurabh Kanaujiya","9831127634","12000","2","BA","2025-2028","Lucknow, Uttar Pradesh","PENDING CALL",""
"1081","BRDP20250400","Abhishek Prajapati","Ramesh Prajapati","9182356864","12000","2","BA","2025-2028","Mohali, Uttar Pradesh","PENDING CALL",""
"1082","BRDP20250479","Diwakar Pandey","Pankaj Pandey","9499918420","12000","2","BA","2025-2028","Khairabad, Uttar Pradesh","PENDING CALL",""
"1083","BRDP20250508","Sandeep Agrahari","Aditya Agrahari","9407033100","12000","2","BA","2025-2028","Hargaon, Uttar Pradesh","PENDING CALL",""
"1084","BRDP20250547","Shivani Chaurasiya","Suman Chaurasiya","9430945205","12000","2","BA","2025-2028","Patna, Uttar Pradesh","PENDING CALL",""
"1085","BRDP20250556","Vikas Singh","Rajesh Singh","9157507606","12000","2","BA","2025-2028","Maholi, Uttar Pradesh","PENDING CALL",""
"1086","BRDP20240560","Ramesh Tiwari","Diwakar Tiwari","9606425605","12000","3","BA","2024-2027","Khairabad, Uttar Pradesh","PENDING CALL",""
"1087","BRDP20250589","Aarav Prajapati","Vivek Prajapati","9533344646","12000","2","BA","2025-2028","Kanpur, Uttar Pradesh","PENDING CALL",""
"1088","BRDP20250646","Ajay Jaiswal","Amit Jaiswal","9610684560","12000","2","BA","2025-2028","Laharpur, Uttar Pradesh","PENDING CALL",""
"1089","BRDP20250660","Amit Dwivedi","Ramesh Dwivedi","9135837823","12000","2","BA","2025-2028","Lakhimpur Kheri, Uttar Pradesh","PENDING CALL",""
"1090","BRDP20250713","Anamika Devi","Deepak Devi","9928566268","12000","2","BA","2025-2028","Mohali, Uttar Pradesh","PENDING CALL",""
"1091","BRDP20240723","Sunil Kashyap","Rashi Kashyap","9977036927","12000","3","BA","2024-2027","Maholi, Uttar Pradesh","PENDING CALL",""
"1092","BRDP20250768","Ayush Singh","Kavita Singh","9770502594","12000","2","BA","2025-2028","Hargaon, Uttar Pradesh","PENDING CALL",""
"1093","BRDP20240770","Divyanshi Tiwari","Priya Tiwari","9737993753","12000","3","BA","2024-2027","Biswan, Uttar Pradesh","PENDING CALL",""
"1094","BRDP20250795","Divanshi Kashyap","Iliyash Kashyap","9113730191","12000","2","BA","2025-2028","Maholi, Uttar Pradesh","PENDING CALL",""
"1095","BRDP20240798","Sangita Prajapati","Priya Prajapati","9608197814","12000","3","BA","2024-2027","Lucknow, Uttar Pradesh","PENDING CALL",""
"1096","BRDP20250805","Abhishek Kanaujiya","Gudiya Kanaujiya","9878206508","12000","2","BA","2025-2028","Khairabad, Uttar Pradesh","PENDING CALL",""
"1097","BRDP20250813","Rajesh Sharma","Aarav Sharma","9622451096","12000","2","BA","2025-2028","Lucknow, Uttar Pradesh","PENDING CALL",""
"1098","BRDP20250820","Ravi Sharma","Rashi Sharma","9658434430","12000","2","BA","2025-2028","Khairabad, Uttar Pradesh","PENDING CALL",""
"1099","BRDP20250890","Rashi Kumar","Nainsi Kumar","9647408087","12000","2","BA","2025-2028","Lucknow, Uttar Pradesh","PENDING CALL",""
"1100","BRDP20250891","Sani Devi","Sunita Devi","9352074943","12000","2","BA","2025-2028","Biswan, Uttar Pradesh","PENDING CALL",""
"1101","BRDP20250902","Sunita Mishra","Ravi Mishra","9335207087","12000","2","BA","2025-2028","Laharpur, Uttar Pradesh","PENDING CALL",""
"1102","BRDP20251003","Vinay Saini","Aarav Saini","9337655937","12000","2","BA","2025-2028","Maholi, Uttar Pradesh","PENDING CALL",""
"1103","BRDP20241009","Yashee Prajapati","Pushpendra Prajapati","9944162473","12000","3","BA","2024-2027","Laharpur, Uttar Pradesh","PENDING CALL",""
"1104","BRDP20251011","Deepika Kumar","Ankul Kumar","9725180780","12000","2","BA","2025-2028","Sitapur, Uttar Pradesh","PENDING CALL",""
"1105","BRDP20251026","Deepika Rathour","Vijay Rathour","9262072328","12000","2","BA","2025-2028","Lucknow, Uttar Pradesh","PENDING CALL",""
"1106","BRDP20251037","Ashutosh Verma","Sonika Verma","9538357271","12000","2","BA","2025-2028","Kanpur, Uttar Pradesh","PENDING CALL",""
"1107","BRDP20251042","Vivek Kashyap","Sonika Kashyap","9536433682","12000","2","BA","2025-2028","Biswan, Uttar Pradesh","PENDING CALL",""
"1108","BRDP20251059","Deepika Mishra","Ritu Mishra","9976035040","12000","2","BA","2025-2028","Lucknow, Uttar Pradesh","PENDING CALL",""
"1109","BRDP20240358","Rashi Gupta","Prateek Gupta","9161727857","11000","3","BA","2024-2027","Lucknow, Uttar Pradesh","PENDING CALL",""
"1110","BRDP20240501","Rahul Pandey","Amit Pandey","9860846855","11000","3","BA","2024-2027","Maholi, Uttar Pradesh","PENDING CALL",""
"1111","BRDP20240538","Divyanshi Kumar","Rekha Kumar","9739787940","11000","3","BA","2024-2027","Mohali, Uttar Pradesh","PENDING CALL",""
"1112","BRDP20240887","Mahek Kumar","Rajesh Kumar","9360681320","11000","3","BA","2024-2027","Khairabad, Uttar Pradesh","PENDING CALL",""
"1113","BRDP20240930","Kavita Prajapati","Vishal Prajapati","9725130856","11000","3","BA","2024-2027","Laharpur, Uttar Pradesh","PENDING CALL",""
"1114","BRDP20241043","Dharmendra Tripathi","Pari Tripathi","9137305379","11000","3","BA","2024-2027","Maholi, Uttar Pradesh","PENDING CALL",""
"1115","BRDP20240196","Abhishek Sharma","Pushpendra Sharma","9767606650","10500","3","BA","2024-2027","Laharpur, Uttar Pradesh","PENDING CALL",""
"1116","BRDP20240200","Saurabh Chaurasiya","Divanshi Chaurasiya","9311614219","10500","3","BA","2024-2027","Mohali, Uttar Pradesh","PENDING CALL",""
"1117","BRDP20240294","Prateek Srivastava","Sonu Srivastava","9837501109","10500","3","BA","2024-2027","Patna, Uttar Pradesh","PENDING CALL",""
"1118","BRDP20240438","Rashi Mishra","Pari Mishra","9936409296","10500","3","BA","2024-2027","Biswan, Uttar Pradesh","PENDING CALL",""
"1119","BRDP20240563","Dipanshi Singh","Neha Singh","9998737280","10500","3","BA","2024-2027","Biswan, Uttar Pradesh","PENDING CALL",""
"1120","BRDP20240594","Gudiya Paswan","Nainsi Paswan","9846965352","10500","3","BA","2024-2027","Misrikh, Uttar Pradesh","PENDING CALL",""
"1121","BRDP20241055","Sanjay Dwivedi","Saurabh Dwivedi","9946289571","10500","3","BA","2024-2027","Maholi, Uttar Pradesh","PENDING CALL",""
"1122","BRDP20230073","Vikas Sharma","Diwakar Sharma","9874719235","10000","5","B.Sc","2023-2026","Misrikh, Uttar Pradesh","PENDING CALL",""
"1123","BRDP20230099","Sangita Prajapati","Gudiya Prajapati","9385053729","10000","5","B.Sc","2023-2026","Maholi, Uttar Pradesh","PENDING CALL",""
"1124","BRDP20230103","Priya Kashyap","Avneesh Kashyap","9968239082","10000","5","B.Sc","2023-2026","Khairabad, Uttar Pradesh","PENDING CALL",""
"1125","BRDP20230152","Ananya Maurya","Nainsi Maurya","9194219168","10000","5","B.Sc","2023-2026","Sitapur, Uttar Pradesh","PENDING CALL",""
"1126","BRDP20230199","Sani Sharma","Ashish Sharma","9316910075","10000","5","B.Sc","2023-2026","Biswan, Uttar Pradesh","PENDING CALL",""
"1127","BRDP20230305","Ashish Srivastava","Anamika Srivastava","9739860885","10000","5","B.Sc","2023-2026","Hargaon, Uttar Pradesh","PENDING CALL",""
"1128","BRDP20230321","Ajay Verma","Sangita Verma","9249932713","10000","5","B.Sc","2023-2026","Kanpur, Uttar Pradesh","PENDING CALL",""
"1129","BRDP20240329","Sunil Tiwari","Shivani Tiwari","9854760809","10000","3","BA","2024-2027","Mohali, Uttar Pradesh","PENDING CALL",""
"1130","BRDP20240337","Alok Maurya","Anita Maurya","9481551862","10000","3","BA","2024-2027","Hargaon, Uttar Pradesh","PENDING CALL",""
"1131","BRDP20240407","Pankaj Kumar","Abhishek Kumar","9830838943","10000","3","BA","2024-2027","Lucknow, Uttar Pradesh","PENDING CALL",""
"1132","BRDP20240676","Laxmi Maurya","Ayush Maurya","9628459441","10000","3","BA","2024-2027","Sitapur Sadar, Uttar Pradesh","PENDING CALL",""
"1133","BRDP20240740","Asha Rathour","Seema Rathour","9522191619","10000","3","BA","2024-2027","Sitapur Sadar, Uttar Pradesh","PENDING CALL",""
"1134","BRDP20240779","Saumya Giri","Ravi Giri","9605009399","10000","3","BA","2024-2027","Patna, Uttar Pradesh","PENDING CALL",""
"1135","BRDP20240915","Vijay Verma","Prateek Verma","9992755953","10000","3","BA","2024-2027","Hargaon, Uttar Pradesh","PENDING CALL",""
"1136","BRDP20230918","Pinku Singh","Suresh Singh","9620104015","10000","5","B.Sc","2023-2026","Khairabad, Uttar Pradesh","PENDING CALL",""
"1137","BRDP20241109","Amit Khan","Pushpendra Khan","9217179311","10000","3","BA","2024-2027","Patna, Uttar Pradesh","PENDING CALL",""
"1138","BRDP20231110","Yashee Sharma","Seema Sharma","9178334607","10000","5","B.Sc","2023-2026","Kanpur, Uttar Pradesh","PENDING CALL",""
"1139","BRDP20240075","Sonu Sharma","Geeta Sharma","9514354043","9500","3","BA","2024-2027","Kanpur, Uttar Pradesh","PENDING CALL",""
"1140","BRDP20240588","Ananya Gautam","Adarsh Gautam","9413452400","9500","3","BA","2024-2027","Sidhauli, Uttar Pradesh","PENDING CALL",""
"1141","BRDP20241099","Kavita Yadav","Amit Yadav","9505969630","9500","3","BA","2024-2027","Sitapur Sadar, Uttar Pradesh","PENDING CALL",""
"1142","BRDP20240117","Yashee Verma","Subhendu Verma","9256951224","9000","3","BA","2024-2027","Mohali, Uttar Pradesh","PENDING CALL",""
"1143","BRDP20240144","Ananya Agrahari","Anita Agrahari","9231441579","9000","3","BA","2024-2027","Sitapur Sadar, Uttar Pradesh","PENDING CALL",""
"1144","BRDP20240174","Dharmendra Devi","Divyanshi Devi","9170490755","9000","3","BA","2024-2027","Maholi, Uttar Pradesh","PENDING CALL",""
"1145","BRDP20240185","Roshani Agrahari","Pari Agrahari","9663108102","9000","3","BA","2024-2027","Hargaon, Uttar Pradesh","PENDING CALL",""
"1146","BRDP20240256","Anjali Verma","Suresh Verma","9837029806","9000","3","BA","2024-2027","Lakhimpur Kheri, Uttar Pradesh","PENDING CALL",""
"1147","BRDP20240262","Ankul Prajapati","Laxmi Prajapati","9873224049","9000","3","BA","2024-2027","Lucknow, Uttar Pradesh","PENDING CALL",""
"1148","BRDP20240316","Nainsi Maurya","Dipanshi Maurya","9888034048","9000","3","BA","2024-2027","Biswan, Uttar Pradesh","PENDING CALL",""
"1149","BRDP20240448","Adarsh Jaiswal","Neha Jaiswal","9402856160","9000","3","BA","2024-2027","Khairabad, Uttar Pradesh","PENDING CALL",""
"1150","BRDP20240474","Ankul Rajpoot","Aarti Rajpoot","9220628517","9000","3","BA","2024-2027","Maholi, Uttar Pradesh","PENDING CALL",""
"1151","BRDP20240615","Rahul Dubey","Sanjay Dubey","9475232055","9000","3","BA","2024-2027","Sidhauli, Uttar Pradesh","PENDING CALL",""
"1152","BRDP20240638","Aarav Kumar","Nainsi Kumar","9115437109","9000","3","BA","2024-2027","Mohali, Uttar Pradesh","PENDING CALL",""
"1153","BRDP20240708","Seema Srivastava","Sonu Srivastava","9986842035","9000","3","BA","2024-2027","Sitapur Sadar, Uttar Pradesh","PENDING CALL",""
"1154","BRDP20240824","Deepa Chaurasiya","Naimish Chaurasiya","9827137496","9000","3","BA","2024-2027","Laharpur, Uttar Pradesh","PENDING CALL",""
"1155","BRDP20240931","Abhishek Srivastava","Rajesh Srivastava","9276871770","9000","3","BA","2024-2027","Sitapur, Uttar Pradesh","PENDING CALL",""
"1156","BRDP20240949","Kavita Rajpoot","Vinay Rajpoot","9486092724","9000","3","BA","2024-2027","Hargaon, Uttar Pradesh","PENDING CALL",""
"1157","BRDP20240993","Deepika Mishra","Aarya Mishra","9416617952","9000","3","BA","2024-2027","Lucknow, Uttar Pradesh","PENDING CALL",""
"1158","BRDP20241040","Amit Kumar","Aarti Kumar","9941292961","9000","3","BA","2024-2027","Biswan, Uttar Pradesh","PENDING CALL",""
"1159","BRDP20241075","Sangita Jaiswal","Meena Jaiswal","9926362050","9000","3","BA","2024-2027","Laharpur, Uttar Pradesh","PENDING CALL",""
"1160","BRDP20241139","Deepa Verma","Sunita Verma","9643359631","9000","3","BA","2024-2027","Biswan, Uttar Pradesh","PENDING CALL",""
"1161","BRDP20241147","Deepika Pandey","Laxmi Pandey","9994987983","9000","3","BA","2024-2027","Sidhauli, Uttar Pradesh","PENDING CALL",""
"1162","BRDP20230916","Sangita Verma","Priya Verma","9668370592","8500","5","B.Sc","2023-2026","Kanpur, Uttar Pradesh","PENDING CALL",""
"1163","BRDP20231049","Anjali Gautam","Divanshi Gautam","9466621188","8500","5","B.Sc","2023-2026","Khairabad, Uttar Pradesh","PENDING CALL",""
"1164","BRDP20230208","Shivangi Kashyap","Pooja Kashyap","9620642574","8000","5","B.Sc","2023-2026","Khairabad, Uttar Pradesh","PENDING CALL",""
"1165","BRDP20230485","Kamlesh Mishra","Neha Mishra","9247465924","8000","5","B.Sc","2023-2026","Lakhimpur Kheri, Uttar Pradesh","PENDING CALL",""
"1166","BRDP20230863","Meena Khan","Priya Khan","9691619416","8000","5","B.Sc","2023-2026","Patna, Uttar Pradesh","PENDING CALL",""
"1167","BRDP20230974","Ananya Prajapati","Ananya Prajapati","9680677079","8000","5","B.Sc","2023-2026","Lakhimpur Kheri, Uttar Pradesh","PENDING CALL",""
"1168","BRDP20231044","Roshani Mishra","Divyanshi Mishra","9955893856","8000","5","B.Sc","2023-2026","Lakhimpur Kheri, Uttar Pradesh","PENDING CALL",""
"1169","BRDP20231224","Neha Saini","Divyanshi Saini","9154133456","8000","5","B.Sc","2023-2026","Maholi, Uttar Pradesh","PENDING CALL",""
"1170","BRDP20230487","Vijay Giri","Sangita Giri","9234798501","7500","5","B.Sc","2023-2026","Kanpur, Uttar Pradesh","PENDING CALL",""
"1171","BRDP20230724","Kavita Pal","Ayush Pal","9385083331","7500","5","B.Sc","2023-2026","Khairabad, Uttar Pradesh","PENDING CALL",""
"1172","BRDP20230070","Meena Giri","Sunita Giri","9216237188","7000","5","B.Sc","2023-2026","Maholi, Uttar Pradesh","PENDING CALL",""
"1173","BRDP20230933","Shivam Saini","Rajesh Saini","9765709429","7000","5","B.Sc","2023-2026","Maholi, Uttar Pradesh","PENDING CALL",""
"1174","BRDP20230128","Geeta Yadav","Rohan Yadav","9826364572","6500","5","B.Sc","2023-2026","Sitapur Sadar, Uttar Pradesh","PENDING CALL",""
"1175","BRDP20230632","Alok Mishra","Ashutosh Mishra","9662916800","6500","5","B.Sc","2023-2026","Lucknow, Uttar Pradesh","PENDING CALL",""
"1176","BRDP20231161","Prateek Tripathi","Ayush Tripathi","9954878865","6500","5","B.Sc","2023-2026","Misrikh, Uttar Pradesh","PENDING CALL",""
"1177","BRDP20230100","Rekha Jaiswal","Prateek Jaiswal","9202570478","6000","5","BA","2023-2026","Khairabad, Uttar Pradesh","PENDING CALL",""
"1178","BRDP20230235","Rashi Paswan","Manoj Paswan","9189457786","6000","5","BA","2023-2026","Kanpur, Uttar Pradesh","PENDING CALL",""
"1179","BRDP20231001","Sani Devi","Satish Devi","9375738532","6000","5","BA","2023-2026","Sitapur Sadar, Uttar Pradesh","PENDING CALL",""
"1180","BRDP20231002","Priya Singh","Usha Singh","9355966688","6000","5","BA","2023-2026","Laharpur, Uttar Pradesh","PENDING CALL",""
"1181","BRDP20231008","Sunil Saini","Sanjay Saini","9962187710","6000","5","BA","2023-2026","Hargaon, Uttar Pradesh","PENDING CALL",""
"1182","BRDP20231071","Aarya Sharma","Vinod Sharma","9733216709","6000","5","BA","2023-2026","Sitapur Sadar, Uttar Pradesh","PENDING CALL",""
"1183","BRDP20230083","Rahul Khan","Pankaj Khan","9570838585","5000","5","BA","2023-2026","Misrikh, Uttar Pradesh","PENDING CALL",""
"1184","BRDP20230106","Geeta Saini","Sunita Saini","9114735421","5000","5","B.Sc","2023-2026","Patna, Uttar Pradesh","PENDING CALL",""
"1185","BRDP20230205","Avneesh Prajapati","Vinod Prajapati","9829732996","5000","5","B.Sc","2023-2026","Sidhauli, Uttar Pradesh","PENDING CALL",""
"1186","BRDP20230210","Shivangi Chaurasiya","Vijay Chaurasiya","9629721855","5000","5","B.Sc","2023-2026","Laharpur, Uttar Pradesh","PENDING CALL",""
"1187","BRDP20230251","Rekha Pal","Deepika Pal","9286025287","5000","5","B.Sc","2023-2026","Mohali, Uttar Pradesh","PENDING CALL",""
"1188","BRDP20230283","Gudiya Saini","Rahul Saini","9697406110","5000","5","B.Sc","2023-2026","Maholi, Uttar Pradesh","PENDING CALL",""
"1189","BRDP20230378","Anjali Kashyap","Sarita Kashyap","9407889273","5000","5","B.Sc","2023-2026","Laharpur, Uttar Pradesh","PENDING CALL",""
"1190","BRDP20230379","Ravi Chaurasiya","Saurabh Chaurasiya","9325331631","5000","5","B.Sc","2023-2026","Lakhimpur Kheri, Uttar Pradesh","PENDING CALL",""
"1191","BRDP20230416","Shivani Pandey","Divyanshi Pandey","9837530444","5000","5","B.Sc","2023-2026","Lakhimpur Kheri, Uttar Pradesh","PENDING CALL",""
"1192","BRDP20230480","Ritu Verma","Vinay Verma","9922797952","5000","5","BA","2023-2026","Kanpur, Uttar Pradesh","PENDING CALL",""
"1193","BRDP20230608","Diwakar Khan","Aditya Khan","9523715227","5000","5","B.Sc","2023-2026","Sidhauli, Uttar Pradesh","PENDING CALL",""
"1194","BRDP20230620","Abhishek Saini","Pooja Saini","9736987908","5000","5","BA","2023-2026","Sitapur, Uttar Pradesh","PENDING CALL",""
"1195","BRDP20230643","Vivek Gupta","Kavita Gupta","9711782992","5000","5","B.Sc","2023-2026","Sidhauli, Uttar Pradesh","PENDING CALL",""
"1196","BRDP20230657","Sanjay Mishra","Deepa Mishra","9510874133","5000","5","BA","2023-2026","Biswan, Uttar Pradesh","PENDING CALL",""
"1197","BRDP20230726","Avneesh Dubey","Aditya Dubey","9534557805","5000","5","B.Sc","2023-2026","Patna, Uttar Pradesh","PENDING CALL",""
"1198","BRDP20230831","Shivangi Dwivedi","Rahul Dwivedi","9569235472","5000","5","B.Sc","2023-2026","Laharpur, Uttar Pradesh","PENDING CALL",""
"1199","BRDP20230851","Ajay Agrahari","Pinku Agrahari","9281379366","5000","5","BA","2023-2026","Maholi, Uttar Pradesh","PENDING CALL",""
"1200","BRDP20230944","Pushpendra Prajapati","Deepa Prajapati","9989486036","5000","5","BA","2023-2026","Patna, Uttar Pradesh","PENDING CALL",""
"1201","BRDP20230946","Nainsi Saini","Pinku Saini","9764449136","5000","5","B.Sc","2023-2026","Laharpur, Uttar Pradesh","PENDING CALL",""
"1202","BRDP20230948","Vijay Rathour","Dharmendra Rathour","9825221237","5000","5","BA","2023-2026","Sitapur Sadar, Uttar Pradesh","PENDING CALL",""
"1203","BRDP20230968","Saurabh Yadav","Aarya Yadav","9142993572","5000","5","B.Sc","2023-2026","Patna, Uttar Pradesh","PENDING CALL",""
"1204","BRDP20231027","Laxmi Verma","Rohan Verma","9497658968","5000","5","B.Sc","2023-2026","Patna, Uttar Pradesh","PENDING CALL",""
"1205","BRDP20231083","Seema Dwivedi","Mahek Dwivedi","9350175874","5000","5","B.Sc","2023-2026","Misrikh, Uttar Pradesh","PENDING CALL",""
"1206","BRDP20231123","Divanshi Yadav","Laxmi Yadav","9320210349","5000","5","B.Sc","2023-2026","Sitapur, Uttar Pradesh","PENDING CALL",""
"1207","BRDP20231189","Sandeep Dwivedi","Anamika Dwivedi","9357277638","5000","5","B.Sc","2023-2026","Lucknow, Uttar Pradesh","PENDING CALL",""
"1208","BRDP20231246","Rekha Kumar","Saumya Kumar","9544932378","5000","5","BA","2023-2026","Maholi, Uttar Pradesh","PENDING CALL",""
"1209","2450871010030","DIPANSHI","RAMNATH","--","4500","5","BA","2024-2027","biswan","PENDING CALL",""
"1210","BRDP20230462","Priya Kumar","Ankul Kumar","9688186413","4500","5","BA","2023-2026","Misrikh, Uttar Pradesh","PENDING CALL",""
"1211","BRDP20230497","Shivangi Khan","Meena Khan","9388633423","4500","5","BA","2023-2026","Kanpur, Uttar Pradesh","PENDING CALL",""
"1212","BRDP20230697","Abhishek Verma","Sangita Verma","9975020349","4500","5","BA","2023-2026","Khairabad, Uttar Pradesh","PENDING CALL",""
"1213","BRDP20230737","Vinay Verma","Anamika Verma","9629808227","4500","5","BA","2023-2026","Laharpur, Uttar Pradesh","PENDING CALL",""
"1214","BRDP20230867","Ankul Kumar","Amit Kumar","9678128216","4500","5","BA","2023-2026","Sitapur Sadar, Uttar Pradesh","PENDING CALL",""
"1215","BRDP20230994","Deepak Gupta","Yashee Gupta","9404513148","4500","5","BA","2023-2026","Sidhauli, Uttar Pradesh","PENDING CALL",""
"1216","BRDP20231103","Subhendu Agrahari","Vikas Agrahari","9659369808","4500","5","BA","2023-2026","Sidhauli, Uttar Pradesh","PENDING CALL",""
"1217","2450871010055","PANKAJ VERMA","BABURAM","--","4300","1","BA","2024-2027","SITAPUR","PENDING CALL",""
"1218","BRDP20230533","Sani Dubey","Subhendu Dubey","9288229290","4000","5","BA","2023-2026","Patna, Uttar Pradesh","PENDING CALL",""
"1219","BRDP20230582","Manoj Singh","Divanshi Singh","9774527234","4000","5","BA","2023-2026","Hargaon, Uttar Pradesh","PENDING CALL",""
"1220","BRDP20230669","Satish Singh","Yashee Singh","9101743237","4000","5","BA","2023-2026","Sitapur Sadar, Uttar Pradesh","PENDING CALL",""
"1221","BRDP20231098","Divanshi Pandey","Amit Pandey","9985136907","4000","5","BA","2023-2026","Maholi, Uttar Pradesh","PENDING CALL",""
"1222","2450871010030","DIPANSHI","RAMNATH","--","3500","1","BA","2024-2027","VILL MOCH KALA","PENDING CALL",""
"1223","2450871010095","SHIVANKI VERMA","PRAMOD SARAN","--","3500","1","BA","2024-2027","SITAPUR","PENDING CALL",""
"1224","2450871010025","DEEPA VERMA","MANOJ KUMAR","--","3500","1","BA","2024-2027","SITAPUR","PENDING CALL",""
"1225","BRDP20230335","Pari Prajapati","Raj Prajapati","9606701972","3500","5","BA","2023-2026","Kanpur, Uttar Pradesh","PENDING CALL",""
"1226","BRDP20230644","Ashutosh Saini","Saurabh Saini","9920231951","3500","5","BA","2023-2026","Sitapur, Uttar Pradesh","PENDING CALL",""
"1227","BRDP20230163","Deepika Shukla","Naimish Shukla","9630132673","3000","5","BA","2023-2026","Laharpur, Uttar Pradesh","PENDING CALL",""
"1228","BRDP20230165","Asha Kashyap","Ravi Kashyap","9358677956","3000","5","BA","2023-2026","Khairabad, Uttar Pradesh","PENDING CALL",""
"1229","BRDP20230182","Anjali Gupta","Aarya Gupta","9102670000","3000","5","BA","2023-2026","Misrikh, Uttar Pradesh","PENDING CALL",""
"1230","BRDP20230191","Aarti Rajpoot","Sani Rajpoot","9174924411","3000","5","BA","2023-2026","Sitapur, Uttar Pradesh","PENDING CALL",""
"1231","BRDP20230258","Sani Tripathi","Naimish Tripathi","9996533818","3000","5","BA","2023-2026","Misrikh, Uttar Pradesh","PENDING CALL",""
"1232","BRDP20230279","Suresh Tripathi","Deepika Tripathi","9136732769","3000","5","BA","2023-2026","Sitapur, Uttar Pradesh","PENDING CALL",""
"1233","BRDP20230281","Vivek Dwivedi","Shivani Dwivedi","9720563779","3000","5","BA","2023-2026","Mohali, Uttar Pradesh","PENDING CALL",""
"1234","BRDP20230328","Dipanshi Kumar","Vikas Kumar","9814922311","3000","5","BA","2023-2026","Patna, Uttar Pradesh","PENDING CALL",""
"1235","BRDP20230340","Roshani Dubey","Kavita Dubey","9968690020","3000","5","BA","2023-2026","Khairabad, Uttar Pradesh","PENDING CALL",""
"1236","BRDP20230347","Sandeep Maurya","Aditya Maurya","9778848194","3000","5","BA","2023-2026","Lucknow, Uttar Pradesh","PENDING CALL",""
"1237","BRDP20230348","Divyanshi Paswan","Roshani Paswan","9369731458","3000","5","BA","2023-2026","Kanpur, Uttar Pradesh","PENDING CALL",""
"1238","BRDP20230442","Rahul Mishra","Ashish Mishra","9831019757","3000","5","BA","2023-2026","Lucknow, Uttar Pradesh","PENDING CALL",""
"1239","BRDP20230512","Saurabh Shukla","Shivani Shukla","9861546081","3000","5","BA","2023-2026","Lucknow, Uttar Pradesh","PENDING CALL",""
"1240","BRDP20230514","Priya Paswan","Pooja Paswan","9909684330","3000","5","BA","2023-2026","Biswan, Uttar Pradesh","PENDING CALL",""
"1241","BRDP20230566","Vikas Paswan","Sani Paswan","9745816562","3000","5","BA","2023-2026","Hargaon, Uttar Pradesh","PENDING CALL",""
"1242","BRDP20230590","Vivek Maurya","Manoj Maurya","9493497906","3000","5","BA","2023-2026","Sidhauli, Uttar Pradesh","PENDING CALL",""
"1243","BRDP20230746","Rohan Khan","Ayush Khan","9767826013","3000","5","BA","2023-2026","Kanpur, Uttar Pradesh","PENDING CALL",""
"1244","BRDP20230780","Gudiya Giri","Sunil Giri","9828873644","3000","5","BA","2023-2026","Sitapur Sadar, Uttar Pradesh","PENDING CALL",""
"1245","BRDP20230858","Raj Paswan","Iliyash Paswan","9772906701","3000","5","BA","2023-2026","Maholi, Uttar Pradesh","PENDING CALL",""
"1246","BRDP20230866","Pushpendra Dubey","Vijay Dubey","9895794760","3000","5","BA","2023-2026","Misrikh, Uttar Pradesh","PENDING CALL",""
"1247","BRDP20230889","Aarav Gupta","Divanshi Gupta","9631217772","3000","5","BA","2023-2026","Sitapur, Uttar Pradesh","PENDING CALL",""
"1248","BRDP20230985","Ajay Chaurasiya","Aarti Chaurasiya","9635531093","3000","5","BA","2023-2026","Laharpur, Uttar Pradesh","PENDING CALL",""
"1249","BRDP20231022","Ananya Tripathi","Sani Tripathi","9644021674","3000","5","BA","2023-2026","Sidhauli, Uttar Pradesh","PENDING CALL",""
"1250","BRDP20231218","Sandeep Tiwari","Shivangi Tiwari","9334870348","3000","5","BA","2023-2026","Khairabad, Uttar Pradesh","PENDING CALL",""