"S.No","User Account ID","User Email / Login ID","User Role","Account Status","Last Login Date","Roll No","Student Name","Father Name","Phone / Contact","Course","Session","Current Semester","Student Address","Record Status","Sem 1 Fee (₹)","Sem 1 Paid (₹)","Sem 1 Pending (₹)","Sem 2 Fee (₹)","Sem 2 Paid (₹)","Sem 2 Pending (₹)","Sem 3 Fee (₹)","Sem 3 Paid (₹)","Sem 3 Pending (₹)","Sem 4 Fee (₹)","Sem 4 Paid (₹)","Sem 4 Pending (₹)","Sem 5 Fee (₹)","Sem 5 Paid (₹)","Sem 5 Pending (₹)","Sem 6 Fee (₹)","Sem 6 Paid (₹)","Sem 6 Pending (₹)","Total Course Fee (₹)","Total Paid (₹)","Overall Pending Balance (₹)","Fee Payment Status","Calling Action Priority"
"1","69e7b46f1cf78901a133bba4","Vivek@yopmail.com","STUDENT","INACTIVE","--","A-001","Raviraj Kumar Tiwari","Rajesh Kumar","6209464451","BA","2026-2029","1","123 Main Street, Patna, Bihar - 800001","DELETED","25000","24500","500","22000","20000","2000","22000","0","22000","22000","0","22000","22000","0","22000","22000","0","22000","135000","44500","90500","PARTIAL","CALL IMMEDIATELY (DUE: ₹90500)"
"2","69e7b8207c4aa6551dc76a1e","marvin@yopmail.com","STUDENT","INACTIVE","--","C-12","Marvin Glenn","Armando Norman","--","BA","2026-2029","1","Mohali, Punjab, India","DELETED","25000","24000","1000","22000","0","22000","22000","0","22000","22000","0","22000","22000","0","22000","22000","0","22000","135000","24000","111000","PARTIAL","CALL IMMEDIATELY (DUE: ₹111000)"
"3","69e7bebfebf90b63f39d112b","juwiqari@mailinator.com","STUDENT","INACTIVE","--","C-1205","Gemma Donaldson","Iliana Emerson","--","BA","2026-2029","1","Ad nisi ab dolorum t","DELETED","25000","24900","100","22000","15000","7000","22000","0","22000","22000","0","22000","22000","0","22000","22000","0","22000","135000","39900","95100","PARTIAL","CALL IMMEDIATELY (DUE: ₹95100)"
"4","69e7c1e8e47c4b1a2edc07f3","rahul@yopmail.com","STUDENT","INACTIVE","--","A-10001","Rahu Pant","Mukesh Pant","--","BA","2026-2029","1","Mohali, Punjab, India","DELETED","25000","21000","4000","22000","0","22000","22000","0","22000","22000","0","22000","22000","0","22000","22000","0","22000","135000","21000","114000","PARTIAL","CALL IMMEDIATELY (DUE: ₹114000)"
"5","69ec90b3a7cf720fa531674c","vinaybrdp@gmail.com","STUDENT","INACTIVE","--","2350524010081","vinay sharma","ram kishor sharma","--","B.Sc","2023-2026","1","SITAPUR","DELETED","5000","0","5000","5000","0","5000","5000","0","5000","5000","0","5000","5000","0","5000","5000","0","5000","30000","0","30000","PENDING","CALL IMMEDIATELY (DUE: ₹30000)"
"6","69ec90cda7cf720fa5316755","vinaybrdp1@gmail.com","STUDENT","INACTIVE","--","2350524010081","vinay sharma","ram kishor sharma","--","B.Sc","2023-2026","1","SITAPUR","DELETED","5000","0","5000","5000","0","5000","5000","0","5000","5000","0","5000","5000","0","5000","5000","0","5000","30000","0","30000","PENDING","CALL IMMEDIATELY (DUE: ₹30000)"
"7","69ec90e1a7cf720fa531675e","vinaysharmabrdp1@gmail.com","STUDENT","INACTIVE","--","2350524010081","vinay sharma","ram kishor sharma","--","B.Sc","2023-2026","1","SITAPUR","DELETED","5000","5000","0","5000","0","5000","5000","0","5000","5000","0","5000","5000","0","5000","5000","0","5000","30000","5000","25000","PARTIAL","CALL IMMEDIATELY (DUE: ₹25000)"
"8","69eefb8ba74759db0aadd61f","dhanirambhargav30@gmail.com","STUDENT","ACTIVE","--","LURNS2600281544","ANJALI","DHANIRAM","--","BA","2026-2029","1","Vill jagdishpur","ACTIVE","3000","1000","2000","3000","0","3000","3000","0","3000","3000","0","3000","3000","0","3000","3000","0","3000","18000","1000","17000","PARTIAL","CALL IMMEDIATELY (DUE: ₹17000)"
"9","69f97b1d3657627700c3f9db","GUDIYAMISHRABRDP@GMAIL.COM","STUDENT","ACTIVE","--","02","GUDIYA MISHRA ","SHYAM BIHARI","--","BA","2026-2029","1","SITAPUR","ACTIVE","3000","2500","500","3000","0","3000","3000","0","3000","3000","0","3000","3000","0","3000","3000","0","3000","18000","2500","15500","PARTIAL","CALL IMMEDIATELY (DUE: ₹15500)"
"10","69fd981f6d1e14ddc993277f","PRASHANTTRIPATHI511@GMAIL.COM","STUDENT","ACTIVE","--","0","YASHEE SHUKLA ","PUSHKAR KUMAR SHUKLA ","--","B.Sc","2026-2029","1","sitapur","ACTIVE","5000","1000","4000","5000","0","5000","5000","0","5000","5000","0","5000","5000","0","5000","5000","0","5000","30000","1000","29000","PARTIAL","CALL IMMEDIATELY (DUE: ₹29000)"
"11","69fd98dbe753c72c593c47be","SUBHENDUBRDP@GMAIL.COM","STUDENT","ACTIVE","--","0","SUBHENDU SHUKLA","PUSHKAR SHUKLA","--","BA","2026-2029","1","SITAPUR","ACTIVE","3000","1000","2000","3000","0","3000","3000","0","3000","3000","0","3000","3000","0","3000","3000","0","3000","18000","1000","17000","PARTIAL","CALL IMMEDIATELY (DUE: ₹17000)"
"12","69fee515c8caec9fa823e0c2","ASHISHBRDP@GAMIL.COM","STUDENT","ACTIVE","--","2550521010027","ASHISH RATHOUR","RAM CHANDRA ","--","BA","2025-2028","1","SITAPUR
SITAPUR","ACTIVE","3000","0","3000","3000","2000","1000","3000","0","3000","3000","0","3000","3000","0","3000","3000","0","3000","18000","2000","16000","PARTIAL","CALL IMMEDIATELY (DUE: ₹16000)"
"13","69fef7cb919564e2e995ad39","NAIMISHKUMARBRDP@GMAIL.COM","STUDENT","ACTIVE","2026-05-09","03","NAIMISH KUMAR","ASHOK KUMAR","--","B.Sc","2026-2029","1","SITAPUR
SITAPUR","ACTIVE","5000","4000","1000","5000","0","5000","5000","0","5000","5000","0","5000","5000","0","5000","5000","0","5000","30000","4000","26000","PARTIAL","CALL IMMEDIATELY (DUE: ₹26000)"
"14","69fef91850b70fe5892c7491","ANONYMOUS@gmail.com","STUDENT","ACTIVE","--","011","SANGITA DEVI","AA","--","BA","2026-2029","1","SITAPUR
SITAPUR","ACTIVE","3000","1000","2000","3000","0","3000","3000","0","3000","3000","0","3000","3000","0","3000","3000","0","3000","18000","1000","17000","PARTIAL","CALL IMMEDIATELY (DUE: ₹17000)"
"15","6a02ca1d8abe96492cde2196","ALOKBRDP@GMAIL.COM","STUDENT","ACTIVE","--","6","ALOK ","SATISH KUMAR ","--","B.Sc","2026-2029","1","SITAPUR
","ACTIVE","5000","5000","0","5000","0","5000","5000","0","5000","5000","0","5000","5000","0","5000","5000","0","5000","30000","5000","25000","PARTIAL","CALL IMMEDIATELY (DUE: ₹25000)"
"16","6a02cae49fdded1b782fb825","AVNEESHKUMARBRDP@GMAIL.COM","STUDENT","ACTIVE","--","0","AVNEESH KUMAR ","VIDYA SAGAR ","--","B.Sc","2026-2029","1","SITAPUR
SITAPUR","ACTIVE","5000","1500","3500","5000","0","5000","5000","0","5000","5000","0","5000","5000","0","5000","5000","0","5000","30000","1500","28500","PARTIAL","CALL IMMEDIATELY (DUE: ₹28500)"
"17","6a02fdb4528d7642308fa80f","ashutoshsrivastavabrdp@gmail.com","STUDENT","ACTIVE","2026-05-12","07","ASHUTOSH SRIVASTAVA","VINOD KUMAR SRIVASTAVA","--","B.Sc","2026-2029","1","SITAPUR
SITAPUR","ACTIVE","5000","2000","3000","5000","0","5000","5000","0","5000","5000","0","5000","5000","0","5000","5000","0","5000","30000","2000","28000","PARTIAL","CALL IMMEDIATELY (DUE: ₹28000)"
"18","6a05a779602030ec41e66943","KUMARBRDP@GMAIL.COM","STUDENT","ACTIVE","--","0","PUSHPENDRA GUPTA","JEETRAN ","--","BA","2026-2029","1","SITAPUR","ACTIVE","3000","2000","1000","3000","0","3000","3000","0","3000","3000","0","3000","3000","0","3000","3000","0","3000","18000","2000","16000","PARTIAL","CALL IMMEDIATELY (DUE: ₹16000)"
"19","6a05a8c04d72bb51c6f543b9","SANIBRDP@GMAIL.COM","STUDENT","ACTIVE","--","0","SANI ","BHUPENDRA KUMAR","--","B.Sc","2026-2029","1","SITAPUR
","ACTIVE","5000","3000","2000","5000","0","5000","5000","0","5000","5000","0","5000","5000","0","5000","5000","0","5000","30000","3000","27000","PARTIAL","CALL IMMEDIATELY (DUE: ₹27000)"
"20","6a06f60f7ee2b9ba495350c4","ashutoshvermabrdp2@gmail.com","STUDENT","INACTIVE","--","usha","ashutosh","verma","--","B.Sc","2026-2029","1","VILL MOHIDDINPUR PO DISTT SITAPUR","DELETED","5000","2000","3000","5000","0","5000","5000","0","5000","5000","0","5000","5000","0","5000","5000","0","5000","30000","2000","28000","PARTIAL","CALL IMMEDIATELY (DUE: ₹28000)"
"21","6a0a9fc9a54c0f810c3a11d6","SAUMYABRDP@GMAIL.COM","STUDENT","ACTIVE","--","12","SAUMYA PAL","ANRUDDH KUMAR ","--","B.Sc","2026-2029","1","SITAPUR
SITAPUR","ACTIVE","5000","4000","1000","5000","0","5000","5000","0","5000","5000","0","5000","5000","0","5000","5000","0","5000","30000","4000","26000","PARTIAL","CALL IMMEDIATELY (DUE: ₹26000)"
"22","6a13db741a4deb1aacd947cb","rajdwbrdp@gmail.com","STUDENT","ACTIVE","--","12","RAJ DWIVEDI","DHEERAJ KUMAR DWIVEDI","--","BA","2026-2029","1","SITAPUR
SITAPUR","ACTIVE","3000","1000","2000","3000","0","3000","3000","0","3000","3000","0","3000","3000","0","3000","3000","0","3000","18000","1000","17000","PARTIAL","CALL IMMEDIATELY (DUE: ₹17000)"
"23","6a153be3a983b0f8ba2b6b7a","LAXMIBRDP@GMAIL.COM","STUDENT","ACTIVE","--","13","LAXMI ","RAMLAKHAN ","--","B.Sc","2026-2029","1","kheri ","ACTIVE","5000","3000","2000","5000","0","5000","5000","0","5000","5000","0","5000","5000","0","5000","5000","0","5000","30000","3000","27000","PARTIAL","CALL IMMEDIATELY (DUE: ₹27000)"
"24","6a167d6cfd75cfee33b1d039","ANAMIKABRDP@GMAIL.COM","STUDENT","ACTIVE","--","15","ANAMIKA VERMA ","PRADEEP KUMAR VERMA ","--","B.Sc","2026-2029","1","sitapur ","ACTIVE","5000","5000","0","5000","0","5000","5000","0","5000","5000","0","5000","5000","0","5000","5000","0","5000","30000","5000","25000","PARTIAL","CALL IMMEDIATELY (DUE: ₹25000)"
"25","6a169d0209e2123a344e1be9","AYUSHBRDP@GMAIL.COM","STUDENT","ACTIVE","--","16","AYUSH KANAUJIYA ","VED PRAKASH ","--","B.Sc","2026-2029","1","SITAPUR","ACTIVE","5000","1500","3500","5000","0","5000","5000","0","5000","5000","0","5000","5000","0","5000","5000","0","5000","30000","1500","28500","PARTIAL","CALL IMMEDIATELY (DUE: ₹28500)"
"26","6a192b23c56e7a039465d5b9","ABHISHEKKUMARBRDP@GMAIL.COM","STUDENT","ACTIVE","--","17","ABHISHEK KUMAR ","SAMVARI ","--","B.Sc","2026-2029","1","sitapur","ACTIVE","5000","2000","3000","5000","0","5000","5000","0","5000","5000","0","5000","5000","0","5000","5000","0","5000","30000","2000","28000","PARTIAL","CALL IMMEDIATELY (DUE: ₹28000)"
"27","6a1a709ceadbec982a5d9f82","ROSHANIBRDP@GMAIL.COM","STUDENT","ACTIVE","--","6","ROSHANI DEVI ","RAJKUMAR ","--","BA","2026-2029","1","SITAPUR ","ACTIVE","3000","1000","2000","3000","0","3000","3000","0","3000","3000","0","3000","3000","0","3000","3000","0","3000","18000","1000","17000","PARTIAL","CALL IMMEDIATELY (DUE: ₹17000)"
"28","6a1a831ad18717a4703d8a40","PRIYAPANDEYBRDP@gmail.com","STUDENT","ACTIVE","--","18","PRIYA PANDEY","JAI KUMAR PANDEY","--","B.Sc","2026-2029","1","SITAPUR
SITAPUR","ACTIVE","5000","1000","4000","5000","0","5000","5000","0","5000","5000","0","5000","5000","0","5000","5000","0","5000","30000","1000","29000","PARTIAL","CALL IMMEDIATELY (DUE: ₹29000)"
"29","6a1d27b0e21b66d6b39788b8","NAINSIBRDP@GMAIL.COM","STUDENT","INACTIVE","--","6","NAINSI YADAV","SARVESH KUMAR ","--","BA","2026-2029","1","SITAPUR
SITAPUR","DELETED","5000","1000","4000","5000","0","5000","5000","0","5000","5000","0","5000","5000","0","5000","5000","0","5000","30000","1000","29000","PARTIAL","CALL IMMEDIATELY (DUE: ₹29000)"
"30","6a1d287c42f0d059343110bd","YADAVBRDP@GMAIL.COM","STUDENT","ACTIVE","--","6","NAINSI YADAV","SARVESH KUMAR ","--","BA","2026-2029","1","SITAPUR
SITAPUR","ACTIVE","3000","1000","2000","3000","0","3000","3000","0","3000","3000","0","3000","3000","0","3000","3000","0","3000","18000","1000","17000","PARTIAL","CALL IMMEDIATELY (DUE: ₹17000)"
"31","6a1e8b436f06b226b4cd5721","DIYANSHI@GMAIL.COM","STUDENT","ACTIVE","--","8","DIVYANSHI ","DHARMENDRA KUMAR ","--","BA","2026-2029","1","SITAPUR
SITAPUR","ACTIVE","3000","500","2500","3000","0","3000","3000","0","3000","3000","0","3000","3000","0","3000","3000","0","3000","18000","500","17500","PARTIAL","CALL IMMEDIATELY (DUE: ₹17500)"
"32","6a1fd44e122f32bc029da09e","Shivani2008@gmail.com","STUDENT","ACTIVE","--","04","SHIVANI VERMA","SUNEEL KUMAR","--","BA","2026-2029","1","Vill baddaripurva, shivrukhkala, sadarpur sitapur","ACTIVE","3000","900","2100","3000","0","3000","3000","0","3000","3000","0","3000","3000","0","3000","3000","0","3000","18000","900","17100","PARTIAL","CALL IMMEDIATELY (DUE: ₹17100)"
"33","6a1fd47e122f32bc029da0a8","RAVIRAJBRDP@GMAIL.COM","STUDENT","ACTIVE","--","19","RAVI RAJ","RAM SAGAR","--","B.Sc","2026-2029","1","sitapur","ACTIVE","5000","5000","0","5000","0","5000","5000","0","5000","5000","0","5000","5000","0","5000","5000","0","5000","30000","5000","25000","PARTIAL","CALL IMMEDIATELY (DUE: ₹25000)"
"34","6a1fd5103f0ba46af870add3","Divanshi2006@gmail.com","STUDENT","ACTIVE","--","5087-03","DIVANSHI VERMA","RAKESH KUMAR","--","BA","2026-2029","1","VILL LALAPURWA , INAYATPUR, SITAPUR","ACTIVE","3000","2000","1000","3000","0","3000","3000","0","3000","3000","0","3000","3000","0","3000","3000","0","3000","18000","2000","16000","PARTIAL","CALL IMMEDIATELY (DUE: ₹16000)"
"35","6a1fd5973f0ba46af870addd","Dibya2007@gmail.com","STUDENT","ACTIVE","--","5087-05","DIBYA BHARTI","VISHNU KUMAR","--","BA","2026-2029","1","VILL SARAIYA CHALAKAPUR BHUSNA, SITAPUR","ACTIVE","3000","1000","2000","3000","0","3000","3000","0","3000","3000","0","3000","3000","0","3000","3000","0","3000","18000","1000","17000","PARTIAL","CALL IMMEDIATELY (DUE: ₹17000)"
"36","6a21261755ee9c9f9de4b7b9","ravikumarmmb2007@gmail.com","STUDENT","ACTIVE","--","5087-10","RAVI KUMAR","DINESH KUMAR","--","BA","2026-2029","1","VILL PAHARAPUR","ACTIVE","3000","1000","2000","3000","0","3000","3000","0","3000","3000","0","3000","3000","0","3000","3000","0","3000","18000","1000","17000","PARTIAL","CALL IMMEDIATELY (DUE: ₹17000)"
"37","6a21268055ee9c9f9de4b7c3","sonu2008@gmail.com","STUDENT","ACTIVE","--","5087-09","SONU","RAM SINGH","--","BA","2026-2029","1","VILL JINGALABAD, HUSAINPUR SARAIYAN ","ACTIVE","3000","2000","1000","3000","0","3000","3000","0","3000","3000","0","3000","3000","0","3000","3000","0","3000","18000","2000","16000","PARTIAL","CALL IMMEDIATELY (DUE: ₹16000)"
"38","6a2126e395f23be8612446ec","Sandeep2008@gmail.com","STUDENT","ACTIVE","--","5087-06","SANDEEP KUMAR","RAM KUMAR","--","BA","2026-2029","1","VILL HUSAINPUR SARAIYAN MAHIPAT SINGH","ACTIVE","3000","1000","2000","3000","0","3000","3000","0","3000","3000","0","3000","3000","0","3000","3000","0","3000","18000","1000","17000","PARTIAL","CALL IMMEDIATELY (DUE: ₹17000)"
"39","6a2131ef2ee3ed9de8171293","SONIKABRDP@GMAIL.COM","STUDENT","ACTIVE","--","20","SONIKA RAJPOOT ","RAMCHANDRA  RAJPOOT ","--","B.Sc","2026-2029","1","sitapur","ACTIVE","5000","2000","3000","5000","0","5000","5000","0","5000","5000","0","5000","5000","0","5000","5000","0","5000","30000","2000","28000","PARTIAL","CALL IMMEDIATELY (DUE: ₹28000)"
"40","6a23cabc4a9f17c2ef33faeb","SHIVAMBRDP@GMAIL.COM","STUDENT","ACTIVE","--","7","SHIVAM ","MAHAVEER ","--","BA","2026-2029","1","SITAPUR
SITAPUR","ACTIVE","3000","1000","2000","3000","0","3000","3000","0","3000","3000","0","3000","3000","0","3000","3000","0","3000","18000","1000","17000","PARTIAL","CALL IMMEDIATELY (DUE: ₹17000)"
"41","6a23cb204a9f17c2ef33faf5","ANKULKUMSRBRDP@GMAIL.COM","STUDENT","ACTIVE","--","8","ANKUL KUMAR ","RAJESH KUMAR ","--","BA","2026-2029","1","SITAPUR
SITAPUR","ACTIVE","3000","1000","2000","3000","0","3000","3000","0","3000","3000","0","3000","3000","0","3000","3000","0","3000","18000","1000","17000","PARTIAL","CALL IMMEDIATELY (DUE: ₹17000)"
"42","6a23d4fa1a7a6040e5ec1568","vivekbrdp@gmail.com","STUDENT","ACTIVE","--","20","vivek ","shiv lal","--","B.Sc","2026-2029","1","SITAPUR
SITAPUR","ACTIVE","5000","1000","4000","5000","0","5000","5000","0","5000","5000","0","5000","5000","0","5000","5000","0","5000","30000","1000","29000","PARTIAL","CALL IMMEDIATELY (DUE: ₹29000)"
"43","6a27cc2140ea8f8de70cc5ae","Dipanshi@gmail.com","STUDENT","INACTIVE","--","2450871010030","DIPANSHI","RAMNATH","--","BA","2024-2027","1","VILL MOCH KALA","DELETED","2500","2500","0","2500","2500","0","2500","2500","0","2500","2500","0","2500","1500","1000","2500","0","2500","15000","11500","3500","PARTIAL","CALL IMMEDIATELY (DUE: ₹3500)"
"44","6a27cddd67e0d9a06e015031","deepanshirakdm@gmail.com","STUDENT","INACTIVE","--","2450871010030","DIPANSHI","RAMNATH","--","BA","2024-2027","1","biswan","DELETED","3000","0","3000","3000","0","3000","3000","0","3000","3000","0","3000","3000","0","3000","3000","0","3000","18000","0","18000","PENDING","CALL IMMEDIATELY (DUE: ₹18000)"
"45","6a27cdf067e0d9a06e01503a","deepanshirakdm1@gmail.com","STUDENT","ACTIVE","--","2450871010030","DIPANSHI","RAMNATH","--","BA","2024-2027","5","biswan","ACTIVE","3000","3000","0","3000","3000","0","3000","3000","0","3000","3000","0","3000","1500","1500","3000","0","3000","18000","13500","4500","PARTIAL","CALL IMMEDIATELY (DUE: ₹4500)"
"46","6a290acdbbe1e595d2cac0f8","SHIVANKIRAKDM@gmail.com","STUDENT","ACTIVE","--","2450871010095","SHIVANKI VERMA","PRAMOD SARAN","--","BA","2024-2027","1","SITAPUR","ACTIVE","3000","3000","0","3000","3000","0","3000","3000","0","3000","3000","0","3000","2500","500","3000","0","3000","18000","14500","3500","PARTIAL","CALL IMMEDIATELY (DUE: ₹3500)"
"47","6a290b1abbe1e595d2cac102","Deeparakdm@gmail.com","STUDENT","ACTIVE","--","2450871010025","DEEPA VERMA","MANOJ KUMAR","--","BA","2024-2027","1","SITAPUR","ACTIVE","3000","3000","0","3000","3000","0","3000","3000","0","3000","3000","0","3000","2500","500","3000","0","3000","18000","14500","3500","PARTIAL","CALL IMMEDIATELY (DUE: ₹3500)"
"48","6a2945a3bc13a15cdcb5084f","AVNISHBRDP@gmail.com","STUDENT","ACTIVE","--","10","AVNISH KUMAR MISHRA","SATISH MISHRA","--","BA","2026-2029","1","SITAPUR","ACTIVE","3000","1000","2000","3000","0","3000","3000","0","3000","3000","0","3000","3000","0","3000","3000","0","3000","18000","1000","17000","PARTIAL","CALL IMMEDIATELY (DUE: ₹17000)"
"49","6a2a5270c20ddc5145c682aa","pankajrakdm@gmail.com","STUDENT","ACTIVE","--","2450871010055","PANKAJ VERMA","BABURAM","--","BA","2024-2027","1","SITAPUR","ACTIVE","3000","3000","0","3000","3000","0","3000","3000","0","3000","3000","0","3000","1700","1300","3000","0","3000","18000","13700","4300","PARTIAL","CALL IMMEDIATELY (DUE: ₹4300)"
"50","6a2bb58545692c9eda3f58c3","SAURABHBRDP@GMIL.COM","STUDENT","ACTIVE","--","21","SAURABH PAL","HANSRAM","--","B.Sc","2026-2029","1","SITAPUR","ACTIVE","5000","2000","3000","5000","0","5000","5000","0","5000","5000","0","5000","5000","0","5000","5000","0","5000","30000","2000","28000","PARTIAL","CALL IMMEDIATELY (DUE: ₹28000)"
"51","6a2d129132e7833b63c82ee0","diwakarbrdp@gmail.com","STUDENT","ACTIVE","--","22","DIWAKAR PANDEY","PRADEEP KUMAR PANDEY","--","B.Sc","2026-2029","1","sitapur","ACTIVE","5000","1000","4000","5000","0","5000","5000","0","5000","5000","0","5000","5000","0","5000","5000","0","5000","30000","1000","29000","PARTIAL","CALL IMMEDIATELY (DUE: ₹29000)"
"52","6a2fa26d2e14db81a337d50e","MAHEKBRDP@GMAIL.COM","STUDENT","ACTIVE","--","12","MAHEK VERMA ","AJAY KUMAR VERMA ","--","BA","2026-2029","1","SITAPUR","ACTIVE","3000","3000","0","3000","0","3000","3000","0","3000","3000","0","3000","3000","0","3000","3000","0","3000","18000","3000","15000","PARTIAL","CALL IMMEDIATELY (DUE: ₹15000)"
"53","6a33bb2ee5b16b5d93b8c13f","AYUSHBRDP@gmail.com","STUDENT","ACTIVE","--","24","AYUSH PANDEY","DAYANIDHI PANDEY","--","B.Sc","2026-2029","1","SITAPUR","ACTIVE","5000","5000","0","5000","0","5000","5000","0","5000","5000","0","5000","5000","0","5000","5000","0","5000","30000","5000","25000","PARTIAL","CALL IMMEDIATELY (DUE: ₹25000)"
"54","6a38f522e5ab85b61ad58a2f","ADARSHBRDP@GMAIL.COM","STUDENT","ACTIVE","--","13","ADARSH SRIVASTAVA ","SUDHIR KUMAR SRIVASTAVA ","--","BA","2026-2029","1","SITAPUR","ACTIVE","3000","1500","1500","3000","0","3000","3000","0","3000","3000","0","3000","3000","0","3000","3000","0","3000","18000","1500","16500","PARTIAL","CALL IMMEDIATELY (DUE: ₹16500)"
"55","6a3a3598d165fc8028475c81","AARYABRDP@GMAIL.COM","STUDENT","ACTIVE","--","26","AARYA VERMA","TARUN KUMAR VERMA ","--","B.Sc","2026-2029","1","SITAPUR","ACTIVE","5000","0.25","4999.75","5000","0","5000","5000","0","5000","5000","0","5000","5000","0","5000","5000","0","5000","30000","0.25","29999.75","PARTIAL","CALL IMMEDIATELY (DUE: ₹29999.75)"
"56","6a3a4b72ac16b46d8fe9ca2f","PARIBRDP@GMAIL.COM","STUDENT","ACTIVE","--","27","PARI GUPTA","DEEPU GUPTA ","--","B.Sc","2026-2029","1","SITAPUR","ACTIVE","5000","3000","2000","5000","0","5000","5000","0","5000","5000","0","5000","5000","0","5000","5000","0","5000","30000","3000","27000","PARTIAL","CALL IMMEDIATELY (DUE: ₹27000)"
"57","6a3a4bffac16b46d8fe9ca39","RASHIBRDP@GMAIL.COM","STUDENT","ACTIVE","--","28","RASHI KANOJIYA ","RAMCHANDRA","--","B.Sc","2026-2029","1","SITAPUR","ACTIVE","5000","3000","2000","5000","0","5000","5000","0","5000","5000","0","5000","5000","0","5000","5000","0","5000","30000","3000","27000","PARTIAL","CALL IMMEDIATELY (DUE: ₹27000)"
"58","6a3b8931efa64e219c13619d","VISHALBRDP@GMAIL.COM","STUDENT","INACTIVE","--","29","VISHAL SHARMA ","VINOD KUMAR","--","B.Sc","2026-2029","1","SITAPUR","DELETED","5000","1000","4000","5000","0","5000","5000","0","5000","5000","0","5000","5000","0","5000","5000","0","5000","30000","1000","29000","PARTIAL","CALL IMMEDIATELY (DUE: ₹29000)"
"59","6a3b8a120fb2f0e2308c6b1c","VISHALSHARMABRDP@GMAIL.COM","STUDENT","ACTIVE","--","29","VISHAL SHARMA ","VINOD KUMAR ","--","B.Sc","2026-2029","1","SITAPUR","ACTIVE","5000","1000","4000","5000","0","5000","5000","0","5000","5000","0","5000","5000","0","5000","5000","0","5000","30000","1000","29000","PARTIAL","CALL IMMEDIATELY (DUE: ₹29000)"
"60","6a3bd9239d0aaf01063523fb","testuser@gmail.com","STUDENT","INACTIVE","--","10089","Test User","Test","--","B.Sc","2026-2029","1","India","DELETED","5000","1000","4000","5000","0","5000","5000","0","5000","5000","0","5000","5000","0","5000","5000","0","5000","30000","1000","29000","PARTIAL","CALL IMMEDIATELY (DUE: ₹29000)"
"61","6a3cd53d8f58fffbdbbb5e70","PUSHPENDRABRDP@gmail.com","STUDENT","ACTIVE","--","30","PUSHPENDRA","KAPTAN","--","B.Sc","2026-2029","1","SITAPUR","ACTIVE","5000","5000","0","5000","0","5000","5000","0","5000","5000","0","5000","5000","0","5000","5000","0","5000","30000","5000","25000","PARTIAL","CALL IMMEDIATELY (DUE: ₹25000)"
"62","6a3d503c35ef01602879949b","c-006@student.brdp.local","STUDENT","INACTIVE","--","C-006","Marvin Glenn","Armando Norman","--","B.Sc","2026-2029","1","test address","DELETED","5000","5000","0","5000","2100","2900","5000","1160","3840","5000","0","5000","5000","0","5000","5000","0","5000","30000","8260","21740","PARTIAL","CALL IMMEDIATELY (DUE: ₹21740)"
"63","6a3d5c387f981b5cd3233d68","c-006_1782406200303@student.brdp.local","STUDENT","INACTIVE","--","C-006","Marvin Glenn","Armando Norman","--","B.Sc","2026-2029","1","tets","DELETED","5000","5000","0","5000","5000","0","5000","5000","0","5000","2000","3000","5000","0","5000","5000","0","5000","30000","17000","13000","PARTIAL","CALL IMMEDIATELY (DUE: ₹13000)"
"64","6a3f5294d90569d677b18ffc","31_1782534803749@student.brdp.local","STUDENT","ACTIVE","--","31","PRATEEK GUPTA ","ARUN KUMAR GUPTA ","--","B.Sc","2026-2029","1","SITAPUR","ACTIVE","5000","5000","0","5000","0","5000","5000","0","5000","5000","0","5000","5000","0","5000","5000","0","5000","30000","5000","25000","PARTIAL","CALL IMMEDIATELY (DUE: ₹25000)"
"65","6a3f7e54c00af69857cc13a8","31_1782546002823@student.brdp.local","STUDENT","ACTIVE","--","31","SHIVAM VERMA","UMASHANKAR","--","B.Sc","2026-2029","1","SITAPUR","ACTIVE","5000","500","4500","5000","0","5000","5000","0","5000","5000","0","5000","5000","0","5000","5000","0","5000","30000","500","29500","PARTIAL","CALL IMMEDIATELY (DUE: ₹29500)"
"66","6a3f81b331bfed2e1729d635","14_1782546866103@student.brdp.local","STUDENT","ACTIVE","--","14","DEEPIKA","INDRAPAL","--","BA","2026-2029","1","SITAPUR","ACTIVE","3000","2500","500","3000","0","3000","3000","0","3000","3000","0","3000","3000","0","3000","3000","0","3000","18000","2500","15500","PARTIAL","CALL IMMEDIATELY (DUE: ₹15500)"
"67","6a43757b4495f6a63ee9e24b","15_1782805882172@student.brdp.local","STUDENT","ACTIVE","--","15"," PINKU KUMAR ","RAJESH KUMAR","--","BA","2026-2029","1","SITAPUR","ACTIVE","3000","3000","0","3000","0","3000","3000","0","3000","3000","0","3000","3000","0","3000","3000","0","3000","18000","3000","15000","PARTIAL","CALL IMMEDIATELY (DUE: ₹15000)"
"68","6a44b2220347ebdf9e5d5a73","5087-11_1782886945658@student.brdp.local","STUDENT","ACTIVE","--","5087-11","ILIYASH KHAN","PEERU KHAN","--","BA","2026-2029","1","JAFARPUR KALA, SADARPUR","ACTIVE","3000","1000","2000","3000","0","3000","3000","0","3000","3000","0","3000","3000","0","3000","3000","0","3000","18000","1000","17000","PARTIAL","CALL IMMEDIATELY (DUE: ₹17000)"
"69","user_gen_69","brdp20260069@brdpdcsitapur.com","STUDENT","ACTIVE","--","BRDP20260069","Shivam Gupta","Kavita Gupta","9984752089","BA","2026-2029","1","Mohali, Uttar Pradesh","ACTIVE","3000","2000","1000","3000","0","3000","3000","0","3000","3000","0","3000","3000","0","3000","3000","0","3000","18000","2000","16000","PARTIAL","CALL IMMEDIATELY (DUE: ₹16000)"
"70","user_gen_70","brdp20250070@brdpdcsitapur.com","STUDENT","ACTIVE","--","BRDP20250070","Pankaj Singh","Manish Singh","9770522019","MCA","2025-2028","2","Lucknow, Uttar Pradesh","ACTIVE","30000","30000","0","30000","30000","0","30000","0","30000","30000","0","30000","30000","0","30000","30000","0","30000","180000","60000","120000","PARTIAL","CALL IMMEDIATELY (DUE: ₹120000)"
"71","user_gen_71","brdp20260071@brdpdcsitapur.com","STUDENT","ACTIVE","--","BRDP20260071","Gudiya Gautam","Laxmi Gautam","9579486248","B.Tech CSE","2026-2029","1","Biswan, Uttar Pradesh","ACTIVE","25000","25000","0","25000","0","25000","25000","0","25000","25000","0","25000","25000","0","25000","25000","0","25000","150000","25000","125000","PARTIAL","CALL IMMEDIATELY (DUE: ₹125000)"
"72","user_gen_72","brdp20250072@brdpdcsitapur.com","STUDENT","ACTIVE","--","BRDP20250072","Dibya Chaurasiya","Anita Chaurasiya","9384892446","MCA","2025-2028","2","Biswan, Uttar Pradesh","ACTIVE","30000","30000","0","30000","17500","12500","30000","0","30000","30000","0","30000","30000","0","30000","30000","0","30000","180000","47500","132500","PARTIAL","CALL IMMEDIATELY (DUE: ₹132500)"
"73","user_gen_73","brdp20240073@brdpdcsitapur.com","STUDENT","ACTIVE","--","BRDP20240073","Aarya Yadav","Rohan Yadav","9221721695","BA","2024-2027","3","Mohali, Uttar Pradesh","ACTIVE","3000","3000","0","3000","3000","0","3000","3000","0","3000","0","3000","3000","0","3000","3000","0","3000","18000","9000","9000","PARTIAL","CALL IMMEDIATELY (DUE: ₹9000)"
"74","user_gen_74","brdp20260074@brdpdcsitapur.com","STUDENT","ACTIVE","--","BRDP20260074","Amit Kashyap","Sonika Kashyap","9709908300","BA","2026-2029","1","Khairabad, Uttar Pradesh","ACTIVE","3000","1500","1500","3000","0","3000","3000","0","3000","3000","0","3000","3000","0","3000","3000","0","3000","18000","1500","16500","PARTIAL","CALL IMMEDIATELY (DUE: ₹16500)"
"75","user_gen_75","brdp20250075@brdpdcsitapur.com","STUDENT","ACTIVE","--","BRDP20250075","Suman Rajpoot","Aarya Rajpoot","9165266519","MCA","2025-2028","2","Hargaon, Uttar Pradesh","ACTIVE","30000","30000","0","30000","0","30000","30000","0","30000","30000","0","30000","30000","0","30000","30000","0","30000","180000","30000","150000","PARTIAL","CALL IMMEDIATELY (DUE: ₹150000)"
"76","user_gen_76","brdp20240076@brdpdcsitapur.com","STUDENT","ACTIVE","--","BRDP20240076","Vijay Agrahari","Manoj Agrahari","9561099903","BCA","2024-2027","3","Lakhimpur Kheri, Uttar Pradesh","ACTIVE","20000","20000","0","20000","20000","0","20000","11000","9000","20000","0","20000","20000","0","20000","20000","0","20000","120000","51000","69000","PARTIAL","CALL IMMEDIATELY (DUE: ₹69000)"
"77","user_gen_77","brdp20240077@brdpdcsitapur.com","STUDENT","ACTIVE","--","BRDP20240077","Shivam Maurya","Aarya Maurya","9497911187","B.Sc","2024-2027","3","Khairabad, Uttar Pradesh","ACTIVE","5000","5000","0","5000","5000","0","5000","5000","0","5000","0","5000","5000","0","5000","5000","0","5000","30000","15000","15000","PARTIAL","CALL IMMEDIATELY (DUE: ₹15000)"
"78","user_gen_78","brdp20230078@brdpdcsitapur.com","STUDENT","ACTIVE","--","BRDP20230078","Prateek Shukla","Shivam Shukla","9993718556","BCA","2023-2026","5","Lucknow, Uttar Pradesh","ACTIVE","20000","20000","0","20000","20000","0","20000","20000","0","20000","20000","0","20000","12000","8000","20000","0","20000","120000","92000","28000","PARTIAL","CALL IMMEDIATELY (DUE: ₹28000)"
"79","user_gen_79","brdp20230079@brdpdcsitapur.com","STUDENT","ACTIVE","--","BRDP20230079","Asha Gautam","Sandeep Gautam","9898433055","B.Tech CSE","2023-2026","5","Sidhauli, Uttar Pradesh","ACTIVE","25000","25000","0","25000","25000","0","25000","25000","0","25000","25000","0","25000","17500","7500","25000","0","25000","150000","117500","32500","PARTIAL","CALL IMMEDIATELY (DUE: ₹32500)"
"80","user_gen_80","brdp20240080@brdpdcsitapur.com","STUDENT","ACTIVE","--","BRDP20240080","Dibya Pandey","Gudiya Pandey","9125434696","BBA","2024-2027","3","Sitapur, Uttar Pradesh","ACTIVE","22000","22000","0","22000","22000","0","22000","13500","8500","22000","0","22000","22000","0","22000","22000","0","22000","132000","57500","74500","PARTIAL","CALL IMMEDIATELY (DUE: ₹74500)"
"81","user_gen_81","brdp20260081@brdpdcsitapur.com","STUDENT","ACTIVE","--","BRDP20260081","Asha Jaiswal","Amit Jaiswal","9411418266","BA","2026-2029","1","Kanpur, Uttar Pradesh","ACTIVE","3000","3000","0","3000","0","3000","3000","0","3000","3000","0","3000","3000","0","3000","3000","0","3000","18000","3000","15000","PARTIAL","CALL IMMEDIATELY (DUE: ₹15000)"
"82","user_gen_82","brdp20250082@brdpdcsitapur.com","STUDENT","ACTIVE","--","BRDP20250082","Divyanshi Saini","Roshani Saini","9249718435","BCA","2025-2028","2","Misrikh, Uttar Pradesh","ACTIVE","20000","20000","0","20000","0","20000","20000","0","20000","20000","0","20000","20000","0","20000","20000","0","20000","120000","20000","100000","PARTIAL","CALL IMMEDIATELY (DUE: ₹100000)"
"83","user_gen_83","brdp20260083@brdpdcsitapur.com","STUDENT","ACTIVE","--","BRDP20260083","Priya Srivastava","Rahul Srivastava","9257562544","B.Tech CSE","2026-2029","1","Kanpur, Uttar Pradesh","ACTIVE","25000","25000","0","25000","0","25000","25000","0","25000","25000","0","25000","25000","0","25000","25000","0","25000","150000","25000","125000","PARTIAL","CALL IMMEDIATELY (DUE: ₹125000)"
"84","user_gen_84","brdp20250084@brdpdcsitapur.com","STUDENT","ACTIVE","--","BRDP20250084","Avneesh Tripathi","Vinay Tripathi","9291891706","MCA","2025-2028","2","Maholi, Uttar Pradesh","ACTIVE","30000","30000","0","30000","24000","6000","30000","0","30000","30000","0","30000","30000","0","30000","30000","0","30000","180000","54000","126000","PARTIAL","CALL IMMEDIATELY (DUE: ₹126000)"
"85","user_gen_85","brdp20250085@brdpdcsitapur.com","STUDENT","ACTIVE","--","BRDP20250085","Pushpendra Chaurasiya","Sandeep Chaurasiya","9472647594","B.Tech CSE","2025-2028","2","Mohali, Uttar Pradesh","ACTIVE","25000","25000","0","25000","25000","0","25000","0","25000","25000","0","25000","25000","0","25000","25000","0","25000","150000","50000","100000","PARTIAL","CALL IMMEDIATELY (DUE: ₹100000)"
"86","user_gen_86","brdp20230086@brdpdcsitapur.com","STUDENT","ACTIVE","--","BRDP20230086","Sanjay Gautam","Abhishek Gautam","9210610088","B.Tech CSE","2023-2026","5","Lucknow, Uttar Pradesh","ACTIVE","25000","25000","0","25000","25000","0","25000","25000","0","25000","25000","0","25000","16000","9000","25000","0","25000","150000","116000","34000","PARTIAL","CALL IMMEDIATELY (DUE: ₹34000)"
"87","user_gen_87","brdp20260087@brdpdcsitapur.com","STUDENT","ACTIVE","--","BRDP20260087","Asha Prajapati","Deepika Prajapati","9630937764","BBA","2026-2029","1","Lakhimpur Kheri, Uttar Pradesh","ACTIVE","22000","0","22000","22000","0","22000","22000","0","22000","22000","0","22000","22000","0","22000","22000","0","22000","132000","0","132000","PENDING","CALL IMMEDIATELY (DUE: ₹132000)"
"88","user_gen_88","brdp20260088@brdpdcsitapur.com","STUDENT","ACTIVE","--","BRDP20260088","Adarsh Pandey","Pooja Pandey","9659442255","B.Tech CSE","2026-2029","1","Sitapur, Uttar Pradesh","ACTIVE","25000","25000","0","25000","0","25000","25000","0","25000","25000","0","25000","25000","0","25000","25000","0","25000","150000","25000","125000","PARTIAL","CALL IMMEDIATELY (DUE: ₹125000)"
"89","user_gen_89","brdp20260089@brdpdcsitapur.com","STUDENT","ACTIVE","--","BRDP20260089","Raj Tiwari","Vijay Tiwari","9319077205","B.Sc","2026-2029","1","Patna, Uttar Pradesh","ACTIVE","5000","2000","3000","5000","0","5000","5000","0","5000","5000","0","5000","5000","0","5000","5000","0","5000","30000","2000","28000","PARTIAL","CALL IMMEDIATELY (DUE: ₹28000)"
"90","user_gen_90","brdp20240090@brdpdcsitapur.com","STUDENT","ACTIVE","--","BRDP20240090","Sani Yadav","Shivam Yadav","9674075874","B.Sc","2024-2027","3","Kanpur, Uttar Pradesh","ACTIVE","5000","5000","0","5000","5000","0","5000","0","5000","5000","0","5000","5000","0","5000","5000","0","5000","30000","10000","20000","PARTIAL","CALL IMMEDIATELY (DUE: ₹20000)"
"91","user_gen_91","brdp20260091@brdpdcsitapur.com","STUDENT","ACTIVE","--","BRDP20260091","Alok Rajpoot","Priya Rajpoot","9348499878","BA","2026-2029","1","Lakhimpur Kheri, Uttar Pradesh","ACTIVE","3000","2000","1000","3000","0","3000","3000","0","3000","3000","0","3000","3000","0","3000","3000","0","3000","18000","2000","16000","PARTIAL","CALL IMMEDIATELY (DUE: ₹16000)"
"92","user_gen_92","brdp20230092@brdpdcsitapur.com","STUDENT","ACTIVE","--","BRDP20230092","Anamika Mishra","Yashee Mishra","9170871410","B.Sc","2023-2026","5","Misrikh, Uttar Pradesh","ACTIVE","5000","5000","0","5000","5000","0","5000","5000","0","5000","5000","0","5000","1500","3500","5000","0","5000","30000","21500","8500","PARTIAL","CALL IMMEDIATELY (DUE: ₹8500)"
"93","user_gen_93","brdp20230093@brdpdcsitapur.com","STUDENT","ACTIVE","--","BRDP20230093","Vijay Tripathi","Pinku Tripathi","9424027263","B.Tech CSE","2023-2026","5","Biswan, Uttar Pradesh","DELETED","25000","25000","0","25000","25000","0","25000","25000","0","25000","25000","0","25000","25000","0","25000","0","25000","150000","125000","25000","PARTIAL","CALL IMMEDIATELY (DUE: ₹25000)"
"94","user_gen_94","brdp20260094@brdpdcsitapur.com","STUDENT","ACTIVE","--","BRDP20260094","Sanjay Singh","Iliyash Singh","9200401723","BA","2026-2029","1","Sitapur Sadar, Uttar Pradesh","ACTIVE","3000","3000","0","3000","0","3000","3000","0","3000","3000","0","3000","3000","0","3000","3000","0","3000","18000","3000","15000","PARTIAL","CALL IMMEDIATELY (DUE: ₹15000)"
"95","user_gen_95","brdp20250095@brdpdcsitapur.com","STUDENT","ACTIVE","--","BRDP20250095","Shivam Maurya","Manish Maurya","9218266009","B.Tech CSE","2025-2028","2","Sidhauli, Uttar Pradesh","DELETED","25000","25000","0","25000","0","25000","25000","0","25000","25000","0","25000","25000","0","25000","25000","0","25000","150000","25000","125000","PARTIAL","CALL IMMEDIATELY (DUE: ₹125000)"
"96","user_gen_96","brdp20250096@brdpdcsitapur.com","STUDENT","ACTIVE","--","BRDP20250096","Raj Chaurasiya","Geeta Chaurasiya","9294309943","BCA","2025-2028","2","Sitapur Sadar, Uttar Pradesh","ACTIVE","20000","20000","0","20000","20000","0","20000","0","20000","20000","0","20000","20000","0","20000","20000","0","20000","120000","40000","80000","PARTIAL","CALL IMMEDIATELY (DUE: ₹80000)"
"97","user_gen_97","brdp20260097@brdpdcsitapur.com","STUDENT","ACTIVE","--","BRDP20260097","Dharmendra Yadav","Geeta Yadav","9820999737","B.Tech CSE","2026-2029","1","Hargaon, Uttar Pradesh","ACTIVE","25000","11000","14000","25000","0","25000","25000","0","25000","25000","0","25000","25000","0","25000","25000","0","25000","150000","11000","139000","PARTIAL","CALL IMMEDIATELY (DUE: ₹139000)"
"98","user_gen_98","brdp20240098@brdpdcsitapur.com","STUDENT","ACTIVE","--","BRDP20240098","Sani Tiwari","Ashutosh Tiwari","9416308788","B.Tech CSE","2024-2027","3","Patna, Uttar Pradesh","ACTIVE","25000","25000","0","25000","25000","0","25000","25000","0","25000","0","25000","25000","0","25000","25000","0","25000","150000","75000","75000","PARTIAL","CALL IMMEDIATELY (DUE: ₹75000)"
"99","user_gen_99","brdp20260099@brdpdcsitapur.com","STUDENT","ACTIVE","--","BRDP20260099","Seema Shukla","Laxmi Shukla","9700731447","B.Tech CSE","2026-2029","1","Maholi, Uttar Pradesh","DELETED","25000","14500","10500","25000","0","25000","25000","0","25000","25000","0","25000","25000","0","25000","25000","0","25000","150000","14500","135500","PARTIAL","CALL IMMEDIATELY (DUE: ₹135500)"
"100","user_gen_100","brdp20230100@brdpdcsitapur.com","STUDENT","ACTIVE","--","BRDP20230100","Raj Maurya","Ananya Maurya","9971530400","BBA","2023-2026","5","Lucknow, Uttar Pradesh","ACTIVE","22000","22000","0","22000","22000","0","22000","22000","0","22000","22000","0","22000","0","22000","22000","0","22000","132000","88000","44000","PARTIAL","CALL IMMEDIATELY (DUE: ₹44000)"
"101","user_gen_101","brdp20240101@brdpdcsitapur.com","STUDENT","ACTIVE","--","BRDP20240101","Sarita Jaiswal","Vikas Jaiswal","9264646064","BBA","2024-2027","3","Hargaon, Uttar Pradesh","ACTIVE","22000","22000","0","22000","22000","0","22000","16000","6000","22000","0","22000","22000","0","22000","22000","0","22000","132000","60000","72000","PARTIAL","CALL IMMEDIATELY (DUE: ₹72000)"
"102","user_gen_102","brdp20240102@brdpdcsitapur.com","STUDENT","ACTIVE","--","BRDP20240102","Aarti Chaurasiya","Naimish Chaurasiya","9449267915","BBA","2024-2027","3","Sitapur Sadar, Uttar Pradesh","ACTIVE","22000","22000","0","22000","22000","0","22000","22000","0","22000","0","22000","22000","0","22000","22000","0","22000","132000","66000","66000","PARTIAL","CALL IMMEDIATELY (DUE: ₹66000)"
"103","user_gen_103","brdp20250103@brdpdcsitapur.com","STUDENT","ACTIVE","--","BRDP20250103","Roshani Yadav","Roshani Yadav","9750694005","B.Tech CSE","2025-2028","2","Kanpur, Uttar Pradesh","ACTIVE","25000","25000","0","25000","14000","11000","25000","0","25000","25000","0","25000","25000","0","25000","25000","0","25000","150000","39000","111000","PARTIAL","CALL IMMEDIATELY (DUE: ₹111000)"
"104","user_gen_104","brdp20230104@brdpdcsitapur.com","STUDENT","ACTIVE","--","BRDP20230104","Sunil Giri","Aarti Giri","9768423872","B.Tech CSE","2023-2026","5","Laharpur, Uttar Pradesh","ACTIVE","25000","25000","0","25000","25000","0","25000","25000","0","25000","25000","0","25000","17500","7500","25000","0","25000","150000","117500","32500","PARTIAL","CALL IMMEDIATELY (DUE: ₹32500)"
"105","user_gen_105","brdp20240105@brdpdcsitapur.com","STUDENT","ACTIVE","--","BRDP20240105","Priya Gupta","Sunita Gupta","9815352424","BCA","2024-2027","3","Khairabad, Uttar Pradesh","ACTIVE","20000","20000","0","20000","20000","0","20000","15000","5000","20000","0","20000","20000","0","20000","20000","0","20000","120000","55000","65000","PARTIAL","CALL IMMEDIATELY (DUE: ₹65000)"
"106","user_gen_106","brdp20240106@brdpdcsitapur.com","STUDENT","ACTIVE","--","BRDP20240106","Ananya Saini","Ananya Saini","9271643210","BBA","2024-2027","3","Misrikh, Uttar Pradesh","ACTIVE","22000","22000","0","22000","22000","0","22000","15000","7000","22000","0","22000","22000","0","22000","22000","0","22000","132000","59000","73000","PARTIAL","CALL IMMEDIATELY (DUE: ₹73000)"
"107","user_gen_107","brdp20230107@brdpdcsitapur.com","STUDENT","ACTIVE","--","BRDP20230107","Satish Rathour","Saurabh Rathour","9818574156","BCA","2023-2026","5","Misrikh, Uttar Pradesh","ACTIVE","20000","20000","0","20000","20000","0","20000","20000","0","20000","20000","0","20000","20000","0","20000","0","20000","120000","100000","20000","PARTIAL","CALL IMMEDIATELY (DUE: ₹20000)"
"108","user_gen_108","brdp20260108@brdpdcsitapur.com","STUDENT","ACTIVE","--","BRDP20260108","Mahek Verma","Neha Verma","9985449744","MCA","2026-2029","1","Biswan, Uttar Pradesh","ACTIVE","30000","14000","16000","30000","0","30000","30000","0","30000","30000","0","30000","30000","0","30000","30000","0","30000","180000","14000","166000","PARTIAL","CALL IMMEDIATELY (DUE: ₹166000)"
"109","user_gen_109","brdp20260109@brdpdcsitapur.com","STUDENT","ACTIVE","--","BRDP20260109","Manoj Tripathi","Shivani Tripathi","9903459360","BA","2026-2029","1","Khairabad, Uttar Pradesh","ACTIVE","3000","0","3000","3000","0","3000","3000","0","3000","3000","0","3000","3000","0","3000","3000","0","3000","18000","0","18000","PENDING","CALL IMMEDIATELY (DUE: ₹18000)"
"110","user_gen_110","brdp20250110@brdpdcsitapur.com","STUDENT","ACTIVE","--","BRDP20250110","Sangita Shukla","Alok Shukla","9575947396","BCA","2025-2028","2","Kanpur, Uttar Pradesh","ACTIVE","20000","20000","0","20000","7500","12500","20000","0","20000","20000","0","20000","20000","0","20000","20000","0","20000","120000","27500","92500","PARTIAL","CALL IMMEDIATELY (DUE: ₹92500)"
"111","user_gen_111","brdp20240111@brdpdcsitapur.com","STUDENT","ACTIVE","--","BRDP20240111","Pankaj Tiwari","Manish Tiwari","9187675020","B.Sc","2024-2027","3","Kanpur, Uttar Pradesh","ACTIVE","5000","5000","0","5000","5000","0","5000","5000","0","5000","0","5000","5000","0","5000","5000","0","5000","30000","15000","15000","PARTIAL","CALL IMMEDIATELY (DUE: ₹15000)"
"112","user_gen_112","brdp20240112@brdpdcsitapur.com","STUDENT","ACTIVE","--","BRDP20240112","Ajay Kashyap","Rekha Kashyap","9711917302","BCA","2024-2027","3","Laharpur, Uttar Pradesh","ACTIVE","20000","20000","0","20000","20000","0","20000","0","20000","20000","0","20000","20000","0","20000","20000","0","20000","120000","40000","80000","PARTIAL","CALL IMMEDIATELY (DUE: ₹80000)"
"113","user_gen_113","brdp20230113@brdpdcsitapur.com","STUDENT","ACTIVE","--","BRDP20230113","Ritu Maurya","Sanjay Maurya","9252227237","B.Tech CSE","2023-2026","5","Misrikh, Uttar Pradesh","ACTIVE","25000","25000","0","25000","25000","0","25000","25000","0","25000","25000","0","25000","11000","14000","25000","0","25000","150000","111000","39000","PARTIAL","CALL IMMEDIATELY (DUE: ₹39000)"
"114","user_gen_114","brdp20230114@brdpdcsitapur.com","STUDENT","ACTIVE","--","BRDP20230114","Deepak Prajapati","Roshani Prajapati","9354592885","MCA","2023-2026","5","Sitapur, Uttar Pradesh","ACTIVE","30000","30000","0","30000","30000","0","30000","30000","0","30000","30000","0","30000","19000","11000","30000","0","30000","180000","139000","41000","PARTIAL","CALL IMMEDIATELY (DUE: ₹41000)"
"115","user_gen_115","brdp20250115@brdpdcsitapur.com","STUDENT","ACTIVE","--","BRDP20250115","Avneesh Pandey","Aditya Pandey","9994251949","B.Sc","2025-2028","2","Maholi, Uttar Pradesh","ACTIVE","5000","5000","0","5000","2000","3000","5000","0","5000","5000","0","5000","5000","0","5000","5000","0","5000","30000","7000","23000","PARTIAL","CALL IMMEDIATELY (DUE: ₹23000)"
"116","user_gen_116","brdp20260116@brdpdcsitapur.com","STUDENT","ACTIVE","--","BRDP20260116","Shivani Rathour","Meena Rathour","9419445287","BCA","2026-2029","1","Sitapur, Uttar Pradesh","ACTIVE","20000","8500","11500","20000","0","20000","20000","0","20000","20000","0","20000","20000","0","20000","20000","0","20000","120000","8500","111500","PARTIAL","CALL IMMEDIATELY (DUE: ₹111500)"
"117","user_gen_117","brdp20260117@brdpdcsitapur.com","STUDENT","ACTIVE","--","BRDP20260117","Raj Pal","Dibya Pal","9601643668","MCA","2026-2029","1","Sitapur, Uttar Pradesh","ACTIVE","30000","30000","0","30000","0","30000","30000","0","30000","30000","0","30000","30000","0","30000","30000","0","30000","180000","30000","150000","PARTIAL","CALL IMMEDIATELY (DUE: ₹150000)"
"118","user_gen_118","brdp20230118@brdpdcsitapur.com","STUDENT","ACTIVE","--","BRDP20230118","Naimish Saini","Gudiya Saini","9240315356","BBA","2023-2026","5","Misrikh, Uttar Pradesh","ACTIVE","22000","22000","0","22000","22000","0","22000","22000","0","22000","22000","0","22000","13000","9000","22000","0","22000","132000","101000","31000","PARTIAL","CALL IMMEDIATELY (DUE: ₹31000)"
"119","user_gen_119","brdp20230119@brdpdcsitapur.com","STUDENT","ACTIVE","--","BRDP20230119","Pooja Sharma","Sangita Sharma","9379026954","BBA","2023-2026","5","Patna, Uttar Pradesh","DELETED","22000","22000","0","22000","22000","0","22000","22000","0","22000","22000","0","22000","8500","13500","22000","0","22000","132000","96500","35500","PARTIAL","CALL IMMEDIATELY (DUE: ₹35500)"
"120","user_gen_120","brdp20260120@brdpdcsitapur.com","STUDENT","ACTIVE","--","BRDP20260120","Dipanshi Pal","Avneesh Pal","9287683860","B.Tech CSE","2026-2029","1","Kanpur, Uttar Pradesh","ACTIVE","25000","14500","10500","25000","0","25000","25000","0","25000","25000","0","25000","25000","0","25000","25000","0","25000","150000","14500","135500","PARTIAL","CALL IMMEDIATELY (DUE: ₹135500)"
"121","user_gen_121","brdp20260121@brdpdcsitapur.com","STUDENT","ACTIVE","--","BRDP20260121","Neha Paswan","Neha Paswan","9921093197","B.Sc","2026-2029","1","Laharpur, Uttar Pradesh","ACTIVE","5000","2000","3000","5000","0","5000","5000","0","5000","5000","0","5000","5000","0","5000","5000","0","5000","30000","2000","28000","PARTIAL","CALL IMMEDIATELY (DUE: ₹28000)"
"122","user_gen_122","brdp20250122@brdpdcsitapur.com","STUDENT","ACTIVE","--","BRDP20250122","Pushpendra Agrahari","Suman Agrahari","9753074470","BA","2025-2028","2","Misrikh, Uttar Pradesh","ACTIVE","3000","3000","0","3000","2000","1000","3000","0","3000","3000","0","3000","3000","0","3000","3000","0","3000","18000","5000","13000","PARTIAL","CALL IMMEDIATELY (DUE: ₹13000)"
"123","user_gen_123","brdp20230123@brdpdcsitapur.com","STUDENT","ACTIVE","--","BRDP20230123","Sanjay Yadav","Alok Yadav","9670473013","BCA","2023-2026","5","Biswan, Uttar Pradesh","DELETED","20000","20000","0","20000","20000","0","20000","20000","0","20000","20000","0","20000","20000","0","20000","0","20000","120000","100000","20000","PARTIAL","CALL IMMEDIATELY (DUE: ₹20000)"
"124","user_gen_124","brdp20240124@brdpdcsitapur.com","STUDENT","ACTIVE","--","BRDP20240124","Suman Chaurasiya","Shivani Chaurasiya","9994826596","BBA","2024-2027","3","Kanpur, Uttar Pradesh","ACTIVE","22000","22000","0","22000","22000","0","22000","22000","0","22000","0","22000","22000","0","22000","22000","0","22000","132000","66000","66000","PARTIAL","CALL IMMEDIATELY (DUE: ₹66000)"
"125","user_gen_125","brdp20250125@brdpdcsitapur.com","STUDENT","ACTIVE","--","BRDP20250125","Yashee Tiwari","Pankaj Tiwari","9661652717","BBA","2025-2028","2","Patna, Uttar Pradesh","ACTIVE","22000","22000","0","22000","16000","6000","22000","0","22000","22000","0","22000","22000","0","22000","22000","0","22000","132000","38000","94000","PARTIAL","CALL IMMEDIATELY (DUE: ₹94000)"
"126","user_gen_126","brdp20260126@brdpdcsitapur.com","STUDENT","ACTIVE","--","BRDP20260126","Sonika Paswan","Sonika Paswan","9188372756","B.Sc","2026-2029","1","Lucknow, Uttar Pradesh","ACTIVE","5000","5000","0","5000","0","5000","5000","0","5000","5000","0","5000","5000","0","5000","5000","0","5000","30000","5000","25000","PARTIAL","CALL IMMEDIATELY (DUE: ₹25000)"
"127","user_gen_127","brdp20250127@brdpdcsitapur.com","STUDENT","ACTIVE","--","BRDP20250127","Kamlesh Agrahari","Deepa Agrahari","9922324887","BA","2025-2028","2","Patna, Uttar Pradesh","ACTIVE","3000","3000","0","3000","0","3000","3000","0","3000","3000","0","3000","3000","0","3000","3000","0","3000","18000","3000","15000","PARTIAL","CALL IMMEDIATELY (DUE: ₹15000)"
"128","user_gen_128","brdp20260128@brdpdcsitapur.com","STUDENT","ACTIVE","--","BRDP20260128","Satish Tripathi","Sonika Tripathi","9161280170","B.Sc","2026-2029","1","Lakhimpur Kheri, Uttar Pradesh","ACTIVE","5000","2500","2500","5000","0","5000","5000","0","5000","5000","0","5000","5000","0","5000","5000","0","5000","30000","2500","27500","PARTIAL","CALL IMMEDIATELY (DUE: ₹27500)"
"129","user_gen_129","brdp20240129@brdpdcsitapur.com","STUDENT","ACTIVE","--","BRDP20240129","Ajay Gupta","Divanshi Gupta","9425702887","BBA","2024-2027","3","Sitapur Sadar, Uttar Pradesh","ACTIVE","22000","22000","0","22000","22000","0","22000","7500","14500","22000","0","22000","22000","0","22000","22000","0","22000","132000","51500","80500","PARTIAL","CALL IMMEDIATELY (DUE: ₹80500)"
"130","user_gen_130","brdp20230130@brdpdcsitapur.com","STUDENT","ACTIVE","--","BRDP20230130","Anamika Verma","Ananya Verma","9995070457","MCA","2023-2026","5","Misrikh, Uttar Pradesh","ACTIVE","30000","30000","0","30000","30000","0","30000","30000","0","30000","30000","0","30000","0","30000","30000","0","30000","180000","120000","60000","PARTIAL","CALL IMMEDIATELY (DUE: ₹60000)"
"131","user_gen_131","brdp20260131@brdpdcsitapur.com","STUDENT","ACTIVE","--","BRDP20260131","Suresh Maurya","Aditya Maurya","9170467285","BCA","2026-2029","1","Mohali, Uttar Pradesh","ACTIVE","20000","20000","0","20000","0","20000","20000","0","20000","20000","0","20000","20000","0","20000","20000","0","20000","120000","20000","100000","PARTIAL","CALL IMMEDIATELY (DUE: ₹100000)"
"132","user_gen_132","brdp20250132@brdpdcsitapur.com","STUDENT","ACTIVE","--","BRDP20250132","Rashi Srivastava","Sani Srivastava","9801652357","B.Tech CSE","2025-2028","2","Sitapur Sadar, Uttar Pradesh","ACTIVE","25000","25000","0","25000","0","25000","25000","0","25000","25000","0","25000","25000","0","25000","25000","0","25000","150000","25000","125000","PARTIAL","CALL IMMEDIATELY (DUE: ₹125000)"
"133","user_gen_133","brdp20230133@brdpdcsitapur.com","STUDENT","ACTIVE","--","BRDP20230133","Rajesh Maurya","Sonu Maurya","9900920973","BCA","2023-2026","5","Laharpur, Uttar Pradesh","ACTIVE","20000","20000","0","20000","20000","0","20000","20000","0","20000","20000","0","20000","15000","5000","20000","0","20000","120000","95000","25000","PARTIAL","CALL IMMEDIATELY (DUE: ₹25000)"
"134","user_gen_134","brdp20260134@brdpdcsitapur.com","STUDENT","ACTIVE","--","BRDP20260134","Aditya Gupta","Naimish Gupta","9124574688","BCA","2026-2029","1","Biswan, Uttar Pradesh","ACTIVE","20000","16000","4000","20000","0","20000","20000","0","20000","20000","0","20000","20000","0","20000","20000","0","20000","120000","16000","104000","PARTIAL","CALL IMMEDIATELY (DUE: ₹104000)"
"135","user_gen_135","brdp20250135@brdpdcsitapur.com","STUDENT","ACTIVE","--","BRDP20250135","Saurabh Singh","Sonu Singh","9299569074","BA","2025-2028","2","Sitapur, Uttar Pradesh","ACTIVE","3000","3000","0","3000","0","3000","3000","0","3000","3000","0","3000","3000","0","3000","3000","0","3000","18000","3000","15000","PARTIAL","CALL IMMEDIATELY (DUE: ₹15000)"
"136","user_gen_136","brdp20250136@brdpdcsitapur.com","STUDENT","ACTIVE","--","BRDP20250136","Dibya Rathour","Ritu Rathour","9251802392","BCA","2025-2028","2","Sitapur Sadar, Uttar Pradesh","DELETED","20000","20000","0","20000","20000","0","20000","0","20000","20000","0","20000","20000","0","20000","20000","0","20000","120000","40000","80000","PARTIAL","CALL IMMEDIATELY (DUE: ₹80000)"
"137","user_gen_137","brdp20250137@brdpdcsitapur.com","STUDENT","ACTIVE","--","BRDP20250137","Satish Shukla","Sandeep Shukla","9687896843","B.Tech CSE","2025-2028","2","Sitapur Sadar, Uttar Pradesh","ACTIVE","25000","25000","0","25000","19500","5500","25000","0","25000","25000","0","25000","25000","0","25000","25000","0","25000","150000","44500","105500","PARTIAL","CALL IMMEDIATELY (DUE: ₹105500)"
"138","user_gen_138","brdp20240138@brdpdcsitapur.com","STUDENT","ACTIVE","--","BRDP20240138","Rohan Singh","Manoj Singh","9829849359","MCA","2024-2027","3","Lucknow, Uttar Pradesh","ACTIVE","30000","30000","0","30000","30000","0","30000","30000","0","30000","0","30000","30000","0","30000","30000","0","30000","180000","90000","90000","PARTIAL","CALL IMMEDIATELY (DUE: ₹90000)"
"139","user_gen_139","brdp20240139@brdpdcsitapur.com","STUDENT","ACTIVE","--","BRDP20240139","Amit Prajapati","Sunita Prajapati","9793079079","B.Tech CSE","2024-2027","3","Kanpur, Uttar Pradesh","ACTIVE","25000","25000","0","25000","25000","0","25000","0","25000","25000","0","25000","25000","0","25000","25000","0","25000","150000","50000","100000","PARTIAL","CALL IMMEDIATELY (DUE: ₹100000)"
"140","user_gen_140","brdp20250140@brdpdcsitapur.com","STUDENT","ACTIVE","--","BRDP20250140","Raj Kanaujiya","Ravi Kanaujiya","9537025989","B.Tech CSE","2025-2028","2","Sitapur Sadar, Uttar Pradesh","ACTIVE","25000","25000","0","25000","0","25000","25000","0","25000","25000","0","25000","25000","0","25000","25000","0","25000","150000","25000","125000","PARTIAL","CALL IMMEDIATELY (DUE: ₹125000)"
"141","user_gen_141","brdp20230141@brdpdcsitapur.com","STUDENT","ACTIVE","--","BRDP20230141","Sonu Kashyap","Rekha Kashyap","9811467417","BA","2023-2026","5","Biswan, Uttar Pradesh","ACTIVE","3000","3000","0","3000","3000","0","3000","3000","0","3000","3000","0","3000","3000","0","3000","0","3000","18000","15000","3000","PARTIAL","CALL IMMEDIATELY (DUE: ₹3000)"
"142","user_gen_142","brdp20260142@brdpdcsitapur.com","STUDENT","ACTIVE","--","BRDP20260142","Aarya Pandey","Manish Pandey","9616756814","BBA","2026-2029","1","Mohali, Uttar Pradesh","ACTIVE","22000","17000","5000","22000","0","22000","22000","0","22000","22000","0","22000","22000","0","22000","22000","0","22000","132000","17000","115000","PARTIAL","CALL IMMEDIATELY (DUE: ₹115000)"
"143","user_gen_143","brdp20240143@brdpdcsitapur.com","STUDENT","ACTIVE","--","BRDP20240143","Shivam Prajapati","Manoj Prajapati","9871093287","MCA","2024-2027","3","Maholi, Uttar Pradesh","ACTIVE","30000","30000","0","30000","30000","0","30000","30000","0","30000","0","30000","30000","0","30000","30000","0","30000","180000","90000","90000","PARTIAL","CALL IMMEDIATELY (DUE: ₹90000)"
"144","user_gen_144","brdp20250144@brdpdcsitapur.com","STUDENT","ACTIVE","--","BRDP20250144","Kavita Gupta","Vinod Gupta","9855763444","MCA","2025-2028","2","Misrikh, Uttar Pradesh","ACTIVE","30000","30000","0","30000","24000","6000","30000","0","30000","30000","0","30000","30000","0","30000","30000","0","30000","180000","54000","126000","PARTIAL","CALL IMMEDIATELY (DUE: ₹126000)"
"145","user_gen_145","brdp20230145@brdpdcsitapur.com","STUDENT","ACTIVE","--","BRDP20230145","Vishal Gupta","Alok Gupta","9472496246","MCA","2023-2026","5","Sitapur Sadar, Uttar Pradesh","ACTIVE","30000","30000","0","30000","30000","0","30000","30000","0","30000","30000","0","30000","30000","0","30000","0","30000","180000","150000","30000","PARTIAL","CALL IMMEDIATELY (DUE: ₹30000)"
"146","user_gen_146","brdp20230146@brdpdcsitapur.com","STUDENT","ACTIVE","--","BRDP20230146","Saurabh Agrahari","Saumya Agrahari","9842899606","BBA","2023-2026","5","Biswan, Uttar Pradesh","ACTIVE","22000","22000","0","22000","22000","0","22000","22000","0","22000","22000","0","22000","0","22000","22000","0","22000","132000","88000","44000","PARTIAL","CALL IMMEDIATELY (DUE: ₹44000)"
"147","user_gen_147","brdp20250147@brdpdcsitapur.com","STUDENT","ACTIVE","--","BRDP20250147","Yashee Gautam","Divyanshi Gautam","9623733291","BA","2025-2028","2","Kanpur, Uttar Pradesh","ACTIVE","3000","3000","0","3000","2000","1000","3000","0","3000","3000","0","3000","3000","0","3000","3000","0","3000","18000","5000","13000","PARTIAL","CALL IMMEDIATELY (DUE: ₹13000)"
"148","user_gen_148","brdp20250148@brdpdcsitapur.com","STUDENT","ACTIVE","--","BRDP20250148","Vinod Jaiswal","Suresh Jaiswal","9581085779","B.Sc","2025-2028","2","Laharpur, Uttar Pradesh","ACTIVE","5000","5000","0","5000","3000","2000","5000","0","5000","5000","0","5000","5000","0","5000","5000","0","5000","30000","8000","22000","PARTIAL","CALL IMMEDIATELY (DUE: ₹22000)"
"149","user_gen_149","brdp20260149@brdpdcsitapur.com","STUDENT","ACTIVE","--","BRDP20260149","Aarav Singh","Neha Singh","9286473579","B.Sc","2026-2029","1","Sitapur Sadar, Uttar Pradesh","ACTIVE","5000","0","5000","5000","0","5000","5000","0","5000","5000","0","5000","5000","0","5000","5000","0","5000","30000","0","30000","PENDING","CALL IMMEDIATELY (DUE: ₹30000)"
"150","user_gen_150","brdp20260150@brdpdcsitapur.com","STUDENT","ACTIVE","--","BRDP20260150","Seema Paswan","Shivani Paswan","9171460583","B.Sc","2026-2029","1","Misrikh, Uttar Pradesh","ACTIVE","5000","5000","0","5000","0","5000","5000","0","5000","5000","0","5000","5000","0","5000","5000","0","5000","30000","5000","25000","PARTIAL","CALL IMMEDIATELY (DUE: ₹25000)"
"151","user_gen_151","brdp20240151@brdpdcsitapur.com","STUDENT","ACTIVE","--","BRDP20240151","Rajesh Tiwari","Subhendu Tiwari","9699446790","BBA","2024-2027","3","Lucknow, Uttar Pradesh","ACTIVE","22000","22000","0","22000","22000","0","22000","22000","0","22000","0","22000","22000","0","22000","22000","0","22000","132000","66000","66000","PARTIAL","CALL IMMEDIATELY (DUE: ₹66000)"
"152","user_gen_152","brdp20230152@brdpdcsitapur.com","STUDENT","ACTIVE","--","BRDP20230152","Diwakar Jaiswal","Vikas Jaiswal","9707066176","BCA","2023-2026","5","Khairabad, Uttar Pradesh","ACTIVE","20000","20000","0","20000","20000","0","20000","20000","0","20000","20000","0","20000","20000","0","20000","0","20000","120000","100000","20000","PARTIAL","CALL IMMEDIATELY (DUE: ₹20000)"
"153","user_gen_153","brdp20240153@brdpdcsitapur.com","STUDENT","ACTIVE","--","BRDP20240153","Sunita Singh","Subhendu Singh","9335141527","BBA","2024-2027","3","Hargaon, Uttar Pradesh","ACTIVE","22000","22000","0","22000","22000","0","22000","7500","14500","22000","0","22000","22000","0","22000","22000","0","22000","132000","51500","80500","PARTIAL","CALL IMMEDIATELY (DUE: ₹80500)"
"154","user_gen_154","brdp20250154@brdpdcsitapur.com","STUDENT","ACTIVE","--","BRDP20250154","Shivani Kashyap","Ashutosh Kashyap","9267056686","MCA","2025-2028","2","Sitapur Sadar, Uttar Pradesh","ACTIVE","30000","30000","0","30000","30000","0","30000","0","30000","30000","0","30000","30000","0","30000","30000","0","30000","180000","60000","120000","PARTIAL","CALL IMMEDIATELY (DUE: ₹120000)"
"155","user_gen_155","brdp20240155@brdpdcsitapur.com","STUDENT","ACTIVE","--","BRDP20240155","Rashi Pandey","Avneesh Pandey","9428080112","BCA","2024-2027","3","Hargaon, Uttar Pradesh","ACTIVE","20000","20000","0","20000","20000","0","20000","20000","0","20000","0","20000","20000","0","20000","20000","0","20000","120000","60000","60000","PARTIAL","CALL IMMEDIATELY (DUE: ₹60000)"
"156","user_gen_156","brdp20260156@brdpdcsitapur.com","STUDENT","ACTIVE","--","BRDP20260156","Alok Maurya","Ravi Maurya","9268581044","MCA","2026-2029","1","Mohali, Uttar Pradesh","ACTIVE","30000","0","30000","30000","0","30000","30000","0","30000","30000","0","30000","30000","0","30000","30000","0","30000","180000","0","180000","PENDING","CALL IMMEDIATELY (DUE: ₹180000)"
"157","user_gen_157","brdp20240157@brdpdcsitapur.com","STUDENT","ACTIVE","--","BRDP20240157","Anjali Devi","Aditya Devi","9358392086","BBA","2024-2027","3","Hargaon, Uttar Pradesh","ACTIVE","22000","22000","0","22000","22000","0","22000","0","22000","22000","0","22000","22000","0","22000","22000","0","22000","132000","44000","88000","PARTIAL","CALL IMMEDIATELY (DUE: ₹88000)"
"158","user_gen_158","brdp20250158@brdpdcsitapur.com","STUDENT","ACTIVE","--","BRDP20250158","Kavita Dwivedi","Ashish Dwivedi","9870117603","B.Sc","2025-2028","2","Sitapur, Uttar Pradesh","ACTIVE","5000","5000","0","5000","5000","0","5000","0","5000","5000","0","5000","5000","0","5000","5000","0","5000","30000","10000","20000","PARTIAL","CALL IMMEDIATELY (DUE: ₹20000)"
"159","user_gen_159","brdp20230159@brdpdcsitapur.com","STUDENT","ACTIVE","--","BRDP20230159","Aarti Tripathi","Sonu Tripathi","9420461137","BA","2023-2026","5","Mohali, Uttar Pradesh","ACTIVE","3000","3000","0","3000","3000","0","3000","3000","0","3000","3000","0","3000","2500","500","3000","0","3000","18000","14500","3500","PARTIAL","CALL IMMEDIATELY (DUE: ₹3500)"
"160","user_gen_160","brdp20250160@brdpdcsitapur.com","STUDENT","ACTIVE","--","BRDP20250160","Sani Paswan","Deepa Paswan","9875150153","BCA","2025-2028","2","Hargaon, Uttar Pradesh","ACTIVE","20000","20000","0","20000","14000","6000","20000","0","20000","20000","0","20000","20000","0","20000","20000","0","20000","120000","34000","86000","PARTIAL","CALL IMMEDIATELY (DUE: ₹86000)"
"161","user_gen_161","brdp20260161@brdpdcsitapur.com","STUDENT","ACTIVE","--","BRDP20260161","Prateek Devi","Ananya Devi","9403845732","BBA","2026-2029","1","Sitapur, Uttar Pradesh","ACTIVE","22000","0","22000","22000","0","22000","22000","0","22000","22000","0","22000","22000","0","22000","22000","0","22000","132000","0","132000","PENDING","CALL IMMEDIATELY (DUE: ₹132000)"
"162","user_gen_162","brdp20240162@brdpdcsitapur.com","STUDENT","ACTIVE","--","BRDP20240162","Shivam Gautam","Sanjay Gautam","9911315486","BBA","2024-2027","3","Mohali, Uttar Pradesh","ACTIVE","22000","22000","0","22000","22000","0","22000","0","22000","22000","0","22000","22000","0","22000","22000","0","22000","132000","44000","88000","PARTIAL","CALL IMMEDIATELY (DUE: ₹88000)"
"163","user_gen_163","brdp20250163@brdpdcsitapur.com","STUDENT","ACTIVE","--","BRDP20250163","Abhishek Paswan","Sonika Paswan","9252379235","BBA","2025-2028","2","Maholi, Uttar Pradesh","ACTIVE","22000","22000","0","22000","22000","0","22000","0","22000","22000","0","22000","22000","0","22000","22000","0","22000","132000","44000","88000","PARTIAL","CALL IMMEDIATELY (DUE: ₹88000)"
"164","user_gen_164","brdp20240164@brdpdcsitapur.com","STUDENT","ACTIVE","--","BRDP20240164","Sandeep Kumar","Subhendu Kumar","9654889077","MCA","2024-2027","3","Kanpur, Uttar Pradesh","ACTIVE","30000","30000","0","30000","30000","0","30000","10000","20000","30000","0","30000","30000","0","30000","30000","0","30000","180000","70000","110000","PARTIAL","CALL IMMEDIATELY (DUE: ₹110000)"
"165","user_gen_165","brdp20240165@brdpdcsitapur.com","STUDENT","ACTIVE","--","BRDP20240165","Sanjay Pal","Saumya Pal","9140131010","BCA","2024-2027","3","Misrikh, Uttar Pradesh","ACTIVE","20000","20000","0","20000","20000","0","20000","8000","12000","20000","0","20000","20000","0","20000","20000","0","20000","120000","48000","72000","PARTIAL","CALL IMMEDIATELY (DUE: ₹72000)"
"166","user_gen_166","brdp20240166@brdpdcsitapur.com","STUDENT","ACTIVE","--","BRDP20240166","Shivangi Pandey","Vinod Pandey","9882321114","BBA","2024-2027","3","Maholi, Uttar Pradesh","ACTIVE","22000","22000","0","22000","22000","0","22000","15000","7000","22000","0","22000","22000","0","22000","22000","0","22000","132000","59000","73000","PARTIAL","CALL IMMEDIATELY (DUE: ₹73000)"
"167","user_gen_167","brdp20260167@brdpdcsitapur.com","STUDENT","ACTIVE","--","BRDP20260167","Satish Srivastava","Vinod Srivastava","9826709761","MCA","2026-2029","1","Kanpur, Uttar Pradesh","ACTIVE","30000","0","30000","30000","0","30000","30000","0","30000","30000","0","30000","30000","0","30000","30000","0","30000","180000","0","180000","PENDING","CALL IMMEDIATELY (DUE: ₹180000)"
"168","user_gen_168","brdp20250168@brdpdcsitapur.com","STUDENT","ACTIVE","--","BRDP20250168","Shivangi Dubey","Saumya Dubey","9420939946","BBA","2025-2028","2","Lucknow, Uttar Pradesh","ACTIVE","22000","22000","0","22000","10500","11500","22000","0","22000","22000","0","22000","22000","0","22000","22000","0","22000","132000","32500","99500","PARTIAL","CALL IMMEDIATELY (DUE: ₹99500)"
"169","user_gen_169","brdp20260169@brdpdcsitapur.com","STUDENT","ACTIVE","--","BRDP20260169","Nainsi Dubey","Sonika Dubey","9829225674","MCA","2026-2029","1","Sidhauli, Uttar Pradesh","ACTIVE","30000","0","30000","30000","0","30000","30000","0","30000","30000","0","30000","30000","0","30000","30000","0","30000","180000","0","180000","PENDING","CALL IMMEDIATELY (DUE: ₹180000)"
"170","user_gen_170","brdp20250170@brdpdcsitapur.com","STUDENT","ACTIVE","--","BRDP20250170","Ajay Gautam","Alok Gautam","9676747983","BBA","2025-2028","2","Patna, Uttar Pradesh","ACTIVE","22000","22000","0","22000","22000","0","22000","0","22000","22000","0","22000","22000","0","22000","22000","0","22000","132000","44000","88000","PARTIAL","CALL IMMEDIATELY (DUE: ₹88000)"
"171","user_gen_171","brdp20250171@brdpdcsitapur.com","STUDENT","ACTIVE","--","BRDP20250171","Priya Singh","Pinku Singh","9977988289","B.Tech CSE","2025-2028","2","Sidhauli, Uttar Pradesh","ACTIVE","25000","25000","0","25000","17000","8000","25000","0","25000","25000","0","25000","25000","0","25000","25000","0","25000","150000","42000","108000","PARTIAL","CALL IMMEDIATELY (DUE: ₹108000)"
"172","user_gen_172","brdp20240172@brdpdcsitapur.com","STUDENT","ACTIVE","--","BRDP20240172","Abhishek Pandey","Rahul Pandey","9446827418","BBA","2024-2027","3","Khairabad, Uttar Pradesh","ACTIVE","22000","22000","0","22000","22000","0","22000","7000","15000","22000","0","22000","22000","0","22000","22000","0","22000","132000","51000","81000","PARTIAL","CALL IMMEDIATELY (DUE: ₹81000)"
"173","user_gen_173","brdp20250173@brdpdcsitapur.com","STUDENT","ACTIVE","--","BRDP20250173","Avneesh Singh","Adarsh Singh","9330410169","B.Tech CSE","2025-2028","2","Patna, Uttar Pradesh","ACTIVE","25000","25000","0","25000","25000","0","25000","0","25000","25000","0","25000","25000","0","25000","25000","0","25000","150000","50000","100000","PARTIAL","CALL IMMEDIATELY (DUE: ₹100000)"
"174","user_gen_174","brdp20230174@brdpdcsitapur.com","STUDENT","ACTIVE","--","BRDP20230174","Sangita Rathour","Rajesh Rathour","9413481869","B.Tech CSE","2023-2026","5","Laharpur, Uttar Pradesh","ACTIVE","25000","25000","0","25000","25000","0","25000","25000","0","25000","25000","0","25000","25000","0","25000","0","25000","150000","125000","25000","PARTIAL","CALL IMMEDIATELY (DUE: ₹25000)"
"175","user_gen_175","brdp20240175@brdpdcsitapur.com","STUDENT","ACTIVE","--","BRDP20240175","Diwakar Kumar","Rajesh Kumar","9279676487","BCA","2024-2027","3","Mohali, Uttar Pradesh","ACTIVE","20000","20000","0","20000","20000","0","20000","8500","11500","20000","0","20000","20000","0","20000","20000","0","20000","120000","48500","71500","PARTIAL","CALL IMMEDIATELY (DUE: ₹71500)"
"176","user_gen_176","brdp20260176@brdpdcsitapur.com","STUDENT","ACTIVE","--","BRDP20260176","Sangita Tiwari","Rohan Tiwari","9173097078","BBA","2026-2029","1","Biswan, Uttar Pradesh","ACTIVE","22000","22000","0","22000","0","22000","22000","0","22000","22000","0","22000","22000","0","22000","22000","0","22000","132000","22000","110000","PARTIAL","CALL IMMEDIATELY (DUE: ₹110000)"
"177","user_gen_177","brdp20260177@brdpdcsitapur.com","STUDENT","ACTIVE","--","BRDP20260177","Rekha Khan","Sanjay Khan","9158675093","B.Sc","2026-2029","1","Maholi, Uttar Pradesh","ACTIVE","5000","5000","0","5000","0","5000","5000","0","5000","5000","0","5000","5000","0","5000","5000","0","5000","30000","5000","25000","PARTIAL","CALL IMMEDIATELY (DUE: ₹25000)"
"178","user_gen_178","brdp20230178@brdpdcsitapur.com","STUDENT","ACTIVE","--","BRDP20230178","Pooja Dwivedi","Ravi Dwivedi","9670927603","BCA","2023-2026","5","Patna, Uttar Pradesh","DELETED","20000","20000","0","20000","20000","0","20000","20000","0","20000","20000","0","20000","16000","4000","20000","0","20000","120000","96000","24000","PARTIAL","CALL IMMEDIATELY (DUE: ₹24000)"
"179","user_gen_179","brdp20230179@brdpdcsitapur.com","STUDENT","ACTIVE","--","BRDP20230179","Amit Pandey","Adarsh Pandey","9443301534","BCA","2023-2026","5","Hargaon, Uttar Pradesh","ACTIVE","20000","20000","0","20000","20000","0","20000","20000","0","20000","20000","0","20000","12000","8000","20000","0","20000","120000","92000","28000","PARTIAL","CALL IMMEDIATELY (DUE: ₹28000)"
"180","user_gen_180","brdp20260180@brdpdcsitapur.com","STUDENT","ACTIVE","--","BRDP20260180","Manoj Tripathi","Shivam Tripathi","9348396013","BA","2026-2029","1","Laharpur, Uttar Pradesh","ACTIVE","3000","1500","1500","3000","0","3000","3000","0","3000","3000","0","3000","3000","0","3000","3000","0","3000","18000","1500","16500","PARTIAL","CALL IMMEDIATELY (DUE: ₹16500)"
"181","user_gen_181","brdp20230181@brdpdcsitapur.com","STUDENT","ACTIVE","--","BRDP20230181","Neha Gupta","Meena Gupta","9595572060","MCA","2023-2026","5","Laharpur, Uttar Pradesh","ACTIVE","30000","30000","0","30000","30000","0","30000","30000","0","30000","30000","0","30000","0","30000","30000","0","30000","180000","120000","60000","PARTIAL","CALL IMMEDIATELY (DUE: ₹60000)"
"182","user_gen_182","brdp20230182@brdpdcsitapur.com","STUDENT","ACTIVE","--","BRDP20230182","Ayush Prajapati","Priya Prajapati","9606708253","MCA","2023-2026","5","Sitapur, Uttar Pradesh","ACTIVE","30000","30000","0","30000","30000","0","30000","30000","0","30000","30000","0","30000","10000","20000","30000","0","30000","180000","130000","50000","PARTIAL","CALL IMMEDIATELY (DUE: ₹50000)"
"183","user_gen_183","brdp20260183@brdpdcsitapur.com","STUDENT","ACTIVE","--","BRDP20260183","Kamlesh Pal","Priya Pal","9321518006","B.Tech CSE","2026-2029","1","Misrikh, Uttar Pradesh","ACTIVE","25000","25000","0","25000","0","25000","25000","0","25000","25000","0","25000","25000","0","25000","25000","0","25000","150000","25000","125000","PARTIAL","CALL IMMEDIATELY (DUE: ₹125000)"
"184","user_gen_184","brdp20250184@brdpdcsitapur.com","STUDENT","ACTIVE","--","BRDP20250184","Roshani Jaiswal","Sonu Jaiswal","9875795664","BBA","2025-2028","2","Misrikh, Uttar Pradesh","ACTIVE","22000","22000","0","22000","22000","0","22000","0","22000","22000","0","22000","22000","0","22000","22000","0","22000","132000","44000","88000","PARTIAL","CALL IMMEDIATELY (DUE: ₹88000)"
"185","user_gen_185","brdp20240185@brdpdcsitapur.com","STUDENT","ACTIVE","--","BRDP20240185","Shivam Agrahari","Sani Agrahari","9213162395","BBA","2024-2027","3","Kanpur, Uttar Pradesh","ACTIVE","22000","22000","0","22000","22000","0","22000","22000","0","22000","0","22000","22000","0","22000","22000","0","22000","132000","66000","66000","PARTIAL","CALL IMMEDIATELY (DUE: ₹66000)"
"186","user_gen_186","brdp20250186@brdpdcsitapur.com","STUDENT","ACTIVE","--","BRDP20250186","Sonu Pandey","Amit Pandey","9804965613","B.Tech CSE","2025-2028","2","Patna, Uttar Pradesh","ACTIVE","25000","25000","0","25000","10000","15000","25000","0","25000","25000","0","25000","25000","0","25000","25000","0","25000","150000","35000","115000","PARTIAL","CALL IMMEDIATELY (DUE: ₹115000)"
"187","user_gen_187","brdp20240187@brdpdcsitapur.com","STUDENT","ACTIVE","--","BRDP20240187","Vishal Tiwari","Rajesh Tiwari","9552895478","BA","2024-2027","3","Sidhauli, Uttar Pradesh","ACTIVE","3000","3000","0","3000","3000","0","3000","3000","0","3000","0","3000","3000","0","3000","3000","0","3000","18000","9000","9000","PARTIAL","CALL IMMEDIATELY (DUE: ₹9000)"
"188","user_gen_188","brdp20260188@brdpdcsitapur.com","STUDENT","ACTIVE","--","BRDP20260188","Dipanshi Kashyap","Anamika Kashyap","9274651385","BA","2026-2029","1","Misrikh, Uttar Pradesh","ACTIVE","3000","1000","2000","3000","0","3000","3000","0","3000","3000","0","3000","3000","0","3000","3000","0","3000","18000","1000","17000","PARTIAL","CALL IMMEDIATELY (DUE: ₹17000)"
"189","user_gen_189","brdp20250189@brdpdcsitapur.com","STUDENT","ACTIVE","--","BRDP20250189","Naimish Yadav","Alok Yadav","9884241817","BBA","2025-2028","2","Hargaon, Uttar Pradesh","ACTIVE","22000","22000","0","22000","22000","0","22000","0","22000","22000","0","22000","22000","0","22000","22000","0","22000","132000","44000","88000","PARTIAL","CALL IMMEDIATELY (DUE: ₹88000)"
"190","user_gen_190","brdp20240190@brdpdcsitapur.com","STUDENT","ACTIVE","--","BRDP20240190","Pari Tripathi","Shivani Tripathi","9259283190","B.Tech CSE","2024-2027","3","Sidhauli, Uttar Pradesh","ACTIVE","25000","25000","0","25000","25000","0","25000","16000","9000","25000","0","25000","25000","0","25000","25000","0","25000","150000","66000","84000","PARTIAL","CALL IMMEDIATELY (DUE: ₹84000)"
"191","user_gen_191","brdp20240191@brdpdcsitapur.com","STUDENT","ACTIVE","--","BRDP20240191","Vijay Gupta","Sunil Gupta","9673220452","BA","2024-2027","3","Sidhauli, Uttar Pradesh","ACTIVE","3000","3000","0","3000","3000","0","3000","3000","0","3000","0","3000","3000","0","3000","3000","0","3000","18000","9000","9000","PARTIAL","CALL IMMEDIATELY (DUE: ₹9000)"
"192","user_gen_192","brdp20230192@brdpdcsitapur.com","STUDENT","ACTIVE","--","BRDP20230192","Suman Pandey","Suresh Pandey","9461292735","BA","2023-2026","5","Khairabad, Uttar Pradesh","ACTIVE","3000","3000","0","3000","3000","0","3000","3000","0","3000","3000","0","3000","3000","0","3000","0","3000","18000","15000","3000","PARTIAL","CALL IMMEDIATELY (DUE: ₹3000)"
"193","user_gen_193","brdp20240193@brdpdcsitapur.com","STUDENT","ACTIVE","--","BRDP20240193","Vijay Shukla","Vinod Shukla","9635574003","BCA","2024-2027","3","Khairabad, Uttar Pradesh","ACTIVE","20000","20000","0","20000","20000","0","20000","20000","0","20000","0","20000","20000","0","20000","20000","0","20000","120000","60000","60000","PARTIAL","CALL IMMEDIATELY (DUE: ₹60000)"
"194","user_gen_194","brdp20230194@brdpdcsitapur.com","STUDENT","ACTIVE","--","BRDP20230194","Shivangi Maurya","Aarav Maurya","9669720531","B.Tech CSE","2023-2026","5","Patna, Uttar Pradesh","ACTIVE","25000","25000","0","25000","25000","0","25000","25000","0","25000","25000","0","25000","0","25000","25000","0","25000","150000","100000","50000","PARTIAL","CALL IMMEDIATELY (DUE: ₹50000)"
"195","user_gen_195","brdp20250195@brdpdcsitapur.com","STUDENT","ACTIVE","--","BRDP20250195","Pankaj Mishra","Sangita Mishra","9201181898","BA","2025-2028","2","Patna, Uttar Pradesh","ACTIVE","3000","3000","0","3000","2000","1000","3000","0","3000","3000","0","3000","3000","0","3000","3000","0","3000","18000","5000","13000","PARTIAL","CALL IMMEDIATELY (DUE: ₹13000)"
"196","user_gen_196","brdp20260196@brdpdcsitapur.com","STUDENT","ACTIVE","--","BRDP20260196","Priya Tiwari","Ravi Tiwari","9647700824","MCA","2026-2029","1","Laharpur, Uttar Pradesh","DELETED","30000","22000","8000","30000","0","30000","30000","0","30000","30000","0","30000","30000","0","30000","30000","0","30000","180000","22000","158000","PARTIAL","CALL IMMEDIATELY (DUE: ₹158000)"
"197","user_gen_197","brdp20260197@brdpdcsitapur.com","STUDENT","ACTIVE","--","BRDP20260197","Prateek Mishra","Saumya Mishra","9874271154","B.Sc","2026-2029","1","Kanpur, Uttar Pradesh","ACTIVE","5000","0","5000","5000","0","5000","5000","0","5000","5000","0","5000","5000","0","5000","5000","0","5000","30000","0","30000","PENDING","CALL IMMEDIATELY (DUE: ₹30000)"
"198","user_gen_198","brdp20240198@brdpdcsitapur.com","STUDENT","ACTIVE","--","BRDP20240198","Sunita Verma","Anita Verma","9388766849","B.Sc","2024-2027","3","Patna, Uttar Pradesh","ACTIVE","5000","5000","0","5000","5000","0","5000","3000","2000","5000","0","5000","5000","0","5000","5000","0","5000","30000","13000","17000","PARTIAL","CALL IMMEDIATELY (DUE: ₹17000)"
"199","user_gen_199","brdp20230199@brdpdcsitapur.com","STUDENT","ACTIVE","--","BRDP20230199","Alok Gautam","Nainsi Gautam","9487767890","BBA","2023-2026","5","Maholi, Uttar Pradesh","ACTIVE","22000","22000","0","22000","22000","0","22000","22000","0","22000","22000","0","22000","13500","8500","22000","0","22000","132000","101500","30500","PARTIAL","CALL IMMEDIATELY (DUE: ₹30500)"
"200","user_gen_200","brdp20240200@brdpdcsitapur.com","STUDENT","ACTIVE","--","BRDP20240200","Ajay Agrahari","Aarav Agrahari","9547912673","MCA","2024-2027","3","Mohali, Uttar Pradesh","ACTIVE","30000","30000","0","30000","30000","0","30000","15500","14500","30000","0","30000","30000","0","30000","30000","0","30000","180000","75500","104500","PARTIAL","CALL IMMEDIATELY (DUE: ₹104500)"
"201","user_gen_201","brdp20240201@brdpdcsitapur.com","STUDENT","ACTIVE","--","BRDP20240201","Dharmendra Srivastava","Ananya Srivastava","9134746439","B.Sc","2024-2027","3","Kanpur, Uttar Pradesh","ACTIVE","5000","5000","0","5000","5000","0","5000","3000","2000","5000","0","5000","5000","0","5000","5000","0","5000","30000","13000","17000","PARTIAL","CALL IMMEDIATELY (DUE: ₹17000)"
"202","user_gen_202","brdp20230202@brdpdcsitapur.com","STUDENT","ACTIVE","--","BRDP20230202","Sani Pal","Ravi Pal","9464715552","BA","2023-2026","5","Sitapur Sadar, Uttar Pradesh","ACTIVE","3000","3000","0","3000","3000","0","3000","3000","0","3000","3000","0","3000","3000","0","3000","0","3000","18000","15000","3000","PARTIAL","CALL IMMEDIATELY (DUE: ₹3000)"
"203","user_gen_203","brdp20230203@brdpdcsitapur.com","STUDENT","ACTIVE","--","BRDP20230203","Pooja Kanaujiya","Sonika Kanaujiya","9820382197","BCA","2023-2026","5","Mohali, Uttar Pradesh","ACTIVE","20000","20000","0","20000","20000","0","20000","20000","0","20000","20000","0","20000","0","20000","20000","0","20000","120000","80000","40000","PARTIAL","CALL IMMEDIATELY (DUE: ₹40000)"
"204","user_gen_204","brdp20260204@brdpdcsitapur.com","STUDENT","ACTIVE","--","BRDP20260204","Raj Sharma","Manoj Sharma","9445758499","B.Sc","2026-2029","1","Hargaon, Uttar Pradesh","ACTIVE","5000","5000","0","5000","0","5000","5000","0","5000","5000","0","5000","5000","0","5000","5000","0","5000","30000","5000","25000","PARTIAL","CALL IMMEDIATELY (DUE: ₹25000)"
"205","user_gen_205","brdp20260205@brdpdcsitapur.com","STUDENT","ACTIVE","--","BRDP20260205","Raj Paswan","Vinay Paswan","9751486401","B.Sc","2026-2029","1","Khairabad, Uttar Pradesh","ACTIVE","5000","5000","0","5000","0","5000","5000","0","5000","5000","0","5000","5000","0","5000","5000","0","5000","30000","5000","25000","PARTIAL","CALL IMMEDIATELY (DUE: ₹25000)"
"206","user_gen_206","brdp20260206@brdpdcsitapur.com","STUDENT","ACTIVE","--","BRDP20260206","Shivani Srivastava","Aarav Srivastava","9499764684","B.Sc","2026-2029","1","Sitapur, Uttar Pradesh","ACTIVE","5000","5000","0","5000","0","5000","5000","0","5000","5000","0","5000","5000","0","5000","5000","0","5000","30000","5000","25000","PARTIAL","CALL IMMEDIATELY (DUE: ₹25000)"
"207","user_gen_207","brdp20230207@brdpdcsitapur.com","STUDENT","ACTIVE","--","BRDP20230207","Mahek Kashyap","Saurabh Kashyap","9562693550","BBA","2023-2026","5","Misrikh, Uttar Pradesh","ACTIVE","22000","22000","0","22000","22000","0","22000","22000","0","22000","22000","0","22000","22000","0","22000","0","22000","132000","110000","22000","PARTIAL","CALL IMMEDIATELY (DUE: ₹22000)"
"208","user_gen_208","brdp20240208@brdpdcsitapur.com","STUDENT","ACTIVE","--","BRDP20240208","Usha Gautam","Ashutosh Gautam","9225904499","MCA","2024-2027","3","Hargaon, Uttar Pradesh","ACTIVE","30000","30000","0","30000","30000","0","30000","30000","0","30000","0","30000","30000","0","30000","30000","0","30000","180000","90000","90000","PARTIAL","CALL IMMEDIATELY (DUE: ₹90000)"
"209","user_gen_209","brdp20240209@brdpdcsitapur.com","STUDENT","ACTIVE","--","BRDP20240209","Vinay Tripathi","Rahul Tripathi","9617199328","BBA","2024-2027","3","Sitapur, Uttar Pradesh","ACTIVE","22000","22000","0","22000","22000","0","22000","16500","5500","22000","0","22000","22000","0","22000","22000","0","22000","132000","60500","71500","PARTIAL","CALL IMMEDIATELY (DUE: ₹71500)"
"210","user_gen_210","brdp20250210@brdpdcsitapur.com","STUDENT","ACTIVE","--","BRDP20250210","Vijay Khan","Sonu Khan","9191647456","B.Tech CSE","2025-2028","2","Lucknow, Uttar Pradesh","ACTIVE","25000","25000","0","25000","25000","0","25000","0","25000","25000","0","25000","25000","0","25000","25000","0","25000","150000","50000","100000","PARTIAL","CALL IMMEDIATELY (DUE: ₹100000)"
"211","user_gen_211","brdp20260211@brdpdcsitapur.com","STUDENT","ACTIVE","--","BRDP20260211","Abhishek Pandey","Rohan Pandey","9325640150","BA","2026-2029","1","Lakhimpur Kheri, Uttar Pradesh","ACTIVE","3000","1500","1500","3000","0","3000","3000","0","3000","3000","0","3000","3000","0","3000","3000","0","3000","18000","1500","16500","PARTIAL","CALL IMMEDIATELY (DUE: ₹16500)"
"212","user_gen_212","brdp20260212@brdpdcsitapur.com","STUDENT","ACTIVE","--","BRDP20260212","Suman Pandey","Naimish Pandey","9603172254","B.Sc","2026-2029","1","Sitapur Sadar, Uttar Pradesh","ACTIVE","5000","2500","2500","5000","0","5000","5000","0","5000","5000","0","5000","5000","0","5000","5000","0","5000","30000","2500","27500","PARTIAL","CALL IMMEDIATELY (DUE: ₹27500)"
"213","user_gen_213","brdp20260213@brdpdcsitapur.com","STUDENT","ACTIVE","--","BRDP20260213","Sangita Prajapati","Dibya Prajapati","9330194012","BA","2026-2029","1","Sitapur, Uttar Pradesh","ACTIVE","3000","3000","0","3000","0","3000","3000","0","3000","3000","0","3000","3000","0","3000","3000","0","3000","18000","3000","15000","PARTIAL","CALL IMMEDIATELY (DUE: ₹15000)"
"214","user_gen_214","brdp20240214@brdpdcsitapur.com","STUDENT","ACTIVE","--","BRDP20240214","Subhendu Gupta","Abhishek Gupta","9828599090","BA","2024-2027","3","Laharpur, Uttar Pradesh","ACTIVE","3000","3000","0","3000","3000","0","3000","0","3000","3000","0","3000","3000","0","3000","3000","0","3000","18000","6000","12000","PARTIAL","CALL IMMEDIATELY (DUE: ₹12000)"
"215","user_gen_215","brdp20240215@brdpdcsitapur.com","STUDENT","ACTIVE","--","BRDP20240215","Avneesh Devi","Saumya Devi","9776385286","B.Sc","2024-2027","3","Maholi, Uttar Pradesh","ACTIVE","5000","5000","0","5000","5000","0","5000","3000","2000","5000","0","5000","5000","0","5000","5000","0","5000","30000","13000","17000","PARTIAL","CALL IMMEDIATELY (DUE: ₹17000)"
"216","user_gen_216","brdp20240216@brdpdcsitapur.com","STUDENT","ACTIVE","--","BRDP20240216","Aarav Prajapati","Deepak Prajapati","9678931839","B.Sc","2024-2027","3","Maholi, Uttar Pradesh","ACTIVE","5000","5000","0","5000","5000","0","5000","2500","2500","5000","0","5000","5000","0","5000","5000","0","5000","30000","12500","17500","PARTIAL","CALL IMMEDIATELY (DUE: ₹17500)"
"217","user_gen_217","brdp20240217@brdpdcsitapur.com","STUDENT","ACTIVE","--","BRDP20240217","Vishal Tiwari","Saumya Tiwari","9849714485","BBA","2024-2027","3","Misrikh, Uttar Pradesh","ACTIVE","22000","22000","0","22000","22000","0","22000","0","22000","22000","0","22000","22000","0","22000","22000","0","22000","132000","44000","88000","PARTIAL","CALL IMMEDIATELY (DUE: ₹88000)"
"218","user_gen_218","brdp20260218@brdpdcsitapur.com","STUDENT","ACTIVE","--","BRDP20260218","Ajay Sharma","Sonika Sharma","9318130762","MCA","2026-2029","1","Mohali, Uttar Pradesh","ACTIVE","30000","23500","6500","30000","0","30000","30000","0","30000","30000","0","30000","30000","0","30000","30000","0","30000","180000","23500","156500","PARTIAL","CALL IMMEDIATELY (DUE: ₹156500)"
"219","user_gen_219","brdp20250219@brdpdcsitapur.com","STUDENT","ACTIVE","--","BRDP20250219","Sarita Dubey","Deepa Dubey","9617505768","B.Sc","2025-2028","2","Sitapur, Uttar Pradesh","ACTIVE","5000","5000","0","5000","1500","3500","5000","0","5000","5000","0","5000","5000","0","5000","5000","0","5000","30000","6500","23500","PARTIAL","CALL IMMEDIATELY (DUE: ₹23500)"
"220","user_gen_220","brdp20240220@brdpdcsitapur.com","STUDENT","ACTIVE","--","BRDP20240220","Abhishek Dubey","Rekha Dubey","9883540769","BBA","2024-2027","3","Khairabad, Uttar Pradesh","ACTIVE","22000","22000","0","22000","22000","0","22000","10000","12000","22000","0","22000","22000","0","22000","22000","0","22000","132000","54000","78000","PARTIAL","CALL IMMEDIATELY (DUE: ₹78000)"
"221","user_gen_221","brdp20240221@brdpdcsitapur.com","STUDENT","ACTIVE","--","BRDP20240221","Gudiya Sharma","Rashi Sharma","9462563257","B.Sc","2024-2027","3","Sitapur, Uttar Pradesh","ACTIVE","5000","5000","0","5000","5000","0","5000","5000","0","5000","0","5000","5000","0","5000","5000","0","5000","30000","15000","15000","PARTIAL","CALL IMMEDIATELY (DUE: ₹15000)"
"222","user_gen_222","brdp20260222@brdpdcsitapur.com","STUDENT","ACTIVE","--","BRDP20260222","Rajesh Pal","Kavita Pal","9444585836","B.Sc","2026-2029","1","Lucknow, Uttar Pradesh","ACTIVE","5000","5000","0","5000","0","5000","5000","0","5000","5000","0","5000","5000","0","5000","5000","0","5000","30000","5000","25000","PARTIAL","CALL IMMEDIATELY (DUE: ₹25000)"
"223","user_gen_223","brdp20250223@brdpdcsitapur.com","STUDENT","ACTIVE","--","BRDP20250223","Divyanshi Verma","Shivam Verma","9979302409","BA","2025-2028","2","Sidhauli, Uttar Pradesh","ACTIVE","3000","3000","0","3000","2000","1000","3000","0","3000","3000","0","3000","3000","0","3000","3000","0","3000","18000","5000","13000","PARTIAL","CALL IMMEDIATELY (DUE: ₹13000)"
"224","user_gen_224","brdp20260224@brdpdcsitapur.com","STUDENT","ACTIVE","--","BRDP20260224","Rajesh Tiwari","Adarsh Tiwari","9903558339","MCA","2026-2029","1","Patna, Uttar Pradesh","ACTIVE","30000","30000","0","30000","0","30000","30000","0","30000","30000","0","30000","30000","0","30000","30000","0","30000","180000","30000","150000","PARTIAL","CALL IMMEDIATELY (DUE: ₹150000)"
"225","user_gen_225","brdp20250225@brdpdcsitapur.com","STUDENT","ACTIVE","--","BRDP20250225","Laxmi Sharma","Diwakar Sharma","9866351625","B.Tech CSE","2025-2028","2","Laharpur, Uttar Pradesh","ACTIVE","25000","25000","0","25000","25000","0","25000","0","25000","25000","0","25000","25000","0","25000","25000","0","25000","150000","50000","100000","PARTIAL","CALL IMMEDIATELY (DUE: ₹100000)"
"226","user_gen_226","brdp20240226@brdpdcsitapur.com","STUDENT","ACTIVE","--","BRDP20240226","Aarti Rajpoot","Deepak Rajpoot","9541113187","BBA","2024-2027","3","Maholi, Uttar Pradesh","ACTIVE","22000","22000","0","22000","22000","0","22000","0","22000","22000","0","22000","22000","0","22000","22000","0","22000","132000","44000","88000","PARTIAL","CALL IMMEDIATELY (DUE: ₹88000)"
"227","user_gen_227","brdp20260227@brdpdcsitapur.com","STUDENT","ACTIVE","--","BRDP20260227","Ramesh Gautam","Alok Gautam","9286306335","BA","2026-2029","1","Laharpur, Uttar Pradesh","ACTIVE","3000","3000","0","3000","0","3000","3000","0","3000","3000","0","3000","3000","0","3000","3000","0","3000","18000","3000","15000","PARTIAL","CALL IMMEDIATELY (DUE: ₹15000)"
"228","user_gen_228","brdp20260228@brdpdcsitapur.com","STUDENT","ACTIVE","--","BRDP20260228","Ayush Shukla","Gudiya Shukla","9406801337","B.Sc","2026-2029","1","Mohali, Uttar Pradesh","ACTIVE","5000","5000","0","5000","0","5000","5000","0","5000","5000","0","5000","5000","0","5000","5000","0","5000","30000","5000","25000","PARTIAL","CALL IMMEDIATELY (DUE: ₹25000)"
"229","user_gen_229","brdp20260229@brdpdcsitapur.com","STUDENT","ACTIVE","--","BRDP20260229","Pushpendra Kumar","Vishal Kumar","9192409108","MCA","2026-2029","1","Hargaon, Uttar Pradesh","ACTIVE","30000","30000","0","30000","0","30000","30000","0","30000","30000","0","30000","30000","0","30000","30000","0","30000","180000","30000","150000","PARTIAL","CALL IMMEDIATELY (DUE: ₹150000)"
"230","user_gen_230","brdp20260230@brdpdcsitapur.com","STUDENT","ACTIVE","--","BRDP20260230","Sandeep Dubey","Saumya Dubey","9480802345","MCA","2026-2029","1","Lakhimpur Kheri, Uttar Pradesh","ACTIVE","30000","30000","0","30000","0","30000","30000","0","30000","30000","0","30000","30000","0","30000","30000","0","30000","180000","30000","150000","PARTIAL","CALL IMMEDIATELY (DUE: ₹150000)"
"231","user_gen_231","brdp20260231@brdpdcsitapur.com","STUDENT","ACTIVE","--","BRDP20260231","Adarsh Tripathi","Yashee Tripathi","9761658553","BBA","2026-2029","1","Lakhimpur Kheri, Uttar Pradesh","ACTIVE","22000","22000","0","22000","0","22000","22000","0","22000","22000","0","22000","22000","0","22000","22000","0","22000","132000","22000","110000","PARTIAL","CALL IMMEDIATELY (DUE: ₹110000)"
"232","user_gen_232","brdp20240232@brdpdcsitapur.com","STUDENT","ACTIVE","--","BRDP20240232","Meena Jaiswal","Seema Jaiswal","9383045598","BA","2024-2027","3","Lucknow, Uttar Pradesh","ACTIVE","3000","3000","0","3000","3000","0","3000","2500","500","3000","0","3000","3000","0","3000","3000","0","3000","18000","8500","9500","PARTIAL","CALL IMMEDIATELY (DUE: ₹9500)"
"233","user_gen_233","brdp20240233@brdpdcsitapur.com","STUDENT","ACTIVE","--","BRDP20240233","Iliyash Tripathi","Saurabh Tripathi","9491187580","MCA","2024-2027","3","Khairabad, Uttar Pradesh","ACTIVE","30000","30000","0","30000","30000","0","30000","30000","0","30000","0","30000","30000","0","30000","30000","0","30000","180000","90000","90000","PARTIAL","CALL IMMEDIATELY (DUE: ₹90000)"
"234","user_gen_234","brdp20260234@brdpdcsitapur.com","STUDENT","ACTIVE","--","BRDP20260234","Mahek Devi","Priya Devi","9390775587","BCA","2026-2029","1","Patna, Uttar Pradesh","ACTIVE","20000","20000","0","20000","0","20000","20000","0","20000","20000","0","20000","20000","0","20000","20000","0","20000","120000","20000","100000","PARTIAL","CALL IMMEDIATELY (DUE: ₹100000)"
"235","user_gen_235","brdp20260235@brdpdcsitapur.com","STUDENT","ACTIVE","--","BRDP20260235","Satish Devi","Aditya Devi","9617401556","BCA","2026-2029","1","Maholi, Uttar Pradesh","ACTIVE","20000","20000","0","20000","0","20000","20000","0","20000","20000","0","20000","20000","0","20000","20000","0","20000","120000","20000","100000","PARTIAL","CALL IMMEDIATELY (DUE: ₹100000)"
"236","user_gen_236","brdp20240236@brdpdcsitapur.com","STUDENT","ACTIVE","--","BRDP20240236","Dibya Devi","Divanshi Devi","9147689448","B.Tech CSE","2024-2027","3","Biswan, Uttar Pradesh","ACTIVE","25000","25000","0","25000","25000","0","25000","17000","8000","25000","0","25000","25000","0","25000","25000","0","25000","150000","67000","83000","PARTIAL","CALL IMMEDIATELY (DUE: ₹83000)"
"237","user_gen_237","brdp20240237@brdpdcsitapur.com","STUDENT","ACTIVE","--","BRDP20240237","Anamika Dwivedi","Rekha Dwivedi","9689130994","B.Sc","2024-2027","3","Hargaon, Uttar Pradesh","ACTIVE","5000","5000","0","5000","5000","0","5000","5000","0","5000","0","5000","5000","0","5000","5000","0","5000","30000","15000","15000","PARTIAL","CALL IMMEDIATELY (DUE: ₹15000)"
"238","user_gen_238","brdp20260238@brdpdcsitapur.com","STUDENT","ACTIVE","--","BRDP20260238","Subhendu Devi","Saumya Devi","9453656080","BA","2026-2029","1","Hargaon, Uttar Pradesh","DELETED","3000","3000","0","3000","0","3000","3000","0","3000","3000","0","3000","3000","0","3000","3000","0","3000","18000","3000","15000","PARTIAL","CALL IMMEDIATELY (DUE: ₹15000)"
"239","user_gen_239","brdp20230239@brdpdcsitapur.com","STUDENT","ACTIVE","--","BRDP20230239","Nainsi Shukla","Aditya Shukla","9217944850","B.Tech CSE","2023-2026","5","Misrikh, Uttar Pradesh","ACTIVE","25000","25000","0","25000","25000","0","25000","25000","0","25000","25000","0","25000","9500","15500","25000","0","25000","150000","109500","40500","PARTIAL","CALL IMMEDIATELY (DUE: ₹40500)"
"240","user_gen_240","brdp20260240@brdpdcsitapur.com","STUDENT","ACTIVE","--","BRDP20260240","Subhendu Gupta","Prateek Gupta","9284108886","BBA","2026-2029","1","Sidhauli, Uttar Pradesh","ACTIVE","22000","22000","0","22000","0","22000","22000","0","22000","22000","0","22000","22000","0","22000","22000","0","22000","132000","22000","110000","PARTIAL","CALL IMMEDIATELY (DUE: ₹110000)"
"241","user_gen_241","brdp20230241@brdpdcsitapur.com","STUDENT","ACTIVE","--","BRDP20230241","Aarav Dubey","Deepak Dubey","9393498231","B.Tech CSE","2023-2026","5","Sitapur Sadar, Uttar Pradesh","ACTIVE","25000","25000","0","25000","25000","0","25000","25000","0","25000","25000","0","25000","25000","0","25000","0","25000","150000","125000","25000","PARTIAL","CALL IMMEDIATELY (DUE: ₹25000)"
"242","user_gen_242","brdp20250242@brdpdcsitapur.com","STUDENT","ACTIVE","--","BRDP20250242","Aarya Srivastava","Aarav Srivastava","9203813618","B.Tech CSE","2025-2028","2","Lakhimpur Kheri, Uttar Pradesh","ACTIVE","25000","25000","0","25000","18000","7000","25000","0","25000","25000","0","25000","25000","0","25000","25000","0","25000","150000","43000","107000","PARTIAL","CALL IMMEDIATELY (DUE: ₹107000)"
"243","user_gen_243","brdp20240243@brdpdcsitapur.com","STUDENT","ACTIVE","--","BRDP20240243","Pushpendra Kanaujiya","Sonika Kanaujiya","9173337883","MCA","2024-2027","3","Maholi, Uttar Pradesh","ACTIVE","30000","30000","0","30000","30000","0","30000","0","30000","30000","0","30000","30000","0","30000","30000","0","30000","180000","60000","120000","PARTIAL","CALL IMMEDIATELY (DUE: ₹120000)"
"244","user_gen_244","brdp20260244@brdpdcsitapur.com","STUDENT","ACTIVE","--","BRDP20260244","Usha Giri","Pushpendra Giri","9995955999","BA","2026-2029","1","Hargaon, Uttar Pradesh","ACTIVE","3000","3000","0","3000","0","3000","3000","0","3000","3000","0","3000","3000","0","3000","3000","0","3000","18000","3000","15000","PARTIAL","CALL IMMEDIATELY (DUE: ₹15000)"
"245","user_gen_245","brdp20260245@brdpdcsitapur.com","STUDENT","ACTIVE","--","BRDP20260245","Vijay Khan","Rohan Khan","9315866494","BCA","2026-2029","1","Biswan, Uttar Pradesh","ACTIVE","20000","20000","0","20000","0","20000","20000","0","20000","20000","0","20000","20000","0","20000","20000","0","20000","120000","20000","100000","PARTIAL","CALL IMMEDIATELY (DUE: ₹100000)"
"246","user_gen_246","brdp20240246@brdpdcsitapur.com","STUDENT","ACTIVE","--","BRDP20240246","Geeta Kashyap","Abhishek Kashyap","9947522358","BCA","2024-2027","3","Patna, Uttar Pradesh","ACTIVE","20000","20000","0","20000","20000","0","20000","16000","4000","20000","0","20000","20000","0","20000","20000","0","20000","120000","56000","64000","PARTIAL","CALL IMMEDIATELY (DUE: ₹64000)"
"247","user_gen_247","brdp20230247@brdpdcsitapur.com","STUDENT","ACTIVE","--","BRDP20230247","Vinay Mishra","Pushpendra Mishra","9633400920","B.Sc","2023-2026","5","Lakhimpur Kheri, Uttar Pradesh","ACTIVE","5000","5000","0","5000","5000","0","5000","5000","0","5000","5000","0","5000","2000","3000","5000","0","5000","30000","22000","8000","PARTIAL","CALL IMMEDIATELY (DUE: ₹8000)"
"248","user_gen_248","brdp20230248@brdpdcsitapur.com","STUDENT","ACTIVE","--","BRDP20230248","Adarsh Kashyap","Geeta Kashyap","9711225053","BBA","2023-2026","5","Maholi, Uttar Pradesh","ACTIVE","22000","22000","0","22000","22000","0","22000","22000","0","22000","22000","0","22000","10500","11500","22000","0","22000","132000","98500","33500","PARTIAL","CALL IMMEDIATELY (DUE: ₹33500)"
"249","user_gen_249","brdp20240249@brdpdcsitapur.com","STUDENT","ACTIVE","--","BRDP20240249","Kamlesh Paswan","Raj Paswan","9847230980","BA","2024-2027","3","Sitapur Sadar, Uttar Pradesh","ACTIVE","3000","3000","0","3000","3000","0","3000","0","3000","3000","0","3000","3000","0","3000","3000","0","3000","18000","6000","12000","PARTIAL","CALL IMMEDIATELY (DUE: ₹12000)"
"250","user_gen_250","brdp20250250@brdpdcsitapur.com","STUDENT","ACTIVE","--","BRDP20250250","Alok Singh","Naimish Singh","9938661577","B.Sc","2025-2028","2","Sitapur, Uttar Pradesh","ACTIVE","5000","5000","0","5000","1500","3500","5000","0","5000","5000","0","5000","5000","0","5000","5000","0","5000","30000","6500","23500","PARTIAL","CALL IMMEDIATELY (DUE: ₹23500)"
"251","user_gen_251","brdp20260251@brdpdcsitapur.com","STUDENT","ACTIVE","--","BRDP20260251","Alok Tiwari","Vinod Tiwari","9425632504","BCA","2026-2029","1","Patna, Uttar Pradesh","ACTIVE","20000","20000","0","20000","0","20000","20000","0","20000","20000","0","20000","20000","0","20000","20000","0","20000","120000","20000","100000","PARTIAL","CALL IMMEDIATELY (DUE: ₹100000)"
"252","user_gen_252","brdp20250252@brdpdcsitapur.com","STUDENT","ACTIVE","--","BRDP20250252","Aarti Yadav","Ramesh Yadav","9921211225","B.Sc","2025-2028","2","Kanpur, Uttar Pradesh","ACTIVE","5000","5000","0","5000","5000","0","5000","0","5000","5000","0","5000","5000","0","5000","5000","0","5000","30000","10000","20000","PARTIAL","CALL IMMEDIATELY (DUE: ₹20000)"
"253","user_gen_253","brdp20230253@brdpdcsitapur.com","STUDENT","ACTIVE","--","BRDP20230253","Abhishek Mishra","Suresh Mishra","9134563304","BCA","2023-2026","5","Lucknow, Uttar Pradesh","ACTIVE","20000","20000","0","20000","20000","0","20000","20000","0","20000","20000","0","20000","20000","0","20000","0","20000","120000","100000","20000","PARTIAL","CALL IMMEDIATELY (DUE: ₹20000)"
"254","user_gen_254","brdp20260254@brdpdcsitapur.com","STUDENT","ACTIVE","--","BRDP20260254","Ayush Chaurasiya","Iliyash Chaurasiya","9143795673","B.Tech CSE","2026-2029","1","Maholi, Uttar Pradesh","ACTIVE","25000","0","25000","25000","0","25000","25000","0","25000","25000","0","25000","25000","0","25000","25000","0","25000","150000","0","150000","PENDING","CALL IMMEDIATELY (DUE: ₹150000)"
"255","user_gen_255","brdp20230255@brdpdcsitapur.com","STUDENT","ACTIVE","--","BRDP20230255","Adarsh Jaiswal","Aarya Jaiswal","9391194777","BCA","2023-2026","5","Mohali, Uttar Pradesh","ACTIVE","20000","20000","0","20000","20000","0","20000","20000","0","20000","20000","0","20000","20000","0","20000","0","20000","120000","100000","20000","PARTIAL","CALL IMMEDIATELY (DUE: ₹20000)"
"256","user_gen_256","brdp20240256@brdpdcsitapur.com","STUDENT","ACTIVE","--","BRDP20240256","Alok Dubey","Amit Dubey","9930614022","BCA","2024-2027","3","Khairabad, Uttar Pradesh","ACTIVE","20000","20000","0","20000","20000","0","20000","12500","7500","20000","0","20000","20000","0","20000","20000","0","20000","120000","52500","67500","PARTIAL","CALL IMMEDIATELY (DUE: ₹67500)"
"257","user_gen_257","brdp20260257@brdpdcsitapur.com","STUDENT","ACTIVE","--","BRDP20260257","Raj Kumar","Diwakar Kumar","9598622555","B.Sc","2026-2029","1","Sidhauli, Uttar Pradesh","ACTIVE","5000","5000","0","5000","0","5000","5000","0","5000","5000","0","5000","5000","0","5000","5000","0","5000","30000","5000","25000","PARTIAL","CALL IMMEDIATELY (DUE: ₹25000)"
"258","user_gen_258","brdp20260258@brdpdcsitapur.com","STUDENT","ACTIVE","--","BRDP20260258","Shivangi Verma","Amit Verma","9439325299","B.Tech CSE","2026-2029","1","Kanpur, Uttar Pradesh","ACTIVE","25000","0","25000","25000","0","25000","25000","0","25000","25000","0","25000","25000","0","25000","25000","0","25000","150000","0","150000","PENDING","CALL IMMEDIATELY (DUE: ₹150000)"
"259","user_gen_259","brdp20250259@brdpdcsitapur.com","STUDENT","ACTIVE","--","BRDP20250259","Gudiya Verma","Gudiya Verma","9469155119","MCA","2025-2028","2","Patna, Uttar Pradesh","ACTIVE","30000","30000","0","30000","30000","0","30000","0","30000","30000","0","30000","30000","0","30000","30000","0","30000","180000","60000","120000","PARTIAL","CALL IMMEDIATELY (DUE: ₹120000)"
"260","user_gen_260","brdp20260260@brdpdcsitapur.com","STUDENT","ACTIVE","--","BRDP20260260","Ajay Tripathi","Pinku Tripathi","9461525309","B.Tech CSE","2026-2029","1","Lakhimpur Kheri, Uttar Pradesh","ACTIVE","25000","0","25000","25000","0","25000","25000","0","25000","25000","0","25000","25000","0","25000","25000","0","25000","150000","0","150000","PENDING","CALL IMMEDIATELY (DUE: ₹150000)"
"261","user_gen_261","brdp20230261@brdpdcsitapur.com","STUDENT","ACTIVE","--","BRDP20230261","Ritu Sharma","Pari Sharma","9866720609","BBA","2023-2026","5","Hargaon, Uttar Pradesh","ACTIVE","22000","22000","0","22000","22000","0","22000","22000","0","22000","22000","0","22000","12000","10000","22000","0","22000","132000","100000","32000","PARTIAL","CALL IMMEDIATELY (DUE: ₹32000)"
"262","user_gen_262","brdp20250262@brdpdcsitapur.com","STUDENT","ACTIVE","--","BRDP20250262","Sonu Paswan","Rashi Paswan","9306591824","BBA","2025-2028","2","Lakhimpur Kheri, Uttar Pradesh","ACTIVE","22000","22000","0","22000","0","22000","22000","0","22000","22000","0","22000","22000","0","22000","22000","0","22000","132000","22000","110000","PARTIAL","CALL IMMEDIATELY (DUE: ₹110000)"
"263","user_gen_263","brdp20230263@brdpdcsitapur.com","STUDENT","ACTIVE","--","BRDP20230263","Aditya Kumar","Sonika Kumar","9741431028","B.Sc","2023-2026","5","Misrikh, Uttar Pradesh","ACTIVE","5000","5000","0","5000","5000","0","5000","5000","0","5000","5000","0","5000","0","5000","5000","0","5000","30000","20000","10000","PARTIAL","CALL IMMEDIATELY (DUE: ₹10000)"
"264","user_gen_264","brdp20240264@brdpdcsitapur.com","STUDENT","ACTIVE","--","BRDP20240264","Geeta Srivastava","Rekha Srivastava","9199080193","B.Sc","2024-2027","3","Sitapur Sadar, Uttar Pradesh","ACTIVE","5000","5000","0","5000","5000","0","5000","3000","2000","5000","0","5000","5000","0","5000","5000","0","5000","30000","13000","17000","PARTIAL","CALL IMMEDIATELY (DUE: ₹17000)"
"265","user_gen_265","brdp20260265@brdpdcsitapur.com","STUDENT","ACTIVE","--","BRDP20260265","Aarti Kumar","Asha Kumar","9987323345","BA","2026-2029","1","Kanpur, Uttar Pradesh","ACTIVE","3000","3000","0","3000","0","3000","3000","0","3000","3000","0","3000","3000","0","3000","3000","0","3000","18000","3000","15000","PARTIAL","CALL IMMEDIATELY (DUE: ₹15000)"
"266","user_gen_266","brdp20250266@brdpdcsitapur.com","STUDENT","ACTIVE","--","BRDP20250266","Anita Gupta","Ashutosh Gupta","9363342891","B.Sc","2025-2028","2","Lakhimpur Kheri, Uttar Pradesh","ACTIVE","5000","5000","0","5000","5000","0","5000","0","5000","5000","0","5000","5000","0","5000","5000","0","5000","30000","10000","20000","PARTIAL","CALL IMMEDIATELY (DUE: ₹20000)"
"267","user_gen_267","brdp20230267@brdpdcsitapur.com","STUDENT","ACTIVE","--","BRDP20230267","Vivek Pal","Shivani Pal","9187516274","BBA","2023-2026","5","Maholi, Uttar Pradesh","ACTIVE","22000","22000","0","22000","22000","0","22000","22000","0","22000","22000","0","22000","16000","6000","22000","0","22000","132000","104000","28000","PARTIAL","CALL IMMEDIATELY (DUE: ₹28000)"
"268","user_gen_268","brdp20240268@brdpdcsitapur.com","STUDENT","ACTIVE","--","BRDP20240268","Satish Devi","Pari Devi","9401447358","BA","2024-2027","3","Lakhimpur Kheri, Uttar Pradesh","ACTIVE","3000","3000","0","3000","3000","0","3000","2000","1000","3000","0","3000","3000","0","3000","3000","0","3000","18000","8000","10000","PARTIAL","CALL IMMEDIATELY (DUE: ₹10000)"
"269","user_gen_269","brdp20240269@brdpdcsitapur.com","STUDENT","ACTIVE","--","BRDP20240269","Suman Jaiswal","Anjali Jaiswal","9703583888","B.Sc","2024-2027","3","Laharpur, Uttar Pradesh","ACTIVE","5000","5000","0","5000","5000","0","5000","5000","0","5000","0","5000","5000","0","5000","5000","0","5000","30000","15000","15000","PARTIAL","CALL IMMEDIATELY (DUE: ₹15000)"
"270","user_gen_270","brdp20240270@brdpdcsitapur.com","STUDENT","ACTIVE","--","BRDP20240270","Ajay Pal","Subhendu Pal","9798329214","B.Tech CSE","2024-2027","3","Misrikh, Uttar Pradesh","ACTIVE","25000","25000","0","25000","25000","0","25000","0","25000","25000","0","25000","25000","0","25000","25000","0","25000","150000","50000","100000","PARTIAL","CALL IMMEDIATELY (DUE: ₹100000)"
"271","user_gen_271","brdp20240271@brdpdcsitapur.com","STUDENT","ACTIVE","--","BRDP20240271","Deepak Verma","Suresh Verma","9647436695","BA","2024-2027","3","Maholi, Uttar Pradesh","ACTIVE","3000","3000","0","3000","3000","0","3000","2000","1000","3000","0","3000","3000","0","3000","3000","0","3000","18000","8000","10000","PARTIAL","CALL IMMEDIATELY (DUE: ₹10000)"
"272","user_gen_272","brdp20260272@brdpdcsitapur.com","STUDENT","ACTIVE","--","BRDP20260272","Meena Khan","Manoj Khan","9948895776","B.Sc","2026-2029","1","Khairabad, Uttar Pradesh","ACTIVE","5000","5000","0","5000","0","5000","5000","0","5000","5000","0","5000","5000","0","5000","5000","0","5000","30000","5000","25000","PARTIAL","CALL IMMEDIATELY (DUE: ₹25000)"
"273","user_gen_273","brdp20260273@brdpdcsitapur.com","STUDENT","ACTIVE","--","BRDP20260273","Meena Singh","Rahul Singh","9783146130","BCA","2026-2029","1","Laharpur, Uttar Pradesh","ACTIVE","20000","10000","10000","20000","0","20000","20000","0","20000","20000","0","20000","20000","0","20000","20000","0","20000","120000","10000","110000","PARTIAL","CALL IMMEDIATELY (DUE: ₹110000)"
"274","user_gen_274","brdp20240274@brdpdcsitapur.com","STUDENT","ACTIVE","--","BRDP20240274","Shivani Mishra","Ashutosh Mishra","9547858300","BBA","2024-2027","3","Kanpur, Uttar Pradesh","ACTIVE","22000","22000","0","22000","22000","0","22000","15000","7000","22000","0","22000","22000","0","22000","22000","0","22000","132000","59000","73000","PARTIAL","CALL IMMEDIATELY (DUE: ₹73000)"
"275","user_gen_275","brdp20240275@brdpdcsitapur.com","STUDENT","ACTIVE","--","BRDP20240275","Vijay Pal","Rekha Pal","9845937090","BA","2024-2027","3","Sidhauli, Uttar Pradesh","ACTIVE","3000","3000","0","3000","3000","0","3000","0","3000","3000","0","3000","3000","0","3000","3000","0","3000","18000","6000","12000","PARTIAL","CALL IMMEDIATELY (DUE: ₹12000)"
"276","user_gen_276","brdp20240276@brdpdcsitapur.com","STUDENT","ACTIVE","--","BRDP20240276","Prateek Srivastava","Deepika Srivastava","9490510876","BA","2024-2027","3","Biswan, Uttar Pradesh","ACTIVE","3000","3000","0","3000","3000","0","3000","3000","0","3000","0","3000","3000","0","3000","3000","0","3000","18000","9000","9000","PARTIAL","CALL IMMEDIATELY (DUE: ₹9000)"
"277","user_gen_277","brdp20260277@brdpdcsitapur.com","STUDENT","ACTIVE","--","BRDP20260277","Ankul Devi","Sanjay Devi","9731282932","BA","2026-2029","1","Kanpur, Uttar Pradesh","ACTIVE","3000","1500","1500","3000","0","3000","3000","0","3000","3000","0","3000","3000","0","3000","3000","0","3000","18000","1500","16500","PARTIAL","CALL IMMEDIATELY (DUE: ₹16500)"
"278","user_gen_278","brdp20250278@brdpdcsitapur.com","STUDENT","ACTIVE","--","BRDP20250278","Ravi Dwivedi","Priya Dwivedi","9774056438","B.Sc","2025-2028","2","Biswan, Uttar Pradesh","ACTIVE","5000","5000","0","5000","5000","0","5000","0","5000","5000","0","5000","5000","0","5000","5000","0","5000","30000","10000","20000","PARTIAL","CALL IMMEDIATELY (DUE: ₹20000)"
"279","user_gen_279","brdp20240279@brdpdcsitapur.com","STUDENT","ACTIVE","--","BRDP20240279","Pinku Sharma","Yashee Sharma","9891558621","B.Tech CSE","2024-2027","3","Lakhimpur Kheri, Uttar Pradesh","ACTIVE","25000","25000","0","25000","25000","0","25000","13000","12000","25000","0","25000","25000","0","25000","25000","0","25000","150000","63000","87000","PARTIAL","CALL IMMEDIATELY (DUE: ₹87000)"
"280","user_gen_280","brdp20230280@brdpdcsitapur.com","STUDENT","ACTIVE","--","BRDP20230280","Usha Prajapati","Vishal Prajapati","9420725373","BCA","2023-2026","5","Laharpur, Uttar Pradesh","ACTIVE","20000","20000","0","20000","20000","0","20000","20000","0","20000","20000","0","20000","10000","10000","20000","0","20000","120000","90000","30000","PARTIAL","CALL IMMEDIATELY (DUE: ₹30000)"
"281","user_gen_281","brdp20250281@brdpdcsitapur.com","STUDENT","ACTIVE","--","BRDP20250281","Abhishek Khan","Vinay Khan","9727978832","BBA","2025-2028","2","Kanpur, Uttar Pradesh","ACTIVE","22000","22000","0","22000","15500","6500","22000","0","22000","22000","0","22000","22000","0","22000","22000","0","22000","132000","37500","94500","PARTIAL","CALL IMMEDIATELY (DUE: ₹94500)"
"282","user_gen_282","brdp20230282@brdpdcsitapur.com","STUDENT","ACTIVE","--","BRDP20230282","Sonika Devi","Rajesh Devi","9484804938","MCA","2023-2026","5","Laharpur, Uttar Pradesh","ACTIVE","30000","30000","0","30000","30000","0","30000","30000","0","30000","30000","0","30000","21000","9000","30000","0","30000","180000","141000","39000","PARTIAL","CALL IMMEDIATELY (DUE: ₹39000)"
"283","user_gen_283","brdp20250283@brdpdcsitapur.com","STUDENT","ACTIVE","--","BRDP20250283","Dibya Yadav","Divyanshi Yadav","9936382399","B.Tech CSE","2025-2028","2","Sidhauli, Uttar Pradesh","ACTIVE","25000","25000","0","25000","14000","11000","25000","0","25000","25000","0","25000","25000","0","25000","25000","0","25000","150000","39000","111000","PARTIAL","CALL IMMEDIATELY (DUE: ₹111000)"
"284","user_gen_284","brdp20240284@brdpdcsitapur.com","STUDENT","ACTIVE","--","BRDP20240284","Ajay Giri","Kavita Giri","9884486783","BCA","2024-2027","3","Laharpur, Uttar Pradesh","ACTIVE","20000","20000","0","20000","20000","0","20000","20000","0","20000","0","20000","20000","0","20000","20000","0","20000","120000","60000","60000","PARTIAL","CALL IMMEDIATELY (DUE: ₹60000)"
"285","user_gen_285","brdp20240285@brdpdcsitapur.com","STUDENT","ACTIVE","--","BRDP20240285","Mahek Kashyap","Prateek Kashyap","9839797724","BA","2024-2027","3","Maholi, Uttar Pradesh","ACTIVE","3000","3000","0","3000","3000","0","3000","0","3000","3000","0","3000","3000","0","3000","3000","0","3000","18000","6000","12000","PARTIAL","CALL IMMEDIATELY (DUE: ₹12000)"
"286","user_gen_286","brdp20240286@brdpdcsitapur.com","STUDENT","ACTIVE","--","BRDP20240286","Divyanshi Yadav","Deepak Yadav","9856210401","B.Sc","2024-2027","3","Sidhauli, Uttar Pradesh","ACTIVE","5000","5000","0","5000","5000","0","5000","5000","0","5000","0","5000","5000","0","5000","5000","0","5000","30000","15000","15000","PARTIAL","CALL IMMEDIATELY (DUE: ₹15000)"
"287","user_gen_287","brdp20240287@brdpdcsitapur.com","STUDENT","ACTIVE","--","BRDP20240287","Ravi Tripathi","Laxmi Tripathi","9108447492","B.Sc","2024-2027","3","Sitapur Sadar, Uttar Pradesh","ACTIVE","5000","5000","0","5000","5000","0","5000","5000","0","5000","0","5000","5000","0","5000","5000","0","5000","30000","15000","15000","PARTIAL","CALL IMMEDIATELY (DUE: ₹15000)"
"288","user_gen_288","brdp20260288@brdpdcsitapur.com","STUDENT","ACTIVE","--","BRDP20260288","Vikas Yadav","Shivam Yadav","9601042234","BCA","2026-2029","1","Maholi, Uttar Pradesh","ACTIVE","20000","20000","0","20000","0","20000","20000","0","20000","20000","0","20000","20000","0","20000","20000","0","20000","120000","20000","100000","PARTIAL","CALL IMMEDIATELY (DUE: ₹100000)"
"289","user_gen_289","brdp20230289@brdpdcsitapur.com","STUDENT","ACTIVE","--","BRDP20230289","Suman Gupta","Divyanshi Gupta","9936668918","BCA","2023-2026","5","Biswan, Uttar Pradesh","ACTIVE","20000","20000","0","20000","20000","0","20000","20000","0","20000","20000","0","20000","0","20000","20000","0","20000","120000","80000","40000","PARTIAL","CALL IMMEDIATELY (DUE: ₹40000)"
"290","user_gen_290","brdp20260290@brdpdcsitapur.com","STUDENT","ACTIVE","--","BRDP20260290","Roshani Maurya","Aarti Maurya","9289829710","BBA","2026-2029","1","Hargaon, Uttar Pradesh","ACTIVE","22000","22000","0","22000","0","22000","22000","0","22000","22000","0","22000","22000","0","22000","22000","0","22000","132000","22000","110000","PARTIAL","CALL IMMEDIATELY (DUE: ₹110000)"
"291","user_gen_291","brdp20260291@brdpdcsitapur.com","STUDENT","ACTIVE","--","BRDP20260291","Priya Singh","Sani Singh","9992501715","BBA","2026-2029","1","Sidhauli, Uttar Pradesh","ACTIVE","22000","10500","11500","22000","0","22000","22000","0","22000","22000","0","22000","22000","0","22000","22000","0","22000","132000","10500","121500","PARTIAL","CALL IMMEDIATELY (DUE: ₹121500)"
"292","user_gen_292","brdp20250292@brdpdcsitapur.com","STUDENT","ACTIVE","--","BRDP20250292","Usha Dwivedi","Abhishek Dwivedi","9585895465","BBA","2025-2028","2","Sitapur Sadar, Uttar Pradesh","ACTIVE","22000","22000","0","22000","22000","0","22000","0","22000","22000","0","22000","22000","0","22000","22000","0","22000","132000","44000","88000","PARTIAL","CALL IMMEDIATELY (DUE: ₹88000)"
"293","user_gen_293","brdp20260293@brdpdcsitapur.com","STUDENT","ACTIVE","--","BRDP20260293","Rahul Yadav","Dipanshi Yadav","9476062851","B.Sc","2026-2029","1","Patna, Uttar Pradesh","ACTIVE","5000","2000","3000","5000","0","5000","5000","0","5000","5000","0","5000","5000","0","5000","5000","0","5000","30000","2000","28000","PARTIAL","CALL IMMEDIATELY (DUE: ₹28000)"
"294","user_gen_294","brdp20260294@brdpdcsitapur.com","STUDENT","ACTIVE","--","BRDP20260294","Sangita Maurya","Pooja Maurya","9990055349","BA","2026-2029","1","Sitapur Sadar, Uttar Pradesh","ACTIVE","3000","3000","0","3000","0","3000","3000","0","3000","3000","0","3000","3000","0","3000","3000","0","3000","18000","3000","15000","PARTIAL","CALL IMMEDIATELY (DUE: ₹15000)"
"295","user_gen_295","brdp20260295@brdpdcsitapur.com","STUDENT","ACTIVE","--","BRDP20260295","Sangita Sharma","Alok Sharma","9197724735","BCA","2026-2029","1","Sidhauli, Uttar Pradesh","ACTIVE","20000","20000","0","20000","0","20000","20000","0","20000","20000","0","20000","20000","0","20000","20000","0","20000","120000","20000","100000","PARTIAL","CALL IMMEDIATELY (DUE: ₹100000)"
"296","user_gen_296","brdp20250296@brdpdcsitapur.com","STUDENT","ACTIVE","--","BRDP20250296","Anamika Yadav","Dibya Yadav","9639580355","BCA","2025-2028","2","Lakhimpur Kheri, Uttar Pradesh","ACTIVE","20000","20000","0","20000","16000","4000","20000","0","20000","20000","0","20000","20000","0","20000","20000","0","20000","120000","36000","84000","PARTIAL","CALL IMMEDIATELY (DUE: ₹84000)"
"297","user_gen_297","brdp20260297@brdpdcsitapur.com","STUDENT","ACTIVE","--","BRDP20260297","Kamlesh Gautam","Vinay Gautam","9976703958","B.Sc","2026-2029","1","Hargaon, Uttar Pradesh","ACTIVE","5000","5000","0","5000","0","5000","5000","0","5000","5000","0","5000","5000","0","5000","5000","0","5000","30000","5000","25000","PARTIAL","CALL IMMEDIATELY (DUE: ₹25000)"
"298","user_gen_298","brdp20260298@brdpdcsitapur.com","STUDENT","ACTIVE","--","BRDP20260298","Subhendu Shukla","Prateek Shukla","9996249784","B.Sc","2026-2029","1","Misrikh, Uttar Pradesh","ACTIVE","5000","5000","0","5000","0","5000","5000","0","5000","5000","0","5000","5000","0","5000","5000","0","5000","30000","5000","25000","PARTIAL","CALL IMMEDIATELY (DUE: ₹25000)"
"299","user_gen_299","brdp20250299@brdpdcsitapur.com","STUDENT","ACTIVE","--","BRDP20250299","Saurabh Paswan","Anjali Paswan","9337268250","B.Tech CSE","2025-2028","2","Patna, Uttar Pradesh","ACTIVE","25000","25000","0","25000","10000","15000","25000","0","25000","25000","0","25000","25000","0","25000","25000","0","25000","150000","35000","115000","PARTIAL","CALL IMMEDIATELY (DUE: ₹115000)"
"300","user_gen_300","brdp20250300@brdpdcsitapur.com","STUDENT","ACTIVE","--","BRDP20250300","Shivangi Prajapati","Asha Prajapati","9677091040","B.Sc","2025-2028","2","Khairabad, Uttar Pradesh","ACTIVE","5000","5000","0","5000","5000","0","5000","0","5000","5000","0","5000","5000","0","5000","5000","0","5000","30000","10000","20000","PARTIAL","CALL IMMEDIATELY (DUE: ₹20000)"
"301","user_gen_301","brdp20260301@brdpdcsitapur.com","STUDENT","ACTIVE","--","BRDP20260301","Rahul Gupta","Vinod Gupta","9477743610","BA","2026-2029","1","Misrikh, Uttar Pradesh","ACTIVE","3000","3000","0","3000","0","3000","3000","0","3000","3000","0","3000","3000","0","3000","3000","0","3000","18000","3000","15000","PARTIAL","CALL IMMEDIATELY (DUE: ₹15000)"
"302","user_gen_302","brdp20260302@brdpdcsitapur.com","STUDENT","ACTIVE","--","BRDP20260302","Subhendu Verma","Aarya Verma","9305476723","BA","2026-2029","1","Sitapur Sadar, Uttar Pradesh","ACTIVE","3000","2000","1000","3000","0","3000","3000","0","3000","3000","0","3000","3000","0","3000","3000","0","3000","18000","2000","16000","PARTIAL","CALL IMMEDIATELY (DUE: ₹16000)"
"303","user_gen_303","brdp20250303@brdpdcsitapur.com","STUDENT","ACTIVE","--","BRDP20250303","Rahul Pandey","Sonu Pandey","9533131278","BBA","2025-2028","2","Misrikh, Uttar Pradesh","ACTIVE","22000","22000","0","22000","9000","13000","22000","0","22000","22000","0","22000","22000","0","22000","22000","0","22000","132000","31000","101000","PARTIAL","CALL IMMEDIATELY (DUE: ₹101000)"
"304","user_gen_304","brdp20260304@brdpdcsitapur.com","STUDENT","ACTIVE","--","BRDP20260304","Ritu Prajapati","Saumya Prajapati","9222028320","B.Tech CSE","2026-2029","1","Patna, Uttar Pradesh","ACTIVE","25000","13500","11500","25000","0","25000","25000","0","25000","25000","0","25000","25000","0","25000","25000","0","25000","150000","13500","136500","PARTIAL","CALL IMMEDIATELY (DUE: ₹136500)"
"305","user_gen_305","brdp20250305@brdpdcsitapur.com","STUDENT","ACTIVE","--","BRDP20250305","Saurabh Jaiswal","Sarita Jaiswal","9340415489","BA","2025-2028","2","Laharpur, Uttar Pradesh","ACTIVE","3000","3000","0","3000","1500","1500","3000","0","3000","3000","0","3000","3000","0","3000","3000","0","3000","18000","4500","13500","PARTIAL","CALL IMMEDIATELY (DUE: ₹13500)"
"306","user_gen_306","brdp20240306@brdpdcsitapur.com","STUDENT","ACTIVE","--","BRDP20240306","Dharmendra Dubey","Diwakar Dubey","9725014190","MCA","2024-2027","3","Laharpur, Uttar Pradesh","ACTIVE","30000","30000","0","30000","30000","0","30000","0","30000","30000","0","30000","30000","0","30000","30000","0","30000","180000","60000","120000","PARTIAL","CALL IMMEDIATELY (DUE: ₹120000)"
"307","user_gen_307","brdp20230307@brdpdcsitapur.com","STUDENT","ACTIVE","--","BRDP20230307","Sarita Maurya","Sunil Maurya","9543028528","BCA","2023-2026","5","Patna, Uttar Pradesh","ACTIVE","20000","20000","0","20000","20000","0","20000","20000","0","20000","20000","0","20000","13000","7000","20000","0","20000","120000","93000","27000","PARTIAL","CALL IMMEDIATELY (DUE: ₹27000)"
"308","user_gen_308","brdp20230308@brdpdcsitapur.com","STUDENT","ACTIVE","--","BRDP20230308","Raj Dwivedi","Satish Dwivedi","9800652104","B.Sc","2023-2026","5","Kanpur, Uttar Pradesh","ACTIVE","5000","5000","0","5000","5000","0","5000","5000","0","5000","5000","0","5000","0","5000","5000","0","5000","30000","20000","10000","PARTIAL","CALL IMMEDIATELY (DUE: ₹10000)"
"309","user_gen_309","brdp20230309@brdpdcsitapur.com","STUDENT","ACTIVE","--","BRDP20230309","Anjali Devi","Laxmi Devi","9502663717","B.Tech CSE","2023-2026","5","Lakhimpur Kheri, Uttar Pradesh","ACTIVE","25000","25000","0","25000","25000","0","25000","25000","0","25000","25000","0","25000","25000","0","25000","0","25000","150000","125000","25000","PARTIAL","CALL IMMEDIATELY (DUE: ₹25000)"
"310","user_gen_310","brdp20230310@brdpdcsitapur.com","STUDENT","ACTIVE","--","BRDP20230310","Ananya Dwivedi","Asha Dwivedi","9473923334","BCA","2023-2026","5","Khairabad, Uttar Pradesh","ACTIVE","20000","20000","0","20000","20000","0","20000","20000","0","20000","20000","0","20000","0","20000","20000","0","20000","120000","80000","40000","PARTIAL","CALL IMMEDIATELY (DUE: ₹40000)"
"311","user_gen_311","brdp20250311@brdpdcsitapur.com","STUDENT","ACTIVE","--","BRDP20250311","Sandeep Gupta","Sunil Gupta","9851115483","BBA","2025-2028","2","Khairabad, Uttar Pradesh","DELETED","22000","22000","0","22000","22000","0","22000","0","22000","22000","0","22000","22000","0","22000","22000","0","22000","132000","44000","88000","PARTIAL","CALL IMMEDIATELY (DUE: ₹88000)"
"312","user_gen_312","brdp20230312@brdpdcsitapur.com","STUDENT","ACTIVE","--","BRDP20230312","Pinku Dwivedi","Pushpendra Dwivedi","9975355481","B.Tech CSE","2023-2026","5","Sitapur, Uttar Pradesh","ACTIVE","25000","25000","0","25000","25000","0","25000","25000","0","25000","25000","0","25000","0","25000","25000","0","25000","150000","100000","50000","PARTIAL","CALL IMMEDIATELY (DUE: ₹50000)"
"313","user_gen_313","brdp20260313@brdpdcsitapur.com","STUDENT","ACTIVE","--","BRDP20260313","Subhendu Singh","Laxmi Singh","9525315226","B.Tech CSE","2026-2029","1","Sitapur Sadar, Uttar Pradesh","ACTIVE","25000","18500","6500","25000","0","25000","25000","0","25000","25000","0","25000","25000","0","25000","25000","0","25000","150000","18500","131500","PARTIAL","CALL IMMEDIATELY (DUE: ₹131500)"
"314","user_gen_314","brdp20240314@brdpdcsitapur.com","STUDENT","ACTIVE","--","BRDP20240314","Yashee Tripathi","Geeta Tripathi","9764947926","BA","2024-2027","3","Sitapur Sadar, Uttar Pradesh","ACTIVE","3000","3000","0","3000","3000","0","3000","3000","0","3000","0","3000","3000","0","3000","3000","0","3000","18000","9000","9000","PARTIAL","CALL IMMEDIATELY (DUE: ₹9000)"
"315","user_gen_315","brdp20240315@brdpdcsitapur.com","STUDENT","ACTIVE","--","BRDP20240315","Mahek Rathour","Vivek Rathour","9828338465","BA","2024-2027","3","Patna, Uttar Pradesh","DELETED","3000","3000","0","3000","3000","0","3000","3000","0","3000","0","3000","3000","0","3000","3000","0","3000","18000","9000","9000","PARTIAL","CALL IMMEDIATELY (DUE: ₹9000)"
"316","user_gen_316","brdp20260316@brdpdcsitapur.com","STUDENT","ACTIVE","--","BRDP20260316","Ashutosh Rathour","Ritu Rathour","9567836252","B.Tech CSE","2026-2029","1","Kanpur, Uttar Pradesh","ACTIVE","25000","14500","10500","25000","0","25000","25000","0","25000","25000","0","25000","25000","0","25000","25000","0","25000","150000","14500","135500","PARTIAL","CALL IMMEDIATELY (DUE: ₹135500)"
"317","user_gen_317","brdp20240317@brdpdcsitapur.com","STUDENT","ACTIVE","--","BRDP20240317","Dibya Mishra","Pari Mishra","9754160361","B.Tech CSE","2024-2027","3","Lakhimpur Kheri, Uttar Pradesh","ACTIVE","25000","25000","0","25000","25000","0","25000","16000","9000","25000","0","25000","25000","0","25000","25000","0","25000","150000","66000","84000","PARTIAL","CALL IMMEDIATELY (DUE: ₹84000)"
"318","user_gen_318","brdp20260318@brdpdcsitapur.com","STUDENT","ACTIVE","--","BRDP20260318","Yashee Srivastava","Gudiya Srivastava","9302785414","BBA","2026-2029","1","Sitapur Sadar, Uttar Pradesh","ACTIVE","22000","22000","0","22000","0","22000","22000","0","22000","22000","0","22000","22000","0","22000","22000","0","22000","132000","22000","110000","PARTIAL","CALL IMMEDIATELY (DUE: ₹110000)"
"319","user_gen_319","brdp20250319@brdpdcsitapur.com","STUDENT","ACTIVE","--","BRDP20250319","Vikas Pal","Sandeep Pal","9301422327","MCA","2025-2028","2","Sidhauli, Uttar Pradesh","ACTIVE","30000","30000","0","30000","0","30000","30000","0","30000","30000","0","30000","30000","0","30000","30000","0","30000","180000","30000","150000","PARTIAL","CALL IMMEDIATELY (DUE: ₹150000)"
"320","user_gen_320","brdp20260320@brdpdcsitapur.com","STUDENT","ACTIVE","--","BRDP20260320","Vinay Pandey","Sonu Pandey","9194343200","B.Tech CSE","2026-2029","1","Misrikh, Uttar Pradesh","ACTIVE","25000","15500","9500","25000","0","25000","25000","0","25000","25000","0","25000","25000","0","25000","25000","0","25000","150000","15500","134500","PARTIAL","CALL IMMEDIATELY (DUE: ₹134500)"
"321","user_gen_321","brdp20240321@brdpdcsitapur.com","STUDENT","ACTIVE","--","BRDP20240321","Deepak Srivastava","Shivangi Srivastava","9176591632","B.Tech CSE","2024-2027","3","Lucknow, Uttar Pradesh","ACTIVE","25000","25000","0","25000","25000","0","25000","14000","11000","25000","0","25000","25000","0","25000","25000","0","25000","150000","64000","86000","PARTIAL","CALL IMMEDIATELY (DUE: ₹86000)"
"322","user_gen_322","brdp20240322@brdpdcsitapur.com","STUDENT","ACTIVE","--","BRDP20240322","Aditya Jaiswal","Geeta Jaiswal","9354866960","BA","2024-2027","3","Lakhimpur Kheri, Uttar Pradesh","ACTIVE","3000","3000","0","3000","3000","0","3000","2500","500","3000","0","3000","3000","0","3000","3000","0","3000","18000","8500","9500","PARTIAL","CALL IMMEDIATELY (DUE: ₹9500)"
"323","user_gen_323","brdp20240323@brdpdcsitapur.com","STUDENT","ACTIVE","--","BRDP20240323","Deepak Jaiswal","Pankaj Jaiswal","9503685348","BA","2024-2027","3","Patna, Uttar Pradesh","ACTIVE","3000","3000","0","3000","3000","0","3000","3000","0","3000","0","3000","3000","0","3000","3000","0","3000","18000","9000","9000","PARTIAL","CALL IMMEDIATELY (DUE: ₹9000)"
"324","user_gen_324","brdp20240324@brdpdcsitapur.com","STUDENT","ACTIVE","--","BRDP20240324","Vikas Jaiswal","Sandeep Jaiswal","9469765719","BCA","2024-2027","3","Misrikh, Uttar Pradesh","ACTIVE","20000","20000","0","20000","20000","0","20000","10500","9500","20000","0","20000","20000","0","20000","20000","0","20000","120000","50500","69500","PARTIAL","CALL IMMEDIATELY (DUE: ₹69500)"
"325","user_gen_325","brdp20260325@brdpdcsitapur.com","STUDENT","ACTIVE","--","BRDP20260325","Yashee Srivastava","Aarya Srivastava","9257286859","B.Sc","2026-2029","1","Khairabad, Uttar Pradesh","ACTIVE","5000","2500","2500","5000","0","5000","5000","0","5000","5000","0","5000","5000","0","5000","5000","0","5000","30000","2500","27500","PARTIAL","CALL IMMEDIATELY (DUE: ₹27500)"
"326","user_gen_326","brdp20240326@brdpdcsitapur.com","STUDENT","ACTIVE","--","BRDP20240326","Vinod Sharma","Deepa Sharma","9262945020","BBA","2024-2027","3","Sidhauli, Uttar Pradesh","ACTIVE","22000","22000","0","22000","22000","0","22000","22000","0","22000","0","22000","22000","0","22000","22000","0","22000","132000","66000","66000","PARTIAL","CALL IMMEDIATELY (DUE: ₹66000)"
"327","user_gen_327","brdp20260327@brdpdcsitapur.com","STUDENT","ACTIVE","--","BRDP20260327","Ravi Kumar","Neha Kumar","9209188641","BA","2026-2029","1","Laharpur, Uttar Pradesh","ACTIVE","3000","3000","0","3000","0","3000","3000","0","3000","3000","0","3000","3000","0","3000","3000","0","3000","18000","3000","15000","PARTIAL","CALL IMMEDIATELY (DUE: ₹15000)"
"328","user_gen_328","brdp20230328@brdpdcsitapur.com","STUDENT","ACTIVE","--","BRDP20230328","Satish Yadav","Shivam Yadav","9391184663","BBA","2023-2026","5","Lucknow, Uttar Pradesh","ACTIVE","22000","22000","0","22000","22000","0","22000","22000","0","22000","22000","0","22000","0","22000","22000","0","22000","132000","88000","44000","PARTIAL","CALL IMMEDIATELY (DUE: ₹44000)"
"329","user_gen_329","brdp20240329@brdpdcsitapur.com","STUDENT","ACTIVE","--","BRDP20240329","Prateek Sharma","Vishal Sharma","9193166773","B.Sc","2024-2027","3","Lakhimpur Kheri, Uttar Pradesh","ACTIVE","5000","5000","0","5000","5000","0","5000","3000","2000","5000","0","5000","5000","0","5000","5000","0","5000","30000","13000","17000","PARTIAL","CALL IMMEDIATELY (DUE: ₹17000)"
"330","user_gen_330","brdp20240330@brdpdcsitapur.com","STUDENT","ACTIVE","--","BRDP20240330","Shivangi Gupta","Rashi Gupta","9569660170","BBA","2024-2027","3","Hargaon, Uttar Pradesh","ACTIVE","22000","22000","0","22000","22000","0","22000","13500","8500","22000","0","22000","22000","0","22000","22000","0","22000","132000","57500","74500","PARTIAL","CALL IMMEDIATELY (DUE: ₹74500)"
"331","user_gen_331","brdp20260331@brdpdcsitapur.com","STUDENT","ACTIVE","--","BRDP20260331","Aarya Tripathi","Shivangi Tripathi","9520652397","BA","2026-2029","1","Sitapur Sadar, Uttar Pradesh","ACTIVE","3000","1500","1500","3000","0","3000","3000","0","3000","3000","0","3000","3000","0","3000","3000","0","3000","18000","1500","16500","PARTIAL","CALL IMMEDIATELY (DUE: ₹16500)"
"332","user_gen_332","brdp20240332@brdpdcsitapur.com","STUDENT","ACTIVE","--","BRDP20240332","Aditya Yadav","Dibya Yadav","9643979285","MCA","2024-2027","3","Laharpur, Uttar Pradesh","ACTIVE","30000","30000","0","30000","30000","0","30000","30000","0","30000","0","30000","30000","0","30000","30000","0","30000","180000","90000","90000","PARTIAL","CALL IMMEDIATELY (DUE: ₹90000)"
"333","user_gen_333","brdp20230333@brdpdcsitapur.com","STUDENT","ACTIVE","--","BRDP20230333","Rahul Kumar","Sonika Kumar","9871579319","MCA","2023-2026","5","Mohali, Uttar Pradesh","ACTIVE","30000","30000","0","30000","30000","0","30000","30000","0","30000","30000","0","30000","22000","8000","30000","0","30000","180000","142000","38000","PARTIAL","CALL IMMEDIATELY (DUE: ₹38000)"
"334","user_gen_334","brdp20250334@brdpdcsitapur.com","STUDENT","ACTIVE","--","BRDP20250334","Yashee Paswan","Sanjay Paswan","9979284084","BBA","2025-2028","2","Lakhimpur Kheri, Uttar Pradesh","ACTIVE","22000","22000","0","22000","22000","0","22000","0","22000","22000","0","22000","22000","0","22000","22000","0","22000","132000","44000","88000","PARTIAL","CALL IMMEDIATELY (DUE: ₹88000)"
"335","user_gen_335","brdp20240335@brdpdcsitapur.com","STUDENT","ACTIVE","--","BRDP20240335","Ananya Jaiswal","Deepa Jaiswal","9843532786","BCA","2024-2027","3","Mohali, Uttar Pradesh","ACTIVE","20000","20000","0","20000","20000","0","20000","6500","13500","20000","0","20000","20000","0","20000","20000","0","20000","120000","46500","73500","PARTIAL","CALL IMMEDIATELY (DUE: ₹73500)"
"336","user_gen_336","brdp20250336@brdpdcsitapur.com","STUDENT","ACTIVE","--","BRDP20250336","Sonika Kanaujiya","Sonu Kanaujiya","9289753182","B.Sc","2025-2028","2","Lucknow, Uttar Pradesh","DELETED","5000","5000","0","5000","3500","1500","5000","0","5000","5000","0","5000","5000","0","5000","5000","0","5000","30000","8500","21500","PARTIAL","CALL IMMEDIATELY (DUE: ₹21500)"
"337","user_gen_337","brdp20250337@brdpdcsitapur.com","STUDENT","ACTIVE","--","BRDP20250337","Deepa Kumar","Avneesh Kumar","9724278687","B.Sc","2025-2028","2","Hargaon, Uttar Pradesh","ACTIVE","5000","5000","0","5000","0","5000","5000","0","5000","5000","0","5000","5000","0","5000","5000","0","5000","30000","5000","25000","PARTIAL","CALL IMMEDIATELY (DUE: ₹25000)"
"338","user_gen_338","brdp20240338@brdpdcsitapur.com","STUDENT","ACTIVE","--","BRDP20240338","Suresh Maurya","Aarti Maurya","9252579205","B.Sc","2024-2027","3","Kanpur, Uttar Pradesh","ACTIVE","5000","5000","0","5000","5000","0","5000","0","5000","5000","0","5000","5000","0","5000","5000","0","5000","30000","10000","20000","PARTIAL","CALL IMMEDIATELY (DUE: ₹20000)"
"339","user_gen_339","brdp20250339@brdpdcsitapur.com","STUDENT","ACTIVE","--","BRDP20250339","Anamika Chaurasiya","Aditya Chaurasiya","9111949509","MCA","2025-2028","2","Sitapur Sadar, Uttar Pradesh","ACTIVE","30000","30000","0","30000","0","30000","30000","0","30000","30000","0","30000","30000","0","30000","30000","0","30000","180000","30000","150000","PARTIAL","CALL IMMEDIATELY (DUE: ₹150000)"
"340","user_gen_340","brdp20240340@brdpdcsitapur.com","STUDENT","ACTIVE","--","BRDP20240340","Seema Jaiswal","Seema Jaiswal","9542390096","MCA","2024-2027","3","Sidhauli, Uttar Pradesh","ACTIVE","30000","30000","0","30000","30000","0","30000","30000","0","30000","0","30000","30000","0","30000","30000","0","30000","180000","90000","90000","PARTIAL","CALL IMMEDIATELY (DUE: ₹90000)"
"341","user_gen_341","brdp20250341@brdpdcsitapur.com","STUDENT","ACTIVE","--","BRDP20250341","Subhendu Kashyap","Avneesh Kashyap","9395144455","BCA","2025-2028","2","Kanpur, Uttar Pradesh","ACTIVE","20000","20000","0","20000","11500","8500","20000","0","20000","20000","0","20000","20000","0","20000","20000","0","20000","120000","31500","88500","PARTIAL","CALL IMMEDIATELY (DUE: ₹88500)"
"342","user_gen_342","brdp20260342@brdpdcsitapur.com","STUDENT","ACTIVE","--","BRDP20260342","Gudiya Singh","Meena Singh","9319473317","BCA","2026-2029","1","Sitapur Sadar, Uttar Pradesh","ACTIVE","20000","20000","0","20000","0","20000","20000","0","20000","20000","0","20000","20000","0","20000","20000","0","20000","120000","20000","100000","PARTIAL","CALL IMMEDIATELY (DUE: ₹100000)"
"343","user_gen_343","brdp20230343@brdpdcsitapur.com","STUDENT","ACTIVE","--","BRDP20230343","Amit Tripathi","Suman Tripathi","9224677607","B.Tech CSE","2023-2026","5","Biswan, Uttar Pradesh","ACTIVE","25000","25000","0","25000","25000","0","25000","25000","0","25000","25000","0","25000","25000","0","25000","0","25000","150000","125000","25000","PARTIAL","CALL IMMEDIATELY (DUE: ₹25000)"
"344","user_gen_344","brdp20250344@brdpdcsitapur.com","STUDENT","ACTIVE","--","BRDP20250344","Pinku Singh","Manish Singh","9250684108","BA","2025-2028","2","Misrikh, Uttar Pradesh","ACTIVE","3000","3000","0","3000","0","3000","3000","0","3000","3000","0","3000","3000","0","3000","3000","0","3000","18000","3000","15000","PARTIAL","CALL IMMEDIATELY (DUE: ₹15000)"
"345","user_gen_345","brdp20230345@brdpdcsitapur.com","STUDENT","ACTIVE","--","BRDP20230345","Ritu Rathour","Pooja Rathour","9314445655","BCA","2023-2026","5","Sidhauli, Uttar Pradesh","ACTIVE","20000","20000","0","20000","20000","0","20000","20000","0","20000","20000","0","20000","0","20000","20000","0","20000","120000","80000","40000","PARTIAL","CALL IMMEDIATELY (DUE: ₹40000)"
"346","user_gen_346","brdp20250346@brdpdcsitapur.com","STUDENT","ACTIVE","--","BRDP20250346","Rohan Verma","Vijay Verma","9684173595","MCA","2025-2028","2","Laharpur, Uttar Pradesh","ACTIVE","30000","30000","0","30000","30000","0","30000","0","30000","30000","0","30000","30000","0","30000","30000","0","30000","180000","60000","120000","PARTIAL","CALL IMMEDIATELY (DUE: ₹120000)"
"347","user_gen_347","brdp20240347@brdpdcsitapur.com","STUDENT","ACTIVE","--","BRDP20240347","Geeta Prajapati","Sonu Prajapati","9749495279","BA","2024-2027","3","Maholi, Uttar Pradesh","ACTIVE","3000","3000","0","3000","3000","0","3000","0","3000","3000","0","3000","3000","0","3000","3000","0","3000","18000","6000","12000","PARTIAL","CALL IMMEDIATELY (DUE: ₹12000)"
"348","user_gen_348","brdp20230348@brdpdcsitapur.com","STUDENT","ACTIVE","--","BRDP20230348","Shivani Maurya","Sonika Maurya","9355595964","BCA","2023-2026","5","Patna, Uttar Pradesh","ACTIVE","20000","20000","0","20000","20000","0","20000","20000","0","20000","20000","0","20000","20000","0","20000","0","20000","120000","100000","20000","PARTIAL","CALL IMMEDIATELY (DUE: ₹20000)"
"349","user_gen_349","brdp20250349@brdpdcsitapur.com","STUDENT","ACTIVE","--","BRDP20250349","Dipanshi Khan","Sunil Khan","9265969822","BCA","2025-2028","2","Misrikh, Uttar Pradesh","ACTIVE","20000","20000","0","20000","0","20000","20000","0","20000","20000","0","20000","20000","0","20000","20000","0","20000","120000","20000","100000","PARTIAL","CALL IMMEDIATELY (DUE: ₹100000)"
"350","user_gen_350","brdp20230350@brdpdcsitapur.com","STUDENT","ACTIVE","--","BRDP20230350","Sunita Saini","Roshani Saini","9823461447","B.Tech CSE","2023-2026","5","Lucknow, Uttar Pradesh","ACTIVE","25000","25000","0","25000","25000","0","25000","25000","0","25000","25000","0","25000","25000","0","25000","0","25000","150000","125000","25000","PARTIAL","CALL IMMEDIATELY (DUE: ₹25000)"
"351","user_gen_351","brdp20250351@brdpdcsitapur.com","STUDENT","ACTIVE","--","BRDP20250351","Seema Jaiswal","Vinod Jaiswal","9724635311","BA","2025-2028","2","Mohali, Uttar Pradesh","ACTIVE","3000","3000","0","3000","1500","1500","3000","0","3000","3000","0","3000","3000","0","3000","3000","0","3000","18000","4500","13500","PARTIAL","CALL IMMEDIATELY (DUE: ₹13500)"
"352","user_gen_352","brdp20240352@brdpdcsitapur.com","STUDENT","ACTIVE","--","BRDP20240352","Pinku Sharma","Mahek Sharma","9583338015","B.Sc","2024-2027","3","Lakhimpur Kheri, Uttar Pradesh","ACTIVE","5000","5000","0","5000","5000","0","5000","2000","3000","5000","0","5000","5000","0","5000","5000","0","5000","30000","12000","18000","PARTIAL","CALL IMMEDIATELY (DUE: ₹18000)"
"353","user_gen_353","brdp20230353@brdpdcsitapur.com","STUDENT","ACTIVE","--","BRDP20230353","Aarav Tiwari","Divyanshi Tiwari","9546216175","B.Sc","2023-2026","5","Patna, Uttar Pradesh","ACTIVE","5000","5000","0","5000","5000","0","5000","5000","0","5000","5000","0","5000","0","5000","5000","0","5000","30000","20000","10000","PARTIAL","CALL IMMEDIATELY (DUE: ₹10000)"
"354","user_gen_354","brdp20230354@brdpdcsitapur.com","STUDENT","ACTIVE","--","BRDP20230354","Priya Khan","Vikas Khan","9377298633","BBA","2023-2026","5","Kanpur, Uttar Pradesh","ACTIVE","22000","22000","0","22000","22000","0","22000","22000","0","22000","22000","0","22000","22000","0","22000","0","22000","132000","110000","22000","PARTIAL","CALL IMMEDIATELY (DUE: ₹22000)"
"355","user_gen_355","brdp20250355@brdpdcsitapur.com","STUDENT","ACTIVE","--","BRDP20250355","Usha Pal","Ayush Pal","9303298815","MCA","2025-2028","2","Sidhauli, Uttar Pradesh","ACTIVE","30000","30000","0","30000","24000","6000","30000","0","30000","30000","0","30000","30000","0","30000","30000","0","30000","180000","54000","126000","PARTIAL","CALL IMMEDIATELY (DUE: ₹126000)"
"356","user_gen_356","brdp20240356@brdpdcsitapur.com","STUDENT","ACTIVE","--","BRDP20240356","Shivam Kumar","Shivam Kumar","9485197539","B.Sc","2024-2027","3","Kanpur, Uttar Pradesh","ACTIVE","5000","5000","0","5000","5000","0","5000","5000","0","5000","0","5000","5000","0","5000","5000","0","5000","30000","15000","15000","PARTIAL","CALL IMMEDIATELY (DUE: ₹15000)"
"357","user_gen_357","brdp20230357@brdpdcsitapur.com","STUDENT","ACTIVE","--","BRDP20230357","Kavita Jaiswal","Kamlesh Jaiswal","9842802532","B.Tech CSE","2023-2026","5","Biswan, Uttar Pradesh","ACTIVE","25000","25000","0","25000","25000","0","25000","25000","0","25000","25000","0","25000","0","25000","25000","0","25000","150000","100000","50000","PARTIAL","CALL IMMEDIATELY (DUE: ₹50000)"
"358","user_gen_358","brdp20260358@brdpdcsitapur.com","STUDENT","ACTIVE","--","BRDP20260358","Saumya Srivastava","Ashish Srivastava","9666215096","BCA","2026-2029","1","Sitapur, Uttar Pradesh","ACTIVE","20000","6000","14000","20000","0","20000","20000","0","20000","20000","0","20000","20000","0","20000","20000","0","20000","120000","6000","114000","PARTIAL","CALL IMMEDIATELY (DUE: ₹114000)"
"359","user_gen_359","brdp20250359@brdpdcsitapur.com","STUDENT","ACTIVE","--","BRDP20250359","Anjali Shukla","Sunita Shukla","9413479519","BA","2025-2028","2","Patna, Uttar Pradesh","ACTIVE","3000","3000","0","3000","0","3000","3000","0","3000","3000","0","3000","3000","0","3000","3000","0","3000","18000","3000","15000","PARTIAL","CALL IMMEDIATELY (DUE: ₹15000)"
"360","user_gen_360","brdp20230360@brdpdcsitapur.com","STUDENT","ACTIVE","--","BRDP20230360","Saumya Gupta","Vijay Gupta","9502831224","BCA","2023-2026","5","Misrikh, Uttar Pradesh","ACTIVE","20000","20000","0","20000","20000","0","20000","20000","0","20000","20000","0","20000","20000","0","20000","0","20000","120000","100000","20000","PARTIAL","CALL IMMEDIATELY (DUE: ₹20000)"
"361","user_gen_361","brdp20260361@brdpdcsitapur.com","STUDENT","ACTIVE","--","BRDP20260361","Pankaj Verma","Sunil Verma","9361219517","BBA","2026-2029","1","Mohali, Uttar Pradesh","ACTIVE","22000","0","22000","22000","0","22000","22000","0","22000","22000","0","22000","22000","0","22000","22000","0","22000","132000","0","132000","PENDING","CALL IMMEDIATELY (DUE: ₹132000)"
"362","user_gen_362","brdp20240362@brdpdcsitapur.com","STUDENT","ACTIVE","--","BRDP20240362","Aarav Saini","Manoj Saini","9291011158","BCA","2024-2027","3","Lakhimpur Kheri, Uttar Pradesh","ACTIVE","20000","20000","0","20000","20000","0","20000","15000","5000","20000","0","20000","20000","0","20000","20000","0","20000","120000","55000","65000","PARTIAL","CALL IMMEDIATELY (DUE: ₹65000)"
"363","user_gen_363","brdp20230363@brdpdcsitapur.com","STUDENT","ACTIVE","--","BRDP20230363","Anamika Paswan","Shivam Paswan","9640185394","B.Sc","2023-2026","5","Mohali, Uttar Pradesh","ACTIVE","5000","5000","0","5000","5000","0","5000","5000","0","5000","5000","0","5000","3500","1500","5000","0","5000","30000","23500","6500","PARTIAL","CALL IMMEDIATELY (DUE: ₹6500)"
"364","user_gen_364","brdp20250364@brdpdcsitapur.com","STUDENT","ACTIVE","--","BRDP20250364","Sunil Kumar","Aarti Kumar","9826804021","BA","2025-2028","2","Mohali, Uttar Pradesh","ACTIVE","3000","3000","0","3000","3000","0","3000","0","3000","3000","0","3000","3000","0","3000","3000","0","3000","18000","6000","12000","PARTIAL","CALL IMMEDIATELY (DUE: ₹12000)"
"365","user_gen_365","brdp20260365@brdpdcsitapur.com","STUDENT","ACTIVE","--","BRDP20260365","Shivani Kanaujiya","Aditya Kanaujiya","9504636982","B.Tech CSE","2026-2029","1","Lakhimpur Kheri, Uttar Pradesh","ACTIVE","25000","13500","11500","25000","0","25000","25000","0","25000","25000","0","25000","25000","0","25000","25000","0","25000","150000","13500","136500","PARTIAL","CALL IMMEDIATELY (DUE: ₹136500)"
"366","user_gen_366","brdp20240366@brdpdcsitapur.com","STUDENT","ACTIVE","--","BRDP20240366","Subhendu Mishra","Ankul Mishra","9410813686","B.Tech CSE","2024-2027","3","Lakhimpur Kheri, Uttar Pradesh","DELETED","25000","25000","0","25000","25000","0","25000","25000","0","25000","0","25000","25000","0","25000","25000","0","25000","150000","75000","75000","PARTIAL","CALL IMMEDIATELY (DUE: ₹75000)"
"367","user_gen_367","brdp20230367@brdpdcsitapur.com","STUDENT","ACTIVE","--","BRDP20230367","Pari Gautam","Meena Gautam","9754039689","BA","2023-2026","5","Sitapur Sadar, Uttar Pradesh","ACTIVE","3000","3000","0","3000","3000","0","3000","3000","0","3000","3000","0","3000","3000","0","3000","0","3000","18000","15000","3000","PARTIAL","CALL IMMEDIATELY (DUE: ₹3000)"
"368","user_gen_368","brdp20260368@brdpdcsitapur.com","STUDENT","ACTIVE","--","BRDP20260368","Rohan Mishra","Sunil Mishra","9696559670","B.Sc","2026-2029","1","Lakhimpur Kheri, Uttar Pradesh","ACTIVE","5000","3000","2000","5000","0","5000","5000","0","5000","5000","0","5000","5000","0","5000","5000","0","5000","30000","3000","27000","PARTIAL","CALL IMMEDIATELY (DUE: ₹27000)"
"369","user_gen_369","brdp20260369@brdpdcsitapur.com","STUDENT","ACTIVE","--","BRDP20260369","Sarita Prajapati","Sangita Prajapati","9966777913","B.Sc","2026-2029","1","Khairabad, Uttar Pradesh","ACTIVE","5000","2500","2500","5000","0","5000","5000","0","5000","5000","0","5000","5000","0","5000","5000","0","5000","30000","2500","27500","PARTIAL","CALL IMMEDIATELY (DUE: ₹27500)"
"370","user_gen_370","brdp20260370@brdpdcsitapur.com","STUDENT","ACTIVE","--","BRDP20260370","Iliyash Devi","Ankul Devi","9915630445","BBA","2026-2029","1","Patna, Uttar Pradesh","ACTIVE","22000","8500","13500","22000","0","22000","22000","0","22000","22000","0","22000","22000","0","22000","22000","0","22000","132000","8500","123500","PARTIAL","CALL IMMEDIATELY (DUE: ₹123500)"
"371","user_gen_371","brdp20230371@brdpdcsitapur.com","STUDENT","ACTIVE","--","BRDP20230371","Mahek Devi","Shivangi Devi","9646967552","B.Tech CSE","2023-2026","5","Maholi, Uttar Pradesh","ACTIVE","25000","25000","0","25000","25000","0","25000","25000","0","25000","25000","0","25000","25000","0","25000","0","25000","150000","125000","25000","PARTIAL","CALL IMMEDIATELY (DUE: ₹25000)"
"372","user_gen_372","brdp20240372@brdpdcsitapur.com","STUDENT","ACTIVE","--","BRDP20240372","Vinay Gupta","Anamika Gupta","9806318014","B.Tech CSE","2024-2027","3","Biswan, Uttar Pradesh","ACTIVE","25000","25000","0","25000","25000","0","25000","8000","17000","25000","0","25000","25000","0","25000","25000","0","25000","150000","58000","92000","PARTIAL","CALL IMMEDIATELY (DUE: ₹92000)"
"373","user_gen_373","brdp20240373@brdpdcsitapur.com","STUDENT","ACTIVE","--","BRDP20240373","Deepak Shukla","Rashi Shukla","9916610260","BBA","2024-2027","3","Lakhimpur Kheri, Uttar Pradesh","ACTIVE","22000","22000","0","22000","22000","0","22000","22000","0","22000","0","22000","22000","0","22000","22000","0","22000","132000","66000","66000","PARTIAL","CALL IMMEDIATELY (DUE: ₹66000)"
"374","user_gen_374","brdp20250374@brdpdcsitapur.com","STUDENT","ACTIVE","--","BRDP20250374","Laxmi Verma","Priya Verma","9566544819","BBA","2025-2028","2","Mohali, Uttar Pradesh","ACTIVE","22000","22000","0","22000","14000","8000","22000","0","22000","22000","0","22000","22000","0","22000","22000","0","22000","132000","36000","96000","PARTIAL","CALL IMMEDIATELY (DUE: ₹96000)"
"375","user_gen_375","brdp20260375@brdpdcsitapur.com","STUDENT","ACTIVE","--","BRDP20260375","Anamika Saini","Pankaj Saini","9980585474","B.Tech CSE","2026-2029","1","Hargaon, Uttar Pradesh","ACTIVE","25000","25000","0","25000","0","25000","25000","0","25000","25000","0","25000","25000","0","25000","25000","0","25000","150000","25000","125000","PARTIAL","CALL IMMEDIATELY (DUE: ₹125000)"
"376","user_gen_376","brdp20230376@brdpdcsitapur.com","STUDENT","ACTIVE","--","BRDP20230376","Ramesh Maurya","Pushpendra Maurya","9221991065","B.Sc","2023-2026","5","Khairabad, Uttar Pradesh","DELETED","5000","5000","0","5000","5000","0","5000","5000","0","5000","5000","0","5000","0","5000","5000","0","5000","30000","20000","10000","PARTIAL","CALL IMMEDIATELY (DUE: ₹10000)"
"377","user_gen_377","brdp20250377@brdpdcsitapur.com","STUDENT","ACTIVE","--","BRDP20250377","Anamika Kanaujiya","Seema Kanaujiya","9109668380","BCA","2025-2028","2","Mohali, Uttar Pradesh","ACTIVE","20000","20000","0","20000","20000","0","20000","0","20000","20000","0","20000","20000","0","20000","20000","0","20000","120000","40000","80000","PARTIAL","CALL IMMEDIATELY (DUE: ₹80000)"
"378","user_gen_378","brdp20250378@brdpdcsitapur.com","STUDENT","ACTIVE","--","BRDP20250378","Pooja Kanaujiya","Meena Kanaujiya","9923079174","B.Tech CSE","2025-2028","2","Sidhauli, Uttar Pradesh","ACTIVE","25000","25000","0","25000","19500","5500","25000","0","25000","25000","0","25000","25000","0","25000","25000","0","25000","150000","44500","105500","PARTIAL","CALL IMMEDIATELY (DUE: ₹105500)"
"379","user_gen_379","brdp20240379@brdpdcsitapur.com","STUDENT","ACTIVE","--","BRDP20240379","Dharmendra Srivastava","Mahek Srivastava","9811708631","B.Tech CSE","2024-2027","3","Biswan, Uttar Pradesh","ACTIVE","25000","25000","0","25000","25000","0","25000","0","25000","25000","0","25000","25000","0","25000","25000","0","25000","150000","50000","100000","PARTIAL","CALL IMMEDIATELY (DUE: ₹100000)"
"380","user_gen_380","brdp20240380@brdpdcsitapur.com","STUDENT","ACTIVE","--","BRDP20240380","Divyanshi Gautam","Aarti Gautam","9596875915","BBA","2024-2027","3","Mohali, Uttar Pradesh","ACTIVE","22000","22000","0","22000","22000","0","22000","22000","0","22000","0","22000","22000","0","22000","22000","0","22000","132000","66000","66000","PARTIAL","CALL IMMEDIATELY (DUE: ₹66000)"
"381","user_gen_381","brdp20260381@brdpdcsitapur.com","STUDENT","ACTIVE","--","BRDP20260381","Asha Tripathi","Alok Tripathi","9652616525","BA","2026-2029","1","Patna, Uttar Pradesh","ACTIVE","3000","3000","0","3000","0","3000","3000","0","3000","3000","0","3000","3000","0","3000","3000","0","3000","18000","3000","15000","PARTIAL","CALL IMMEDIATELY (DUE: ₹15000)"
"382","user_gen_382","brdp20260382@brdpdcsitapur.com","STUDENT","ACTIVE","--","BRDP20260382","Deepak Paswan","Anjali Paswan","9783598020","B.Sc","2026-2029","1","Maholi, Uttar Pradesh","ACTIVE","5000","0","5000","5000","0","5000","5000","0","5000","5000","0","5000","5000","0","5000","5000","0","5000","30000","0","30000","PENDING","CALL IMMEDIATELY (DUE: ₹30000)"
"383","user_gen_383","brdp20240383@brdpdcsitapur.com","STUDENT","ACTIVE","--","BRDP20240383","Aarya Paswan","Suman Paswan","9311877360","BCA","2024-2027","3","Laharpur, Uttar Pradesh","ACTIVE","20000","20000","0","20000","20000","0","20000","0","20000","20000","0","20000","20000","0","20000","20000","0","20000","120000","40000","80000","PARTIAL","CALL IMMEDIATELY (DUE: ₹80000)"
"384","user_gen_384","brdp20260384@brdpdcsitapur.com","STUDENT","ACTIVE","--","BRDP20260384","Sonika Tiwari","Gudiya Tiwari","9436073782","B.Sc","2026-2029","1","Khairabad, Uttar Pradesh","ACTIVE","5000","2000","3000","5000","0","5000","5000","0","5000","5000","0","5000","5000","0","5000","5000","0","5000","30000","2000","28000","PARTIAL","CALL IMMEDIATELY (DUE: ₹28000)"
"385","user_gen_385","brdp20240385@brdpdcsitapur.com","STUDENT","ACTIVE","--","BRDP20240385","Ashish Agrahari","Ritu Agrahari","9975699434","BBA","2024-2027","3","Maholi, Uttar Pradesh","ACTIVE","22000","22000","0","22000","22000","0","22000","0","22000","22000","0","22000","22000","0","22000","22000","0","22000","132000","44000","88000","PARTIAL","CALL IMMEDIATELY (DUE: ₹88000)"
"386","user_gen_386","brdp20240386@brdpdcsitapur.com","STUDENT","ACTIVE","--","BRDP20240386","Roshani Verma","Ramesh Verma","9991093715","MCA","2024-2027","3","Sitapur, Uttar Pradesh","DELETED","30000","30000","0","30000","30000","0","30000","20500","9500","30000","0","30000","30000","0","30000","30000","0","30000","180000","80500","99500","PARTIAL","CALL IMMEDIATELY (DUE: ₹99500)"
"387","user_gen_387","brdp20230387@brdpdcsitapur.com","STUDENT","ACTIVE","--","BRDP20230387","Anjali Giri","Sani Giri","9514815267","MCA","2023-2026","5","Sidhauli, Uttar Pradesh","ACTIVE","30000","30000","0","30000","30000","0","30000","30000","0","30000","30000","0","30000","0","30000","30000","0","30000","180000","120000","60000","PARTIAL","CALL IMMEDIATELY (DUE: ₹60000)"
"388","user_gen_388","brdp20230388@brdpdcsitapur.com","STUDENT","ACTIVE","--","BRDP20230388","Vinod Dubey","Sunita Dubey","9462936235","B.Tech CSE","2023-2026","5","Sitapur, Uttar Pradesh","ACTIVE","25000","25000","0","25000","25000","0","25000","25000","0","25000","25000","0","25000","25000","0","25000","0","25000","150000","125000","25000","PARTIAL","CALL IMMEDIATELY (DUE: ₹25000)"
"389","user_gen_389","brdp20230389@brdpdcsitapur.com","STUDENT","ACTIVE","--","BRDP20230389","Dharmendra Singh","Ashish Singh","9511149250","B.Tech CSE","2023-2026","5","Mohali, Uttar Pradesh","ACTIVE","25000","25000","0","25000","25000","0","25000","25000","0","25000","25000","0","25000","0","25000","25000","0","25000","150000","100000","50000","PARTIAL","CALL IMMEDIATELY (DUE: ₹50000)"
"390","user_gen_390","brdp20250390@brdpdcsitapur.com","STUDENT","ACTIVE","--","BRDP20250390","Deepika Singh","Ajay Singh","9649967527","BBA","2025-2028","2","Lucknow, Uttar Pradesh","ACTIVE","22000","22000","0","22000","0","22000","22000","0","22000","22000","0","22000","22000","0","22000","22000","0","22000","132000","22000","110000","PARTIAL","CALL IMMEDIATELY (DUE: ₹110000)"
"391","user_gen_391","brdp20250391@brdpdcsitapur.com","STUDENT","ACTIVE","--","BRDP20250391","Roshani Dubey","Alok Dubey","9619491419","BBA","2025-2028","2","Lucknow, Uttar Pradesh","ACTIVE","22000","22000","0","22000","0","22000","22000","0","22000","22000","0","22000","22000","0","22000","22000","0","22000","132000","22000","110000","PARTIAL","CALL IMMEDIATELY (DUE: ₹110000)"
"392","user_gen_392","brdp20250392@brdpdcsitapur.com","STUDENT","ACTIVE","--","BRDP20250392","Vishal Agrahari","Sunita Agrahari","9537299126","MCA","2025-2028","2","Khairabad, Uttar Pradesh","ACTIVE","30000","30000","0","30000","30000","0","30000","0","30000","30000","0","30000","30000","0","30000","30000","0","30000","180000","60000","120000","PARTIAL","CALL IMMEDIATELY (DUE: ₹120000)"
"393","user_gen_393","brdp20240393@brdpdcsitapur.com","STUDENT","ACTIVE","--","BRDP20240393","Adarsh Saini","Sangita Saini","9350441169","BBA","2024-2027","3","Khairabad, Uttar Pradesh","ACTIVE","22000","22000","0","22000","22000","0","22000","10500","11500","22000","0","22000","22000","0","22000","22000","0","22000","132000","54500","77500","PARTIAL","CALL IMMEDIATELY (DUE: ₹77500)"
"394","user_gen_394","brdp20260394@brdpdcsitapur.com","STUDENT","ACTIVE","--","BRDP20260394","Mahek Saini","Manish Saini","9890176660","BCA","2026-2029","1","Sitapur Sadar, Uttar Pradesh","ACTIVE","20000","11000","9000","20000","0","20000","20000","0","20000","20000","0","20000","20000","0","20000","20000","0","20000","120000","11000","109000","PARTIAL","CALL IMMEDIATELY (DUE: ₹109000)"
"395","user_gen_395","brdp20250395@brdpdcsitapur.com","STUDENT","ACTIVE","--","BRDP20250395","Ramesh Khan","Kavita Khan","9416102778","B.Tech CSE","2025-2028","2","Mohali, Uttar Pradesh","DELETED","25000","25000","0","25000","10500","14500","25000","0","25000","25000","0","25000","25000","0","25000","25000","0","25000","150000","35500","114500","PARTIAL","CALL IMMEDIATELY (DUE: ₹114500)"
"396","user_gen_396","brdp20230396@brdpdcsitapur.com","STUDENT","ACTIVE","--","BRDP20230396","Subhendu Agrahari","Sunita Agrahari","9648347627","BBA","2023-2026","5","Khairabad, Uttar Pradesh","ACTIVE","22000","22000","0","22000","22000","0","22000","22000","0","22000","22000","0","22000","9500","12500","22000","0","22000","132000","97500","34500","PARTIAL","CALL IMMEDIATELY (DUE: ₹34500)"
"397","user_gen_397","brdp20260397@brdpdcsitapur.com","STUDENT","ACTIVE","--","BRDP20260397","Subhendu Kanaujiya","Gudiya Kanaujiya","9623314665","BCA","2026-2029","1","Sitapur, Uttar Pradesh","ACTIVE","20000","20000","0","20000","0","20000","20000","0","20000","20000","0","20000","20000","0","20000","20000","0","20000","120000","20000","100000","PARTIAL","CALL IMMEDIATELY (DUE: ₹100000)"
"398","user_gen_398","brdp20250398@brdpdcsitapur.com","STUDENT","ACTIVE","--","BRDP20250398","Kavita Kanaujiya","Sandeep Kanaujiya","9116029322","MCA","2025-2028","2","Sidhauli, Uttar Pradesh","DELETED","30000","30000","0","30000","30000","0","30000","0","30000","30000","0","30000","30000","0","30000","30000","0","30000","180000","60000","120000","PARTIAL","CALL IMMEDIATELY (DUE: ₹120000)"
"399","user_gen_399","brdp20260399@brdpdcsitapur.com","STUDENT","ACTIVE","--","BRDP20260399","Prateek Saini","Gudiya Saini","9982908138","BCA","2026-2029","1","Sitapur Sadar, Uttar Pradesh","ACTIVE","20000","0","20000","20000","0","20000","20000","0","20000","20000","0","20000","20000","0","20000","20000","0","20000","120000","0","120000","PENDING","CALL IMMEDIATELY (DUE: ₹120000)"
"400","user_gen_400","brdp20240400@brdpdcsitapur.com","STUDENT","ACTIVE","--","BRDP20240400","Yashee Sharma","Aarya Sharma","9947757535","BCA","2024-2027","3","Maholi, Uttar Pradesh","ACTIVE","20000","20000","0","20000","20000","0","20000","20000","0","20000","0","20000","20000","0","20000","20000","0","20000","120000","60000","60000","PARTIAL","CALL IMMEDIATELY (DUE: ₹60000)"
"401","user_gen_401","brdp20240401@brdpdcsitapur.com","STUDENT","ACTIVE","--","BRDP20240401","Nainsi Gautam","Priya Gautam","9122133708","B.Sc","2024-2027","3","Mohali, Uttar Pradesh","ACTIVE","5000","5000","0","5000","5000","0","5000","5000","0","5000","0","5000","5000","0","5000","5000","0","5000","30000","15000","15000","PARTIAL","CALL IMMEDIATELY (DUE: ₹15000)"
"402","user_gen_402","brdp20260402@brdpdcsitapur.com","STUDENT","ACTIVE","--","BRDP20260402","Sonika Rajpoot","Aarav Rajpoot","9389482464","MCA","2026-2029","1","Mohali, Uttar Pradesh","ACTIVE","30000","30000","0","30000","0","30000","30000","0","30000","30000","0","30000","30000","0","30000","30000","0","30000","180000","30000","150000","PARTIAL","CALL IMMEDIATELY (DUE: ₹150000)"
"403","user_gen_403","brdp20260403@brdpdcsitapur.com","STUDENT","ACTIVE","--","BRDP20260403","Dharmendra Rajpoot","Vinay Rajpoot","9914696555","BCA","2026-2029","1","Patna, Uttar Pradesh","ACTIVE","20000","0","20000","20000","0","20000","20000","0","20000","20000","0","20000","20000","0","20000","20000","0","20000","120000","0","120000","PENDING","CALL IMMEDIATELY (DUE: ₹120000)"
"404","user_gen_404","brdp20260404@brdpdcsitapur.com","STUDENT","ACTIVE","--","BRDP20260404","Anjali Kashyap","Usha Kashyap","9557297744","B.Tech CSE","2026-2029","1","Khairabad, Uttar Pradesh","ACTIVE","25000","19000","6000","25000","0","25000","25000","0","25000","25000","0","25000","25000","0","25000","25000","0","25000","150000","19000","131000","PARTIAL","CALL IMMEDIATELY (DUE: ₹131000)"
"405","user_gen_405","brdp20260405@brdpdcsitapur.com","STUDENT","ACTIVE","--","BRDP20260405","Meena Tiwari","Nainsi Tiwari","9419590159","B.Tech CSE","2026-2029","1","Lucknow, Uttar Pradesh","ACTIVE","25000","11000","14000","25000","0","25000","25000","0","25000","25000","0","25000","25000","0","25000","25000","0","25000","150000","11000","139000","PARTIAL","CALL IMMEDIATELY (DUE: ₹139000)"
"406","user_gen_406","brdp20250406@brdpdcsitapur.com","STUDENT","ACTIVE","--","BRDP20250406","Rahul Maurya","Ayush Maurya","9452549682","BBA","2025-2028","2","Maholi, Uttar Pradesh","ACTIVE","22000","22000","0","22000","22000","0","22000","0","22000","22000","0","22000","22000","0","22000","22000","0","22000","132000","44000","88000","PARTIAL","CALL IMMEDIATELY (DUE: ₹88000)"
"407","user_gen_407","brdp20250407@brdpdcsitapur.com","STUDENT","ACTIVE","--","BRDP20250407","Aarti Saini","Vishal Saini","9512357398","BCA","2025-2028","2","Khairabad, Uttar Pradesh","ACTIVE","20000","20000","0","20000","20000","0","20000","0","20000","20000","0","20000","20000","0","20000","20000","0","20000","120000","40000","80000","PARTIAL","CALL IMMEDIATELY (DUE: ₹80000)"
"408","user_gen_408","brdp20230408@brdpdcsitapur.com","STUDENT","ACTIVE","--","BRDP20230408","Rajesh Dubey","Abhishek Dubey","9989865143","B.Tech CSE","2023-2026","5","Patna, Uttar Pradesh","ACTIVE","25000","25000","0","25000","25000","0","25000","25000","0","25000","25000","0","25000","16500","8500","25000","0","25000","150000","116500","33500","PARTIAL","CALL IMMEDIATELY (DUE: ₹33500)"
"409","user_gen_409","brdp20250409@brdpdcsitapur.com","STUDENT","ACTIVE","--","BRDP20250409","Sanjay Agrahari","Amit Agrahari","9258942363","MCA","2025-2028","2","Khairabad, Uttar Pradesh","ACTIVE","30000","30000","0","30000","0","30000","30000","0","30000","30000","0","30000","30000","0","30000","30000","0","30000","180000","30000","150000","PARTIAL","CALL IMMEDIATELY (DUE: ₹150000)"
"410","user_gen_410","brdp20260410@brdpdcsitapur.com","STUDENT","ACTIVE","--","BRDP20260410","Dibya Yadav","Sonika Yadav","9386068332","B.Tech CSE","2026-2029","1","Khairabad, Uttar Pradesh","ACTIVE","25000","16500","8500","25000","0","25000","25000","0","25000","25000","0","25000","25000","0","25000","25000","0","25000","150000","16500","133500","PARTIAL","CALL IMMEDIATELY (DUE: ₹133500)"
"411","user_gen_411","brdp20240411@brdpdcsitapur.com","STUDENT","ACTIVE","--","BRDP20240411","Vishal Paswan","Iliyash Paswan","9559247564","BCA","2024-2027","3","Hargaon, Uttar Pradesh","ACTIVE","20000","20000","0","20000","20000","0","20000","20000","0","20000","0","20000","20000","0","20000","20000","0","20000","120000","60000","60000","PARTIAL","CALL IMMEDIATELY (DUE: ₹60000)"
"412","user_gen_412","brdp20240412@brdpdcsitapur.com","STUDENT","ACTIVE","--","BRDP20240412","Abhishek Dubey","Vikas Dubey","9433075181","MCA","2024-2027","3","Khairabad, Uttar Pradesh","ACTIVE","30000","30000","0","30000","30000","0","30000","20000","10000","30000","0","30000","30000","0","30000","30000","0","30000","180000","80000","100000","PARTIAL","CALL IMMEDIATELY (DUE: ₹100000)"
"413","user_gen_413","brdp20240413@brdpdcsitapur.com","STUDENT","ACTIVE","--","BRDP20240413","Suresh Agrahari","Yashee Agrahari","9175932687","MCA","2024-2027","3","Maholi, Uttar Pradesh","ACTIVE","30000","30000","0","30000","30000","0","30000","30000","0","30000","0","30000","30000","0","30000","30000","0","30000","180000","90000","90000","PARTIAL","CALL IMMEDIATELY (DUE: ₹90000)"
"414","user_gen_414","brdp20240414@brdpdcsitapur.com","STUDENT","ACTIVE","--","BRDP20240414","Dharmendra Saini","Seema Saini","9145576675","B.Sc","2024-2027","3","Lucknow, Uttar Pradesh","ACTIVE","5000","5000","0","5000","5000","0","5000","5000","0","5000","0","5000","5000","0","5000","5000","0","5000","30000","15000","15000","PARTIAL","CALL IMMEDIATELY (DUE: ₹15000)"
"415","user_gen_415","brdp20250415@brdpdcsitapur.com","STUDENT","ACTIVE","--","BRDP20250415","Gudiya Dubey","Nainsi Dubey","9236349179","BBA","2025-2028","2","Khairabad, Uttar Pradesh","ACTIVE","22000","22000","0","22000","22000","0","22000","0","22000","22000","0","22000","22000","0","22000","22000","0","22000","132000","44000","88000","PARTIAL","CALL IMMEDIATELY (DUE: ₹88000)"
"416","user_gen_416","brdp20230416@brdpdcsitapur.com","STUDENT","ACTIVE","--","BRDP20230416","Saurabh Mishra","Vijay Mishra","9327324657","BA","2023-2026","5","Sidhauli, Uttar Pradesh","ACTIVE","3000","3000","0","3000","3000","0","3000","3000","0","3000","3000","0","3000","1000","2000","3000","0","3000","18000","13000","5000","PARTIAL","CALL IMMEDIATELY (DUE: ₹5000)"
"417","user_gen_417","brdp20230417@brdpdcsitapur.com","STUDENT","ACTIVE","--","BRDP20230417","Amit Dubey","Alok Dubey","9674225229","B.Tech CSE","2023-2026","5","Maholi, Uttar Pradesh","ACTIVE","25000","25000","0","25000","25000","0","25000","25000","0","25000","25000","0","25000","9500","15500","25000","0","25000","150000","109500","40500","PARTIAL","CALL IMMEDIATELY (DUE: ₹40500)"
"418","user_gen_418","brdp20240418@brdpdcsitapur.com","STUDENT","ACTIVE","--","BRDP20240418","Sandeep Rathour","Dipanshi Rathour","9602938325","BA","2024-2027","3","Misrikh, Uttar Pradesh","ACTIVE","3000","3000","0","3000","3000","0","3000","1000","2000","3000","0","3000","3000","0","3000","3000","0","3000","18000","7000","11000","PARTIAL","CALL IMMEDIATELY (DUE: ₹11000)"
"419","user_gen_419","brdp20240419@brdpdcsitapur.com","STUDENT","ACTIVE","--","BRDP20240419","Sangita Saini","Gudiya Saini","9142106163","MCA","2024-2027","3","Lucknow, Uttar Pradesh","ACTIVE","30000","30000","0","30000","30000","0","30000","30000","0","30000","0","30000","30000","0","30000","30000","0","30000","180000","90000","90000","PARTIAL","CALL IMMEDIATELY (DUE: ₹90000)"
"420","user_gen_420","brdp20260420@brdpdcsitapur.com","STUDENT","ACTIVE","--","BRDP20260420","Adarsh Khan","Raj Khan","9596063293","BCA","2026-2029","1","Sitapur Sadar, Uttar Pradesh","ACTIVE","20000","20000","0","20000","0","20000","20000","0","20000","20000","0","20000","20000","0","20000","20000","0","20000","120000","20000","100000","PARTIAL","CALL IMMEDIATELY (DUE: ₹100000)"
"421","user_gen_421","brdp20250421@brdpdcsitapur.com","STUDENT","ACTIVE","--","BRDP20250421","Asha Kanaujiya","Alok Kanaujiya","9337558274","BCA","2025-2028","2","Khairabad, Uttar Pradesh","ACTIVE","20000","20000","0","20000","14000","6000","20000","0","20000","20000","0","20000","20000","0","20000","20000","0","20000","120000","34000","86000","PARTIAL","CALL IMMEDIATELY (DUE: ₹86000)"
"422","user_gen_422","brdp20230422@brdpdcsitapur.com","STUDENT","ACTIVE","--","BRDP20230422","Manish Yadav","Divanshi Yadav","9258098532","BA","2023-2026","5","Lucknow, Uttar Pradesh","ACTIVE","3000","3000","0","3000","3000","0","3000","3000","0","3000","3000","0","3000","3000","0","3000","0","3000","18000","15000","3000","PARTIAL","CALL IMMEDIATELY (DUE: ₹3000)"
"423","user_gen_423","brdp20260423@brdpdcsitapur.com","STUDENT","ACTIVE","--","BRDP20260423","Alok Rathour","Shivani Rathour","9838557042","MCA","2026-2029","1","Maholi, Uttar Pradesh","ACTIVE","30000","30000","0","30000","0","30000","30000","0","30000","30000","0","30000","30000","0","30000","30000","0","30000","180000","30000","150000","PARTIAL","CALL IMMEDIATELY (DUE: ₹150000)"
"424","user_gen_424","brdp20240424@brdpdcsitapur.com","STUDENT","ACTIVE","--","BRDP20240424","Sarita Kashyap","Dipanshi Kashyap","9843979994","MCA","2024-2027","3","Mohali, Uttar Pradesh","ACTIVE","30000","30000","0","30000","30000","0","30000","30000","0","30000","0","30000","30000","0","30000","30000","0","30000","180000","90000","90000","PARTIAL","CALL IMMEDIATELY (DUE: ₹90000)"
"425","user_gen_425","brdp20240425@brdpdcsitapur.com","STUDENT","ACTIVE","--","BRDP20240425","Sunil Dubey","Subhendu Dubey","9786686445","BA","2024-2027","3","Misrikh, Uttar Pradesh","ACTIVE","3000","3000","0","3000","3000","0","3000","1500","1500","3000","0","3000","3000","0","3000","3000","0","3000","18000","7500","10500","PARTIAL","CALL IMMEDIATELY (DUE: ₹10500)"
"426","user_gen_426","brdp20260426@brdpdcsitapur.com","STUDENT","ACTIVE","--","BRDP20260426","Sanjay Pandey","Dibya Pandey","9813472961","MCA","2026-2029","1","Sidhauli, Uttar Pradesh","ACTIVE","30000","30000","0","30000","0","30000","30000","0","30000","30000","0","30000","30000","0","30000","30000","0","30000","180000","30000","150000","PARTIAL","CALL IMMEDIATELY (DUE: ₹150000)"
"427","user_gen_427","brdp20230427@brdpdcsitapur.com","STUDENT","ACTIVE","--","BRDP20230427","Sangita Shukla","Dibya Shukla","9552818666","BCA","2023-2026","5","Misrikh, Uttar Pradesh","ACTIVE","20000","20000","0","20000","20000","0","20000","20000","0","20000","20000","0","20000","10500","9500","20000","0","20000","120000","90500","29500","PARTIAL","CALL IMMEDIATELY (DUE: ₹29500)"
"428","user_gen_428","brdp20230428@brdpdcsitapur.com","STUDENT","ACTIVE","--","BRDP20230428","Divanshi Gautam","Suresh Gautam","9888416202","BCA","2023-2026","5","Lakhimpur Kheri, Uttar Pradesh","ACTIVE","20000","20000","0","20000","20000","0","20000","20000","0","20000","20000","0","20000","20000","0","20000","0","20000","120000","100000","20000","PARTIAL","CALL IMMEDIATELY (DUE: ₹20000)"
"429","user_gen_429","brdp20240429@brdpdcsitapur.com","STUDENT","ACTIVE","--","BRDP20240429","Ashish Yadav","Rekha Yadav","9676271546","BBA","2024-2027","3","Maholi, Uttar Pradesh","ACTIVE","22000","22000","0","22000","22000","0","22000","16000","6000","22000","0","22000","22000","0","22000","22000","0","22000","132000","60000","72000","PARTIAL","CALL IMMEDIATELY (DUE: ₹72000)"
"430","user_gen_430","brdp20260430@brdpdcsitapur.com","STUDENT","ACTIVE","--","BRDP20260430","Shivani Kanaujiya","Aarya Kanaujiya","9509312405","B.Tech CSE","2026-2029","1","Laharpur, Uttar Pradesh","ACTIVE","25000","0","25000","25000","0","25000","25000","0","25000","25000","0","25000","25000","0","25000","25000","0","25000","150000","0","150000","PENDING","CALL IMMEDIATELY (DUE: ₹150000)"
"431","user_gen_431","brdp20230431@brdpdcsitapur.com","STUDENT","ACTIVE","--","BRDP20230431","Vikas Kumar","Divyanshi Kumar","9131841819","B.Sc","2023-2026","5","Misrikh, Uttar Pradesh","ACTIVE","5000","5000","0","5000","5000","0","5000","5000","0","5000","5000","0","5000","2000","3000","5000","0","5000","30000","22000","8000","PARTIAL","CALL IMMEDIATELY (DUE: ₹8000)"
"432","user_gen_432","brdp20260432@brdpdcsitapur.com","STUDENT","ACTIVE","--","BRDP20260432","Anamika Kashyap","Vinay Kashyap","9245005252","BA","2026-2029","1","Sitapur, Uttar Pradesh","ACTIVE","3000","3000","0","3000","0","3000","3000","0","3000","3000","0","3000","3000","0","3000","3000","0","3000","18000","3000","15000","PARTIAL","CALL IMMEDIATELY (DUE: ₹15000)"
"433","user_gen_433","brdp20240433@brdpdcsitapur.com","STUDENT","ACTIVE","--","BRDP20240433","Manoj Kumar","Sunita Kumar","9238730148","MCA","2024-2027","3","Hargaon, Uttar Pradesh","ACTIVE","30000","30000","0","30000","30000","0","30000","0","30000","30000","0","30000","30000","0","30000","30000","0","30000","180000","60000","120000","PARTIAL","CALL IMMEDIATELY (DUE: ₹120000)"
"434","user_gen_434","brdp20250434@brdpdcsitapur.com","STUDENT","ACTIVE","--","BRDP20250434","Ritu Agrahari","Kamlesh Agrahari","9162643405","BCA","2025-2028","2","Mohali, Uttar Pradesh","ACTIVE","20000","20000","0","20000","15500","4500","20000","0","20000","20000","0","20000","20000","0","20000","20000","0","20000","120000","35500","84500","PARTIAL","CALL IMMEDIATELY (DUE: ₹84500)"
"435","user_gen_435","brdp20260435@brdpdcsitapur.com","STUDENT","ACTIVE","--","BRDP20260435","Meena Saini","Abhishek Saini","9448077712","BBA","2026-2029","1","Sidhauli, Uttar Pradesh","ACTIVE","22000","11000","11000","22000","0","22000","22000","0","22000","22000","0","22000","22000","0","22000","22000","0","22000","132000","11000","121000","PARTIAL","CALL IMMEDIATELY (DUE: ₹121000)"
"436","user_gen_436","brdp20230436@brdpdcsitapur.com","STUDENT","ACTIVE","--","BRDP20230436","Kavita Kashyap","Saurabh Kashyap","9212752758","BBA","2023-2026","5","Maholi, Uttar Pradesh","ACTIVE","22000","22000","0","22000","22000","0","22000","22000","0","22000","22000","0","22000","15500","6500","22000","0","22000","132000","103500","28500","PARTIAL","CALL IMMEDIATELY (DUE: ₹28500)"
"437","user_gen_437","brdp20230437@brdpdcsitapur.com","STUDENT","ACTIVE","--","BRDP20230437","Laxmi Giri","Aarav Giri","9143906195","BCA","2023-2026","5","Sitapur, Uttar Pradesh","ACTIVE","20000","20000","0","20000","20000","0","20000","20000","0","20000","20000","0","20000","11500","8500","20000","0","20000","120000","91500","28500","PARTIAL","CALL IMMEDIATELY (DUE: ₹28500)"
"438","user_gen_438","brdp20250438@brdpdcsitapur.com","STUDENT","ACTIVE","--","BRDP20250438","Priya Rathour","Usha Rathour","9225658052","BCA","2025-2028","2","Sidhauli, Uttar Pradesh","ACTIVE","20000","20000","0","20000","14500","5500","20000","0","20000","20000","0","20000","20000","0","20000","20000","0","20000","120000","34500","85500","PARTIAL","CALL IMMEDIATELY (DUE: ₹85500)"
"439","user_gen_439","brdp20260439@brdpdcsitapur.com","STUDENT","ACTIVE","--","BRDP20260439","Diwakar Pal","Sanjay Pal","9870328286","BA","2026-2029","1","Kanpur, Uttar Pradesh","ACTIVE","3000","0","3000","3000","0","3000","3000","0","3000","3000","0","3000","3000","0","3000","3000","0","3000","18000","0","18000","PENDING","CALL IMMEDIATELY (DUE: ₹18000)"
"440","user_gen_440","brdp20240440@brdpdcsitapur.com","STUDENT","ACTIVE","--","BRDP20240440","Ashutosh Singh","Ashutosh Singh","9789496378","MCA","2024-2027","3","Sidhauli, Uttar Pradesh","ACTIVE","30000","30000","0","30000","30000","0","30000","23000","7000","30000","0","30000","30000","0","30000","30000","0","30000","180000","83000","97000","PARTIAL","CALL IMMEDIATELY (DUE: ₹97000)"
"441","user_gen_441","brdp20240441@brdpdcsitapur.com","STUDENT","ACTIVE","--","BRDP20240441","Gudiya Mishra","Divanshi Mishra","9652420276","MCA","2024-2027","3","Patna, Uttar Pradesh","ACTIVE","30000","30000","0","30000","30000","0","30000","30000","0","30000","0","30000","30000","0","30000","30000","0","30000","180000","90000","90000","PARTIAL","CALL IMMEDIATELY (DUE: ₹90000)"
"442","user_gen_442","brdp20230442@brdpdcsitapur.com","STUDENT","ACTIVE","--","BRDP20230442","Dharmendra Sharma","Pari Sharma","9614844555","B.Tech CSE","2023-2026","5","Khairabad, Uttar Pradesh","ACTIVE","25000","25000","0","25000","25000","0","25000","25000","0","25000","25000","0","25000","13000","12000","25000","0","25000","150000","113000","37000","PARTIAL","CALL IMMEDIATELY (DUE: ₹37000)"
"443","user_gen_443","brdp20260443@brdpdcsitapur.com","STUDENT","ACTIVE","--","BRDP20260443","Usha Tiwari","Dibya Tiwari","9246475605","B.Sc","2026-2029","1","Misrikh, Uttar Pradesh","ACTIVE","5000","0","5000","5000","0","5000","5000","0","5000","5000","0","5000","5000","0","5000","5000","0","5000","30000","0","30000","PENDING","CALL IMMEDIATELY (DUE: ₹30000)"
"444","user_gen_444","brdp20230444@brdpdcsitapur.com","STUDENT","ACTIVE","--","BRDP20230444","Pankaj Sharma","Alok Sharma","9961917552","B.Sc","2023-2026","5","Lakhimpur Kheri, Uttar Pradesh","ACTIVE","5000","5000","0","5000","5000","0","5000","5000","0","5000","5000","0","5000","5000","0","5000","0","5000","30000","25000","5000","PARTIAL","CALL IMMEDIATELY (DUE: ₹5000)"
"445","user_gen_445","brdp20240445@brdpdcsitapur.com","STUDENT","ACTIVE","--","BRDP20240445","Shivani Giri","Ajay Giri","9235465279","MCA","2024-2027","3","Hargaon, Uttar Pradesh","ACTIVE","30000","30000","0","30000","30000","0","30000","30000","0","30000","0","30000","30000","0","30000","30000","0","30000","180000","90000","90000","PARTIAL","CALL IMMEDIATELY (DUE: ₹90000)"
"446","user_gen_446","brdp20250446@brdpdcsitapur.com","STUDENT","ACTIVE","--","BRDP20250446","Sangita Singh","Ayush Singh","9297504073","BBA","2025-2028","2","Mohali, Uttar Pradesh","ACTIVE","22000","22000","0","22000","8000","14000","22000","0","22000","22000","0","22000","22000","0","22000","22000","0","22000","132000","30000","102000","PARTIAL","CALL IMMEDIATELY (DUE: ₹102000)"
"447","user_gen_447","brdp20230447@brdpdcsitapur.com","STUDENT","ACTIVE","--","BRDP20230447","Abhishek Shukla","Sangita Shukla","9366549643","BBA","2023-2026","5","Lucknow, Uttar Pradesh","ACTIVE","22000","22000","0","22000","22000","0","22000","22000","0","22000","22000","0","22000","22000","0","22000","0","22000","132000","110000","22000","PARTIAL","CALL IMMEDIATELY (DUE: ₹22000)"
"448","user_gen_448","brdp20260448@brdpdcsitapur.com","STUDENT","ACTIVE","--","BRDP20260448","Ankul Paswan","Vikas Paswan","9531540363","BA","2026-2029","1","Sitapur Sadar, Uttar Pradesh","ACTIVE","3000","0","3000","3000","0","3000","3000","0","3000","3000","0","3000","3000","0","3000","3000","0","3000","18000","0","18000","PENDING","CALL IMMEDIATELY (DUE: ₹18000)"
"449","user_gen_449","brdp20240449@brdpdcsitapur.com","STUDENT","ACTIVE","--","BRDP20240449","Dharmendra Tripathi","Vinay Tripathi","9710493610","B.Sc","2024-2027","3","Misrikh, Uttar Pradesh","ACTIVE","5000","5000","0","5000","5000","0","5000","3500","1500","5000","0","5000","5000","0","5000","5000","0","5000","30000","13500","16500","PARTIAL","CALL IMMEDIATELY (DUE: ₹16500)"
"450","user_gen_450","brdp20260450@brdpdcsitapur.com","STUDENT","ACTIVE","--","BRDP20260450","Aarti Pal","Satish Pal","9330215729","MCA","2026-2029","1","Biswan, Uttar Pradesh","ACTIVE","30000","30000","0","30000","0","30000","30000","0","30000","30000","0","30000","30000","0","30000","30000","0","30000","180000","30000","150000","PARTIAL","CALL IMMEDIATELY (DUE: ₹150000)"
"451","user_gen_451","brdp20260451@brdpdcsitapur.com","STUDENT","ACTIVE","--","BRDP20260451","Aarti Shukla","Anita Shukla","9154270777","B.Tech CSE","2026-2029","1","Biswan, Uttar Pradesh","DELETED","25000","25000","0","25000","0","25000","25000","0","25000","25000","0","25000","25000","0","25000","25000","0","25000","150000","25000","125000","PARTIAL","CALL IMMEDIATELY (DUE: ₹125000)"
"452","user_gen_452","brdp20250452@brdpdcsitapur.com","STUDENT","ACTIVE","--","BRDP20250452","Adarsh Srivastava","Kamlesh Srivastava","9305665484","MCA","2025-2028","2","Kanpur, Uttar Pradesh","ACTIVE","30000","30000","0","30000","30000","0","30000","0","30000","30000","0","30000","30000","0","30000","30000","0","30000","180000","60000","120000","PARTIAL","CALL IMMEDIATELY (DUE: ₹120000)"
"453","user_gen_453","brdp20240453@brdpdcsitapur.com","STUDENT","ACTIVE","--","BRDP20240453","Satish Tiwari","Usha Tiwari","9295303851","MCA","2024-2027","3","Biswan, Uttar Pradesh","ACTIVE","30000","30000","0","30000","30000","0","30000","23000","7000","30000","0","30000","30000","0","30000","30000","0","30000","180000","83000","97000","PARTIAL","CALL IMMEDIATELY (DUE: ₹97000)"
"454","user_gen_454","brdp20260454@brdpdcsitapur.com","STUDENT","ACTIVE","--","BRDP20260454","Manish Rajpoot","Raj Rajpoot","9927232734","MCA","2026-2029","1","Sitapur, Uttar Pradesh","ACTIVE","30000","0","30000","30000","0","30000","30000","0","30000","30000","0","30000","30000","0","30000","30000","0","30000","180000","0","180000","PENDING","CALL IMMEDIATELY (DUE: ₹180000)"
"455","user_gen_455","brdp20240455@brdpdcsitapur.com","STUDENT","ACTIVE","--","BRDP20240455","Neha Dubey","Usha Dubey","9961361649","MCA","2024-2027","3","Sitapur Sadar, Uttar Pradesh","ACTIVE","30000","30000","0","30000","30000","0","30000","30000","0","30000","0","30000","30000","0","30000","30000","0","30000","180000","90000","90000","PARTIAL","CALL IMMEDIATELY (DUE: ₹90000)"
"456","user_gen_456","brdp20250456@brdpdcsitapur.com","STUDENT","ACTIVE","--","BRDP20250456","Meena Maurya","Ayush Maurya","9191085233","BCA","2025-2028","2","Mohali, Uttar Pradesh","ACTIVE","20000","20000","0","20000","20000","0","20000","0","20000","20000","0","20000","20000","0","20000","20000","0","20000","120000","40000","80000","PARTIAL","CALL IMMEDIATELY (DUE: ₹80000)"
"457","user_gen_457","brdp20230457@brdpdcsitapur.com","STUDENT","ACTIVE","--","BRDP20230457","Rajesh Tiwari","Divanshi Tiwari","9717135467","MCA","2023-2026","5","Biswan, Uttar Pradesh","ACTIVE","30000","30000","0","30000","30000","0","30000","30000","0","30000","30000","0","30000","30000","0","30000","0","30000","180000","150000","30000","PARTIAL","CALL IMMEDIATELY (DUE: ₹30000)"
"458","user_gen_458","brdp20230458@brdpdcsitapur.com","STUDENT","ACTIVE","--","BRDP20230458","Vivek Jaiswal","Naimish Jaiswal","9366769634","BCA","2023-2026","5","Sitapur, Uttar Pradesh","ACTIVE","20000","20000","0","20000","20000","0","20000","20000","0","20000","20000","0","20000","11500","8500","20000","0","20000","120000","91500","28500","PARTIAL","CALL IMMEDIATELY (DUE: ₹28500)"
"459","user_gen_459","brdp20230459@brdpdcsitapur.com","STUDENT","ACTIVE","--","BRDP20230459","Shivam Kashyap","Manoj Kashyap","9813843179","BCA","2023-2026","5","Hargaon, Uttar Pradesh","ACTIVE","20000","20000","0","20000","20000","0","20000","20000","0","20000","20000","0","20000","0","20000","20000","0","20000","120000","80000","40000","PARTIAL","CALL IMMEDIATELY (DUE: ₹40000)"
"460","user_gen_460","brdp20230460@brdpdcsitapur.com","STUDENT","ACTIVE","--","BRDP20230460","Vikas Sharma","Vikas Sharma","9518805223","MCA","2023-2026","5","Lucknow, Uttar Pradesh","ACTIVE","30000","30000","0","30000","30000","0","30000","30000","0","30000","30000","0","30000","11500","18500","30000","0","30000","180000","131500","48500","PARTIAL","CALL IMMEDIATELY (DUE: ₹48500)"
"461","user_gen_461","brdp20260461@brdpdcsitapur.com","STUDENT","ACTIVE","--","BRDP20260461","Vivek Giri","Rashi Giri","9990368072","BBA","2026-2029","1","Biswan, Uttar Pradesh","ACTIVE","22000","13500","8500","22000","0","22000","22000","0","22000","22000","0","22000","22000","0","22000","22000","0","22000","132000","13500","118500","PARTIAL","CALL IMMEDIATELY (DUE: ₹118500)"
"462","user_gen_462","brdp20250462@brdpdcsitapur.com","STUDENT","ACTIVE","--","BRDP20250462","Pankaj Gupta","Kamlesh Gupta","9832147123","B.Tech CSE","2025-2028","2","Sidhauli, Uttar Pradesh","ACTIVE","25000","25000","0","25000","25000","0","25000","0","25000","25000","0","25000","25000","0","25000","25000","0","25000","150000","50000","100000","PARTIAL","CALL IMMEDIATELY (DUE: ₹100000)"
"463","user_gen_463","brdp20260463@brdpdcsitapur.com","STUDENT","ACTIVE","--","BRDP20260463","Sunita Chaurasiya","Ritu Chaurasiya","9902777400","B.Tech CSE","2026-2029","1","Maholi, Uttar Pradesh","DELETED","25000","8000","17000","25000","0","25000","25000","0","25000","25000","0","25000","25000","0","25000","25000","0","25000","150000","8000","142000","PARTIAL","CALL IMMEDIATELY (DUE: ₹142000)"
"464","user_gen_464","brdp20260464@brdpdcsitapur.com","STUDENT","ACTIVE","--","BRDP20260464","Anita Paswan","Anamika Paswan","9921417763","BCA","2026-2029","1","Lucknow, Uttar Pradesh","ACTIVE","20000","20000","0","20000","0","20000","20000","0","20000","20000","0","20000","20000","0","20000","20000","0","20000","120000","20000","100000","PARTIAL","CALL IMMEDIATELY (DUE: ₹100000)"
"465","user_gen_465","brdp20250465@brdpdcsitapur.com","STUDENT","ACTIVE","--","BRDP20250465","Sanjay Devi","Sani Devi","9776564452","B.Tech CSE","2025-2028","2","Sidhauli, Uttar Pradesh","ACTIVE","25000","25000","0","25000","13500","11500","25000","0","25000","25000","0","25000","25000","0","25000","25000","0","25000","150000","38500","111500","PARTIAL","CALL IMMEDIATELY (DUE: ₹111500)"
"466","user_gen_466","brdp20230466@brdpdcsitapur.com","STUDENT","ACTIVE","--","BRDP20230466","Neha Agrahari","Priya Agrahari","9418535586","MCA","2023-2026","5","Sitapur, Uttar Pradesh","ACTIVE","30000","30000","0","30000","30000","0","30000","30000","0","30000","30000","0","30000","30000","0","30000","0","30000","180000","150000","30000","PARTIAL","CALL IMMEDIATELY (DUE: ₹30000)"
"467","user_gen_467","brdp20250467@brdpdcsitapur.com","STUDENT","ACTIVE","--","BRDP20250467","Ravi Dwivedi","Rajesh Dwivedi","9560570095","B.Sc","2025-2028","2","Kanpur, Uttar Pradesh","ACTIVE","5000","5000","0","5000","3000","2000","5000","0","5000","5000","0","5000","5000","0","5000","5000","0","5000","30000","8000","22000","PARTIAL","CALL IMMEDIATELY (DUE: ₹22000)"
"468","user_gen_468","brdp20250468@brdpdcsitapur.com","STUDENT","ACTIVE","--","BRDP20250468","Ritu Dwivedi","Deepak Dwivedi","9660971484","B.Sc","2025-2028","2","Lucknow, Uttar Pradesh","ACTIVE","5000","5000","0","5000","5000","0","5000","0","5000","5000","0","5000","5000","0","5000","5000","0","5000","30000","10000","20000","PARTIAL","CALL IMMEDIATELY (DUE: ₹20000)"
"469","user_gen_469","brdp20260469@brdpdcsitapur.com","STUDENT","ACTIVE","--","BRDP20260469","Aarya Verma","Sarita Verma","9938746073","B.Sc","2026-2029","1","Misrikh, Uttar Pradesh","ACTIVE","5000","5000","0","5000","0","5000","5000","0","5000","5000","0","5000","5000","0","5000","5000","0","5000","30000","5000","25000","PARTIAL","CALL IMMEDIATELY (DUE: ₹25000)"
"470","user_gen_470","brdp20260470@brdpdcsitapur.com","STUDENT","ACTIVE","--","BRDP20260470","Vivek Sharma","Nainsi Sharma","9868976059","BCA","2026-2029","1","Lakhimpur Kheri, Uttar Pradesh","ACTIVE","20000","20000","0","20000","0","20000","20000","0","20000","20000","0","20000","20000","0","20000","20000","0","20000","120000","20000","100000","PARTIAL","CALL IMMEDIATELY (DUE: ₹100000)"
"471","user_gen_471","brdp20230471@brdpdcsitapur.com","STUDENT","ACTIVE","--","BRDP20230471","Aarti Kashyap","Alok Kashyap","9252653344","B.Sc","2023-2026","5","Maholi, Uttar Pradesh","ACTIVE","5000","5000","0","5000","5000","0","5000","5000","0","5000","5000","0","5000","0","5000","5000","0","5000","30000","20000","10000","PARTIAL","CALL IMMEDIATELY (DUE: ₹10000)"
"472","user_gen_472","brdp20230472@brdpdcsitapur.com","STUDENT","ACTIVE","--","BRDP20230472","Vivek Maurya","Manish Maurya","9839199294","BA","2023-2026","5","Khairabad, Uttar Pradesh","ACTIVE","3000","3000","0","3000","3000","0","3000","3000","0","3000","3000","0","3000","3000","0","3000","0","3000","18000","15000","3000","PARTIAL","CALL IMMEDIATELY (DUE: ₹3000)"
"473","user_gen_473","brdp20260473@brdpdcsitapur.com","STUDENT","ACTIVE","--","BRDP20260473","Meena Tiwari","Dipanshi Tiwari","9294144068","BA","2026-2029","1","Maholi, Uttar Pradesh","ACTIVE","3000","2000","1000","3000","0","3000","3000","0","3000","3000","0","3000","3000","0","3000","3000","0","3000","18000","2000","16000","PARTIAL","CALL IMMEDIATELY (DUE: ₹16000)"
"474","user_gen_474","brdp20230474@brdpdcsitapur.com","STUDENT","ACTIVE","--","BRDP20230474","Ravi Verma","Mahek Verma","9929790479","B.Sc","2023-2026","5","Sitapur, Uttar Pradesh","ACTIVE","5000","5000","0","5000","5000","0","5000","5000","0","5000","5000","0","5000","3500","1500","5000","0","5000","30000","23500","6500","PARTIAL","CALL IMMEDIATELY (DUE: ₹6500)"
"475","user_gen_475","brdp20260475@brdpdcsitapur.com","STUDENT","ACTIVE","--","BRDP20260475","Vivek Kashyap","Saurabh Kashyap","9393325011","BBA","2026-2029","1","Kanpur, Uttar Pradesh","ACTIVE","22000","0","22000","22000","0","22000","22000","0","22000","22000","0","22000","22000","0","22000","22000","0","22000","132000","0","132000","PENDING","CALL IMMEDIATELY (DUE: ₹132000)"
"476","user_gen_476","brdp20240476@brdpdcsitapur.com","STUDENT","ACTIVE","--","BRDP20240476","Subhendu Verma","Sandeep Verma","9772708011","BBA","2024-2027","3","Laharpur, Uttar Pradesh","ACTIVE","22000","22000","0","22000","22000","0","22000","0","22000","22000","0","22000","22000","0","22000","22000","0","22000","132000","44000","88000","PARTIAL","CALL IMMEDIATELY (DUE: ₹88000)"
"477","user_gen_477","brdp20250477@brdpdcsitapur.com","STUDENT","ACTIVE","--","BRDP20250477","Priya Agrahari","Suman Agrahari","9755482424","BA","2025-2028","2","Laharpur, Uttar Pradesh","ACTIVE","3000","3000","0","3000","3000","0","3000","0","3000","3000","0","3000","3000","0","3000","3000","0","3000","18000","6000","12000","PARTIAL","CALL IMMEDIATELY (DUE: ₹12000)"
"478","user_gen_478","brdp20230478@brdpdcsitapur.com","STUDENT","ACTIVE","--","BRDP20230478","Manish Tripathi","Shivani Tripathi","9848735644","MCA","2023-2026","5","Sitapur, Uttar Pradesh","ACTIVE","30000","30000","0","30000","30000","0","30000","30000","0","30000","30000","0","30000","11500","18500","30000","0","30000","180000","131500","48500","PARTIAL","CALL IMMEDIATELY (DUE: ₹48500)"
"479","user_gen_479","brdp20250479@brdpdcsitapur.com","STUDENT","ACTIVE","--","BRDP20250479","Satish Tripathi","Ravi Tripathi","9271655303","BBA","2025-2028","2","Mohali, Uttar Pradesh","ACTIVE","22000","22000","0","22000","22000","0","22000","0","22000","22000","0","22000","22000","0","22000","22000","0","22000","132000","44000","88000","PARTIAL","CALL IMMEDIATELY (DUE: ₹88000)"
"480","user_gen_480","brdp20240480@brdpdcsitapur.com","STUDENT","ACTIVE","--","BRDP20240480","Rohan Maurya","Laxmi Maurya","9360791812","BBA","2024-2027","3","Lakhimpur Kheri, Uttar Pradesh","ACTIVE","22000","22000","0","22000","22000","0","22000","8000","14000","22000","0","22000","22000","0","22000","22000","0","22000","132000","52000","80000","PARTIAL","CALL IMMEDIATELY (DUE: ₹80000)"
"481","user_gen_481","brdp20250481@brdpdcsitapur.com","STUDENT","ACTIVE","--","BRDP20250481","Sunita Jaiswal","Ayush Jaiswal","9957765999","MCA","2025-2028","2","Patna, Uttar Pradesh","ACTIVE","30000","30000","0","30000","30000","0","30000","0","30000","30000","0","30000","30000","0","30000","30000","0","30000","180000","60000","120000","PARTIAL","CALL IMMEDIATELY (DUE: ₹120000)"
"482","user_gen_482","brdp20240482@brdpdcsitapur.com","STUDENT","ACTIVE","--","BRDP20240482","Nainsi Gautam","Laxmi Gautam","9185808905","B.Tech CSE","2024-2027","3","Lucknow, Uttar Pradesh","ACTIVE","25000","25000","0","25000","25000","0","25000","25000","0","25000","0","25000","25000","0","25000","25000","0","25000","150000","75000","75000","PARTIAL","CALL IMMEDIATELY (DUE: ₹75000)"
"483","user_gen_483","brdp20260483@brdpdcsitapur.com","STUDENT","ACTIVE","--","BRDP20260483","Kamlesh Kumar","Rashi Kumar","9218008912","BA","2026-2029","1","Misrikh, Uttar Pradesh","ACTIVE","3000","1000","2000","3000","0","3000","3000","0","3000","3000","0","3000","3000","0","3000","3000","0","3000","18000","1000","17000","PARTIAL","CALL IMMEDIATELY (DUE: ₹17000)"
"484","user_gen_484","brdp20230484@brdpdcsitapur.com","STUDENT","ACTIVE","--","BRDP20230484","Priya Srivastava","Kamlesh Srivastava","9334566254","MCA","2023-2026","5","Patna, Uttar Pradesh","ACTIVE","30000","30000","0","30000","30000","0","30000","30000","0","30000","30000","0","30000","0","30000","30000","0","30000","180000","120000","60000","PARTIAL","CALL IMMEDIATELY (DUE: ₹60000)"
"485","user_gen_485","brdp20260485@brdpdcsitapur.com","STUDENT","ACTIVE","--","BRDP20260485","Aarya Gupta","Pushpendra Gupta","9166122419","MCA","2026-2029","1","Sidhauli, Uttar Pradesh","ACTIVE","30000","0","30000","30000","0","30000","30000","0","30000","30000","0","30000","30000","0","30000","30000","0","30000","180000","0","180000","PENDING","CALL IMMEDIATELY (DUE: ₹180000)"
"486","user_gen_486","brdp20240486@brdpdcsitapur.com","STUDENT","ACTIVE","--","BRDP20240486","Amit Verma","Seema Verma","9394789360","BBA","2024-2027","3","Lakhimpur Kheri, Uttar Pradesh","ACTIVE","22000","22000","0","22000","22000","0","22000","13500","8500","22000","0","22000","22000","0","22000","22000","0","22000","132000","57500","74500","PARTIAL","CALL IMMEDIATELY (DUE: ₹74500)"
"487","user_gen_487","brdp20260487@brdpdcsitapur.com","STUDENT","ACTIVE","--","BRDP20260487","Yashee Agrahari","Dharmendra Agrahari","9672611975","BA","2026-2029","1","Khairabad, Uttar Pradesh","ACTIVE","3000","1000","2000","3000","0","3000","3000","0","3000","3000","0","3000","3000","0","3000","3000","0","3000","18000","1000","17000","PARTIAL","CALL IMMEDIATELY (DUE: ₹17000)"
"488","user_gen_488","brdp20260488@brdpdcsitapur.com","STUDENT","ACTIVE","--","BRDP20260488","Ashutosh Kashyap","Pinku Kashyap","9640811691","BA","2026-2029","1","Mohali, Uttar Pradesh","ACTIVE","3000","1500","1500","3000","0","3000","3000","0","3000","3000","0","3000","3000","0","3000","3000","0","3000","18000","1500","16500","PARTIAL","CALL IMMEDIATELY (DUE: ₹16500)"
"489","user_gen_489","brdp20240489@brdpdcsitapur.com","STUDENT","ACTIVE","--","BRDP20240489","Meena Kumar","Roshani Kumar","9200929457","MCA","2024-2027","3","Sitapur Sadar, Uttar Pradesh","ACTIVE","30000","30000","0","30000","30000","0","30000","18500","11500","30000","0","30000","30000","0","30000","30000","0","30000","180000","78500","101500","PARTIAL","CALL IMMEDIATELY (DUE: ₹101500)"
"490","user_gen_490","brdp20230490@brdpdcsitapur.com","STUDENT","ACTIVE","--","BRDP20230490","Anamika Jaiswal","Prateek Jaiswal","9798667232","BCA","2023-2026","5","Hargaon, Uttar Pradesh","ACTIVE","20000","20000","0","20000","20000","0","20000","20000","0","20000","20000","0","20000","20000","0","20000","0","20000","120000","100000","20000","PARTIAL","CALL IMMEDIATELY (DUE: ₹20000)"
"491","user_gen_491","brdp20240491@brdpdcsitapur.com","STUDENT","ACTIVE","--","BRDP20240491","Shivangi Kanaujiya","Vikas Kanaujiya","9495653488","BBA","2024-2027","3","Mohali, Uttar Pradesh","ACTIVE","22000","22000","0","22000","22000","0","22000","0","22000","22000","0","22000","22000","0","22000","22000","0","22000","132000","44000","88000","PARTIAL","CALL IMMEDIATELY (DUE: ₹88000)"
"492","user_gen_492","brdp20240492@brdpdcsitapur.com","STUDENT","ACTIVE","--","BRDP20240492","Kavita Verma","Sarita Verma","9682646573","B.Sc","2024-2027","3","Khairabad, Uttar Pradesh","ACTIVE","5000","5000","0","5000","5000","0","5000","0","5000","5000","0","5000","5000","0","5000","5000","0","5000","30000","10000","20000","PARTIAL","CALL IMMEDIATELY (DUE: ₹20000)"
"493","user_gen_493","brdp20240493@brdpdcsitapur.com","STUDENT","ACTIVE","--","BRDP20240493","Sangita Rathour","Ashutosh Rathour","9535508769","BBA","2024-2027","3","Sitapur, Uttar Pradesh","ACTIVE","22000","22000","0","22000","22000","0","22000","22000","0","22000","0","22000","22000","0","22000","22000","0","22000","132000","66000","66000","PARTIAL","CALL IMMEDIATELY (DUE: ₹66000)"
"494","user_gen_494","brdp20240494@brdpdcsitapur.com","STUDENT","ACTIVE","--","BRDP20240494","Divyanshi Pal","Alok Pal","9201122514","BCA","2024-2027","3","Hargaon, Uttar Pradesh","ACTIVE","20000","20000","0","20000","20000","0","20000","20000","0","20000","0","20000","20000","0","20000","20000","0","20000","120000","60000","60000","PARTIAL","CALL IMMEDIATELY (DUE: ₹60000)"
"495","user_gen_495","brdp20260495@brdpdcsitapur.com","STUDENT","ACTIVE","--","BRDP20260495","Usha Maurya","Vinay Maurya","9691651142","BA","2026-2029","1","Misrikh, Uttar Pradesh","DELETED","3000","1000","2000","3000","0","3000","3000","0","3000","3000","0","3000","3000","0","3000","3000","0","3000","18000","1000","17000","PARTIAL","CALL IMMEDIATELY (DUE: ₹17000)"
"496","user_gen_496","brdp20260496@brdpdcsitapur.com","STUDENT","ACTIVE","--","BRDP20260496","Roshani Prajapati","Sunil Prajapati","9194629485","BCA","2026-2029","1","Mohali, Uttar Pradesh","ACTIVE","20000","20000","0","20000","0","20000","20000","0","20000","20000","0","20000","20000","0","20000","20000","0","20000","120000","20000","100000","PARTIAL","CALL IMMEDIATELY (DUE: ₹100000)"
"497","user_gen_497","brdp20250497@brdpdcsitapur.com","STUDENT","ACTIVE","--","BRDP20250497","Alok Shukla","Ankul Shukla","9944546814","MCA","2025-2028","2","Patna, Uttar Pradesh","ACTIVE","30000","30000","0","30000","30000","0","30000","0","30000","30000","0","30000","30000","0","30000","30000","0","30000","180000","60000","120000","PARTIAL","CALL IMMEDIATELY (DUE: ₹120000)"
"498","user_gen_498","brdp20230498@brdpdcsitapur.com","STUDENT","ACTIVE","--","BRDP20230498","Rohan Giri","Sonu Giri","9140375939","BA","2023-2026","5","Khairabad, Uttar Pradesh","ACTIVE","3000","3000","0","3000","3000","0","3000","3000","0","3000","3000","0","3000","3000","0","3000","0","3000","18000","15000","3000","PARTIAL","CALL IMMEDIATELY (DUE: ₹3000)"
"499","user_gen_499","brdp20230499@brdpdcsitapur.com","STUDENT","ACTIVE","--","BRDP20230499","Divanshi Devi","Sani Devi","9280068251","BBA","2023-2026","5","Lucknow, Uttar Pradesh","ACTIVE","22000","22000","0","22000","22000","0","22000","22000","0","22000","22000","0","22000","7000","15000","22000","0","22000","132000","95000","37000","PARTIAL","CALL IMMEDIATELY (DUE: ₹37000)"
"500","user_gen_500","brdp20250500@brdpdcsitapur.com","STUDENT","ACTIVE","--","BRDP20250500","Prateek Saini","Dipanshi Saini","9109722343","B.Sc","2025-2028","2","Biswan, Uttar Pradesh","ACTIVE","5000","5000","0","5000","2500","2500","5000","0","5000","5000","0","5000","5000","0","5000","5000","0","5000","30000","7500","22500","PARTIAL","CALL IMMEDIATELY (DUE: ₹22500)"
"501","user_gen_501","brdp20260501@brdpdcsitapur.com","STUDENT","ACTIVE","--","BRDP20260501","Raj Kumar","Ananya Kumar","9160925336","B.Tech CSE","2026-2029","1","Mohali, Uttar Pradesh","ACTIVE","25000","12000","13000","25000","0","25000","25000","0","25000","25000","0","25000","25000","0","25000","25000","0","25000","150000","12000","138000","PARTIAL","CALL IMMEDIATELY (DUE: ₹138000)"
"502","user_gen_502","brdp20240502@brdpdcsitapur.com","STUDENT","ACTIVE","--","BRDP20240502","Divanshi Srivastava","Pankaj Srivastava","9726335325","B.Tech CSE","2024-2027","3","Mohali, Uttar Pradesh","ACTIVE","25000","25000","0","25000","25000","0","25000","25000","0","25000","0","25000","25000","0","25000","25000","0","25000","150000","75000","75000","PARTIAL","CALL IMMEDIATELY (DUE: ₹75000)"
"503","user_gen_503","brdp20230503@brdpdcsitapur.com","STUDENT","ACTIVE","--","BRDP20230503","Meena Saini","Roshani Saini","9722574403","B.Tech CSE","2023-2026","5","Biswan, Uttar Pradesh","ACTIVE","25000","25000","0","25000","25000","0","25000","25000","0","25000","25000","0","25000","25000","0","25000","0","25000","150000","125000","25000","PARTIAL","CALL IMMEDIATELY (DUE: ₹25000)"
"504","user_gen_504","brdp20230504@brdpdcsitapur.com","STUDENT","ACTIVE","--","BRDP20230504","Laxmi Giri","Pinku Giri","9676784837","BBA","2023-2026","5","Sitapur Sadar, Uttar Pradesh","ACTIVE","22000","22000","0","22000","22000","0","22000","22000","0","22000","22000","0","22000","8000","14000","22000","0","22000","132000","96000","36000","PARTIAL","CALL IMMEDIATELY (DUE: ₹36000)"
"505","user_gen_505","brdp20260505@brdpdcsitapur.com","STUDENT","ACTIVE","--","BRDP20260505","Vijay Dubey","Shivangi Dubey","9746915894","B.Sc","2026-2029","1","Laharpur, Uttar Pradesh","ACTIVE","5000","5000","0","5000","0","5000","5000","0","5000","5000","0","5000","5000","0","5000","5000","0","5000","30000","5000","25000","PARTIAL","CALL IMMEDIATELY (DUE: ₹25000)"
"506","user_gen_506","brdp20260506@brdpdcsitapur.com","STUDENT","ACTIVE","--","BRDP20260506","Saurabh Tripathi","Saumya Tripathi","9326088840","B.Sc","2026-2029","1","Lucknow, Uttar Pradesh","ACTIVE","5000","5000","0","5000","0","5000","5000","0","5000","5000","0","5000","5000","0","5000","5000","0","5000","30000","5000","25000","PARTIAL","CALL IMMEDIATELY (DUE: ₹25000)"
"507","user_gen_507","brdp20240507@brdpdcsitapur.com","STUDENT","ACTIVE","--","BRDP20240507","Anita Paswan","Meena Paswan","9780718339","B.Sc","2024-2027","3","Lakhimpur Kheri, Uttar Pradesh","ACTIVE","5000","5000","0","5000","5000","0","5000","5000","0","5000","0","5000","5000","0","5000","5000","0","5000","30000","15000","15000","PARTIAL","CALL IMMEDIATELY (DUE: ₹15000)"
"508","user_gen_508","brdp20240508@brdpdcsitapur.com","STUDENT","ACTIVE","--","BRDP20240508","Alok Pandey","Satish Pandey","9163501236","B.Sc","2024-2027","3","Sitapur, Uttar Pradesh","ACTIVE","5000","5000","0","5000","5000","0","5000","4000","1000","5000","0","5000","5000","0","5000","5000","0","5000","30000","14000","16000","PARTIAL","CALL IMMEDIATELY (DUE: ₹16000)"
"509","user_gen_509","brdp20260509@brdpdcsitapur.com","STUDENT","ACTIVE","--","BRDP20260509","Divyanshi Paswan","Pankaj Paswan","9333811566","B.Sc","2026-2029","1","Sitapur Sadar, Uttar Pradesh","ACTIVE","5000","5000","0","5000","0","5000","5000","0","5000","5000","0","5000","5000","0","5000","5000","0","5000","30000","5000","25000","PARTIAL","CALL IMMEDIATELY (DUE: ₹25000)"
"510","user_gen_510","brdp20230510@brdpdcsitapur.com","STUDENT","ACTIVE","--","BRDP20230510","Dibya Verma","Amit Verma","9301031552","BBA","2023-2026","5","Sitapur Sadar, Uttar Pradesh","ACTIVE","22000","22000","0","22000","22000","0","22000","22000","0","22000","22000","0","22000","11000","11000","22000","0","22000","132000","99000","33000","PARTIAL","CALL IMMEDIATELY (DUE: ₹33000)"
"511","user_gen_511","brdp20240511@brdpdcsitapur.com","STUDENT","ACTIVE","--","BRDP20240511","Alok Paswan","Ashutosh Paswan","9940671336","BCA","2024-2027","3","Patna, Uttar Pradesh","ACTIVE","20000","20000","0","20000","20000","0","20000","13000","7000","20000","0","20000","20000","0","20000","20000","0","20000","120000","53000","67000","PARTIAL","CALL IMMEDIATELY (DUE: ₹67000)"
"512","user_gen_512","brdp20250512@brdpdcsitapur.com","STUDENT","ACTIVE","--","BRDP20250512","Aarti Verma","Neha Verma","9746475755","B.Tech CSE","2025-2028","2","Sidhauli, Uttar Pradesh","ACTIVE","25000","25000","0","25000","25000","0","25000","0","25000","25000","0","25000","25000","0","25000","25000","0","25000","150000","50000","100000","PARTIAL","CALL IMMEDIATELY (DUE: ₹100000)"
"513","user_gen_513","brdp20250513@brdpdcsitapur.com","STUDENT","ACTIVE","--","BRDP20250513","Ashutosh Srivastava","Aarav Srivastava","9976611804","BCA","2025-2028","2","Hargaon, Uttar Pradesh","DELETED","20000","20000","0","20000","0","20000","20000","0","20000","20000","0","20000","20000","0","20000","20000","0","20000","120000","20000","100000","PARTIAL","CALL IMMEDIATELY (DUE: ₹100000)"
"514","user_gen_514","brdp20250514@brdpdcsitapur.com","STUDENT","ACTIVE","--","BRDP20250514","Aditya Kumar","Prateek Kumar","9563498159","BBA","2025-2028","2","Sitapur, Uttar Pradesh","ACTIVE","22000","22000","0","22000","22000","0","22000","0","22000","22000","0","22000","22000","0","22000","22000","0","22000","132000","44000","88000","PARTIAL","CALL IMMEDIATELY (DUE: ₹88000)"
"515","user_gen_515","brdp20240515@brdpdcsitapur.com","STUDENT","ACTIVE","--","BRDP20240515","Nainsi Saini","Mahek Saini","9500791207","BBA","2024-2027","3","Biswan, Uttar Pradesh","ACTIVE","22000","22000","0","22000","22000","0","22000","0","22000","22000","0","22000","22000","0","22000","22000","0","22000","132000","44000","88000","PARTIAL","CALL IMMEDIATELY (DUE: ₹88000)"
"516","user_gen_516","brdp20260516@brdpdcsitapur.com","STUDENT","ACTIVE","--","BRDP20260516","Aarti Paswan","Deepak Paswan","9619873091","B.Sc","2026-2029","1","Kanpur, Uttar Pradesh","ACTIVE","5000","3500","1500","5000","0","5000","5000","0","5000","5000","0","5000","5000","0","5000","5000","0","5000","30000","3500","26500","PARTIAL","CALL IMMEDIATELY (DUE: ₹26500)"
"517","user_gen_517","brdp20260517@brdpdcsitapur.com","STUDENT","ACTIVE","--","BRDP20260517","Ramesh Gautam","Nainsi Gautam","9936989771","BA","2026-2029","1","Hargaon, Uttar Pradesh","ACTIVE","3000","0","3000","3000","0","3000","3000","0","3000","3000","0","3000","3000","0","3000","3000","0","3000","18000","0","18000","PENDING","CALL IMMEDIATELY (DUE: ₹18000)"
"518","user_gen_518","brdp20230518@brdpdcsitapur.com","STUDENT","ACTIVE","--","BRDP20230518","Sonu Srivastava","Rahul Srivastava","9778270065","BBA","2023-2026","5","Laharpur, Uttar Pradesh","ACTIVE","22000","22000","0","22000","22000","0","22000","22000","0","22000","22000","0","22000","12000","10000","22000","0","22000","132000","100000","32000","PARTIAL","CALL IMMEDIATELY (DUE: ₹32000)"
"519","user_gen_519","brdp20240519@brdpdcsitapur.com","STUDENT","ACTIVE","--","BRDP20240519","Priya Giri","Deepa Giri","9168825511","BCA","2024-2027","3","Maholi, Uttar Pradesh","ACTIVE","20000","20000","0","20000","20000","0","20000","8000","12000","20000","0","20000","20000","0","20000","20000","0","20000","120000","48000","72000","PARTIAL","CALL IMMEDIATELY (DUE: ₹72000)"
"520","user_gen_520","brdp20230520@brdpdcsitapur.com","STUDENT","ACTIVE","--","BRDP20230520","Aarti Dubey","Manish Dubey","9997472848","BBA","2023-2026","5","Biswan, Uttar Pradesh","ACTIVE","22000","22000","0","22000","22000","0","22000","22000","0","22000","22000","0","22000","0","22000","22000","0","22000","132000","88000","44000","PARTIAL","CALL IMMEDIATELY (DUE: ₹44000)"
"521","user_gen_521","brdp20230521@brdpdcsitapur.com","STUDENT","ACTIVE","--","BRDP20230521","Pari Kashyap","Divyanshi Kashyap","9186627294","MCA","2023-2026","5","Sitapur Sadar, Uttar Pradesh","ACTIVE","30000","30000","0","30000","30000","0","30000","30000","0","30000","30000","0","30000","30000","0","30000","0","30000","180000","150000","30000","PARTIAL","CALL IMMEDIATELY (DUE: ₹30000)"
"522","user_gen_522","brdp20240522@brdpdcsitapur.com","STUDENT","ACTIVE","--","BRDP20240522","Vinod Pandey","Rekha Pandey","9241399527","BCA","2024-2027","3","Biswan, Uttar Pradesh","ACTIVE","20000","20000","0","20000","20000","0","20000","20000","0","20000","0","20000","20000","0","20000","20000","0","20000","120000","60000","60000","PARTIAL","CALL IMMEDIATELY (DUE: ₹60000)"
"523","user_gen_523","brdp20260523@brdpdcsitapur.com","STUDENT","ACTIVE","--","BRDP20260523","Ramesh Kanaujiya","Sandeep Kanaujiya","9991717679","BA","2026-2029","1","Laharpur, Uttar Pradesh","ACTIVE","3000","0","3000","3000","0","3000","3000","0","3000","3000","0","3000","3000","0","3000","3000","0","3000","18000","0","18000","PENDING","CALL IMMEDIATELY (DUE: ₹18000)"
"524","user_gen_524","brdp20240524@brdpdcsitapur.com","STUDENT","ACTIVE","--","BRDP20240524","Divanshi Gautam","Deepak Gautam","9770102751","B.Tech CSE","2024-2027","3","Misrikh, Uttar Pradesh","ACTIVE","25000","25000","0","25000","25000","0","25000","16500","8500","25000","0","25000","25000","0","25000","25000","0","25000","150000","66500","83500","PARTIAL","CALL IMMEDIATELY (DUE: ₹83500)"
"525","user_gen_525","brdp20260525@brdpdcsitapur.com","STUDENT","ACTIVE","--","BRDP20260525","Satish Giri","Sonu Giri","9599471745","BCA","2026-2029","1","Kanpur, Uttar Pradesh","ACTIVE","20000","10000","10000","20000","0","20000","20000","0","20000","20000","0","20000","20000","0","20000","20000","0","20000","120000","10000","110000","PARTIAL","CALL IMMEDIATELY (DUE: ₹110000)"
"526","user_gen_526","brdp20250526@brdpdcsitapur.com","STUDENT","ACTIVE","--","BRDP20250526","Ajay Sharma","Deepa Sharma","9495423652","BCA","2025-2028","2","Lakhimpur Kheri, Uttar Pradesh","ACTIVE","20000","20000","0","20000","20000","0","20000","0","20000","20000","0","20000","20000","0","20000","20000","0","20000","120000","40000","80000","PARTIAL","CALL IMMEDIATELY (DUE: ₹80000)"
"527","user_gen_527","brdp20230527@brdpdcsitapur.com","STUDENT","ACTIVE","--","BRDP20230527","Pinku Agrahari","Prateek Agrahari","9557771906","BBA","2023-2026","5","Hargaon, Uttar Pradesh","DELETED","22000","22000","0","22000","22000","0","22000","22000","0","22000","22000","0","22000","7000","15000","22000","0","22000","132000","95000","37000","PARTIAL","CALL IMMEDIATELY (DUE: ₹37000)"
"528","user_gen_528","brdp20250528@brdpdcsitapur.com","STUDENT","ACTIVE","--","BRDP20250528","Pankaj Dubey","Aarti Dubey","9712074728","MCA","2025-2028","2","Misrikh, Uttar Pradesh","ACTIVE","30000","30000","0","30000","15000","15000","30000","0","30000","30000","0","30000","30000","0","30000","30000","0","30000","180000","45000","135000","PARTIAL","CALL IMMEDIATELY (DUE: ₹135000)"
"529","user_gen_529","brdp20250529@brdpdcsitapur.com","STUDENT","ACTIVE","--","BRDP20250529","Vijay Gautam","Shivangi Gautam","9569878288","BA","2025-2028","2","Hargaon, Uttar Pradesh","ACTIVE","3000","3000","0","3000","1500","1500","3000","0","3000","3000","0","3000","3000","0","3000","3000","0","3000","18000","4500","13500","PARTIAL","CALL IMMEDIATELY (DUE: ₹13500)"
"530","user_gen_530","brdp20230530@brdpdcsitapur.com","STUDENT","ACTIVE","--","BRDP20230530","Rohan Yadav","Manish Yadav","9637178875","B.Tech CSE","2023-2026","5","Lakhimpur Kheri, Uttar Pradesh","ACTIVE","25000","25000","0","25000","25000","0","25000","25000","0","25000","25000","0","25000","25000","0","25000","0","25000","150000","125000","25000","PARTIAL","CALL IMMEDIATELY (DUE: ₹25000)"
"531","user_gen_531","brdp20240531@brdpdcsitapur.com","STUDENT","ACTIVE","--","BRDP20240531","Aarti Prajapati","Ashutosh Prajapati","9482028061","B.Tech CSE","2024-2027","3","Sitapur, Uttar Pradesh","ACTIVE","25000","25000","0","25000","25000","0","25000","0","25000","25000","0","25000","25000","0","25000","25000","0","25000","150000","50000","100000","PARTIAL","CALL IMMEDIATELY (DUE: ₹100000)"
"532","user_gen_532","brdp20260532@brdpdcsitapur.com","STUDENT","ACTIVE","--","BRDP20260532","Meena Chaurasiya","Anamika Chaurasiya","9986794789","B.Tech CSE","2026-2029","1","Sitapur, Uttar Pradesh","ACTIVE","25000","25000","0","25000","0","25000","25000","0","25000","25000","0","25000","25000","0","25000","25000","0","25000","150000","25000","125000","PARTIAL","CALL IMMEDIATELY (DUE: ₹125000)"
"533","user_gen_533","brdp20260533@brdpdcsitapur.com","STUDENT","ACTIVE","--","BRDP20260533","Priya Rajpoot","Dibya Rajpoot","9753007378","B.Tech CSE","2026-2029","1","Lucknow, Uttar Pradesh","ACTIVE","25000","17000","8000","25000","0","25000","25000","0","25000","25000","0","25000","25000","0","25000","25000","0","25000","150000","17000","133000","PARTIAL","CALL IMMEDIATELY (DUE: ₹133000)"
"534","user_gen_534","brdp20260534@brdpdcsitapur.com","STUDENT","ACTIVE","--","BRDP20260534","Kavita Prajapati","Aditya Prajapati","9890866804","BBA","2026-2029","1","Kanpur, Uttar Pradesh","ACTIVE","22000","22000","0","22000","0","22000","22000","0","22000","22000","0","22000","22000","0","22000","22000","0","22000","132000","22000","110000","PARTIAL","CALL IMMEDIATELY (DUE: ₹110000)"
"535","user_gen_535","brdp20230535@brdpdcsitapur.com","STUDENT","ACTIVE","--","BRDP20230535","Dharmendra Mishra","Divyanshi Mishra","9832814267","BBA","2023-2026","5","Biswan, Uttar Pradesh","ACTIVE","22000","22000","0","22000","22000","0","22000","22000","0","22000","22000","0","22000","22000","0","22000","0","22000","132000","110000","22000","PARTIAL","CALL IMMEDIATELY (DUE: ₹22000)"
"536","user_gen_536","brdp20240536@brdpdcsitapur.com","STUDENT","ACTIVE","--","BRDP20240536","Suman Singh","Suman Singh","9400757298","BA","2024-2027","3","Maholi, Uttar Pradesh","ACTIVE","3000","3000","0","3000","3000","0","3000","1500","1500","3000","0","3000","3000","0","3000","3000","0","3000","18000","7500","10500","PARTIAL","CALL IMMEDIATELY (DUE: ₹10500)"
"537","user_gen_537","brdp20240537@brdpdcsitapur.com","STUDENT","ACTIVE","--","BRDP20240537","Divanshi Agrahari","Dibya Agrahari","9184123085","B.Tech CSE","2024-2027","3","Misrikh, Uttar Pradesh","ACTIVE","25000","25000","0","25000","25000","0","25000","25000","0","25000","0","25000","25000","0","25000","25000","0","25000","150000","75000","75000","PARTIAL","CALL IMMEDIATELY (DUE: ₹75000)"
"538","user_gen_538","brdp20250538@brdpdcsitapur.com","STUDENT","ACTIVE","--","BRDP20250538","Vijay Rathour","Deepa Rathour","9995366827","BBA","2025-2028","2","Kanpur, Uttar Pradesh","ACTIVE","22000","22000","0","22000","13000","9000","22000","0","22000","22000","0","22000","22000","0","22000","22000","0","22000","132000","35000","97000","PARTIAL","CALL IMMEDIATELY (DUE: ₹97000)"
"539","user_gen_539","brdp20260539@brdpdcsitapur.com","STUDENT","ACTIVE","--","BRDP20260539","Vijay Sharma","Avneesh Sharma","9912144545","BBA","2026-2029","1","Laharpur, Uttar Pradesh","ACTIVE","22000","11000","11000","22000","0","22000","22000","0","22000","22000","0","22000","22000","0","22000","22000","0","22000","132000","11000","121000","PARTIAL","CALL IMMEDIATELY (DUE: ₹121000)"
"540","user_gen_540","brdp20260540@brdpdcsitapur.com","STUDENT","ACTIVE","--","BRDP20260540","Neha Saini","Raj Saini","9393639125","MCA","2026-2029","1","Sidhauli, Uttar Pradesh","ACTIVE","30000","30000","0","30000","0","30000","30000","0","30000","30000","0","30000","30000","0","30000","30000","0","30000","180000","30000","150000","PARTIAL","CALL IMMEDIATELY (DUE: ₹150000)"
"541","user_gen_541","brdp20250541@brdpdcsitapur.com","STUDENT","ACTIVE","--","BRDP20250541","Rashi Mishra","Sonu Mishra","9533036155","B.Sc","2025-2028","2","Mohali, Uttar Pradesh","ACTIVE","5000","5000","0","5000","1500","3500","5000","0","5000","5000","0","5000","5000","0","5000","5000","0","5000","30000","6500","23500","PARTIAL","CALL IMMEDIATELY (DUE: ₹23500)"
"542","user_gen_542","brdp20250542@brdpdcsitapur.com","STUDENT","ACTIVE","--","BRDP20250542","Anamika Shukla","Diwakar Shukla","9945367073","B.Sc","2025-2028","2","Maholi, Uttar Pradesh","ACTIVE","5000","5000","0","5000","2000","3000","5000","0","5000","5000","0","5000","5000","0","5000","5000","0","5000","30000","7000","23000","PARTIAL","CALL IMMEDIATELY (DUE: ₹23000)"
"543","user_gen_543","brdp20240543@brdpdcsitapur.com","STUDENT","ACTIVE","--","BRDP20240543","Adarsh Sharma","Vivek Sharma","9852349315","BCA","2024-2027","3","Kanpur, Uttar Pradesh","ACTIVE","20000","20000","0","20000","20000","0","20000","20000","0","20000","0","20000","20000","0","20000","20000","0","20000","120000","60000","60000","PARTIAL","CALL IMMEDIATELY (DUE: ₹60000)"
"544","user_gen_544","brdp20260544@brdpdcsitapur.com","STUDENT","ACTIVE","--","BRDP20260544","Sunita Gupta","Alok Gupta","9872915749","MCA","2026-2029","1","Mohali, Uttar Pradesh","DELETED","30000","0","30000","30000","0","30000","30000","0","30000","30000","0","30000","30000","0","30000","30000","0","30000","180000","0","180000","PENDING","CALL IMMEDIATELY (DUE: ₹180000)"
"545","user_gen_545","brdp20240545@brdpdcsitapur.com","STUDENT","ACTIVE","--","BRDP20240545","Aarav Sharma","Dipanshi Sharma","9438943628","MCA","2024-2027","3","Mohali, Uttar Pradesh","ACTIVE","30000","30000","0","30000","30000","0","30000","0","30000","30000","0","30000","30000","0","30000","30000","0","30000","180000","60000","120000","PARTIAL","CALL IMMEDIATELY (DUE: ₹120000)"
"546","user_gen_546","brdp20250546@brdpdcsitapur.com","STUDENT","ACTIVE","--","BRDP20250546","Meena Pandey","Anjali Pandey","9201280270","B.Tech CSE","2025-2028","2","Hargaon, Uttar Pradesh","ACTIVE","25000","25000","0","25000","25000","0","25000","0","25000","25000","0","25000","25000","0","25000","25000","0","25000","150000","50000","100000","PARTIAL","CALL IMMEDIATELY (DUE: ₹100000)"
"547","user_gen_547","brdp20260547@brdpdcsitapur.com","STUDENT","ACTIVE","--","BRDP20260547","Laxmi Khan","Aarav Khan","9273008653","BCA","2026-2029","1","Biswan, Uttar Pradesh","ACTIVE","20000","0","20000","20000","0","20000","20000","0","20000","20000","0","20000","20000","0","20000","20000","0","20000","120000","0","120000","PENDING","CALL IMMEDIATELY (DUE: ₹120000)"
"548","user_gen_548","brdp20240548@brdpdcsitapur.com","STUDENT","ACTIVE","--","BRDP20240548","Sangita Devi","Shivani Devi","9965933573","BCA","2024-2027","3","Laharpur, Uttar Pradesh","ACTIVE","20000","20000","0","20000","20000","0","20000","6500","13500","20000","0","20000","20000","0","20000","20000","0","20000","120000","46500","73500","PARTIAL","CALL IMMEDIATELY (DUE: ₹73500)"
"549","user_gen_549","brdp20240549@brdpdcsitapur.com","STUDENT","ACTIVE","--","BRDP20240549","Shivam Pandey","Rashi Pandey","9615290761","BBA","2024-2027","3","Kanpur, Uttar Pradesh","ACTIVE","22000","22000","0","22000","22000","0","22000","22000","0","22000","0","22000","22000","0","22000","22000","0","22000","132000","66000","66000","PARTIAL","CALL IMMEDIATELY (DUE: ₹66000)"
"550","user_gen_550","brdp20240550@brdpdcsitapur.com","STUDENT","ACTIVE","--","BRDP20240550","Dharmendra Gupta","Asha Gupta","9728749917","B.Sc","2024-2027","3","Hargaon, Uttar Pradesh","ACTIVE","5000","5000","0","5000","5000","0","5000","5000","0","5000","0","5000","5000","0","5000","5000","0","5000","30000","15000","15000","PARTIAL","CALL IMMEDIATELY (DUE: ₹15000)"
"551","user_gen_551","brdp20250551@brdpdcsitapur.com","STUDENT","ACTIVE","--","BRDP20250551","Adarsh Maurya","Divyanshi Maurya","9995171330","BBA","2025-2028","2","Hargaon, Uttar Pradesh","ACTIVE","22000","22000","0","22000","14000","8000","22000","0","22000","22000","0","22000","22000","0","22000","22000","0","22000","132000","36000","96000","PARTIAL","CALL IMMEDIATELY (DUE: ₹96000)"
"552","user_gen_552","brdp20230552@brdpdcsitapur.com","STUDENT","ACTIVE","--","BRDP20230552","Ramesh Paswan","Suresh Paswan","9974202241","MCA","2023-2026","5","Patna, Uttar Pradesh","ACTIVE","30000","30000","0","30000","30000","0","30000","30000","0","30000","30000","0","30000","13500","16500","30000","0","30000","180000","133500","46500","PARTIAL","CALL IMMEDIATELY (DUE: ₹46500)"
"553","user_gen_553","brdp20260553@brdpdcsitapur.com","STUDENT","ACTIVE","--","BRDP20260553","Ashutosh Sharma","Iliyash Sharma","9367770989","B.Sc","2026-2029","1","Laharpur, Uttar Pradesh","ACTIVE","5000","5000","0","5000","0","5000","5000","0","5000","5000","0","5000","5000","0","5000","5000","0","5000","30000","5000","25000","PARTIAL","CALL IMMEDIATELY (DUE: ₹25000)"
"554","user_gen_554","brdp20230554@brdpdcsitapur.com","STUDENT","ACTIVE","--","BRDP20230554","Kamlesh Prajapati","Pankaj Prajapati","9784526841","BCA","2023-2026","5","Patna, Uttar Pradesh","ACTIVE","20000","20000","0","20000","20000","0","20000","20000","0","20000","20000","0","20000","0","20000","20000","0","20000","120000","80000","40000","PARTIAL","CALL IMMEDIATELY (DUE: ₹40000)"
"555","user_gen_555","brdp20230555@brdpdcsitapur.com","STUDENT","ACTIVE","--","BRDP20230555","Usha Kashyap","Ankul Kashyap","9891614545","MCA","2023-2026","5","Biswan, Uttar Pradesh","ACTIVE","30000","30000","0","30000","30000","0","30000","30000","0","30000","30000","0","30000","30000","0","30000","0","30000","180000","150000","30000","PARTIAL","CALL IMMEDIATELY (DUE: ₹30000)"
"556","user_gen_556","brdp20260556@brdpdcsitapur.com","STUDENT","ACTIVE","--","BRDP20260556","Geeta Kumar","Manoj Kumar","9499038901","B.Tech CSE","2026-2029","1","Patna, Uttar Pradesh","ACTIVE","25000","25000","0","25000","0","25000","25000","0","25000","25000","0","25000","25000","0","25000","25000","0","25000","150000","25000","125000","PARTIAL","CALL IMMEDIATELY (DUE: ₹125000)"
"557","user_gen_557","brdp20240557@brdpdcsitapur.com","STUDENT","ACTIVE","--","BRDP20240557","Saumya Khan","Amit Khan","9566570478","BBA","2024-2027","3","Patna, Uttar Pradesh","DELETED","22000","22000","0","22000","22000","0","22000","22000","0","22000","0","22000","22000","0","22000","22000","0","22000","132000","66000","66000","PARTIAL","CALL IMMEDIATELY (DUE: ₹66000)"
"558","user_gen_558","brdp20240558@brdpdcsitapur.com","STUDENT","ACTIVE","--","BRDP20240558","Avneesh Paswan","Seema Paswan","9810021415","BBA","2024-2027","3","Kanpur, Uttar Pradesh","ACTIVE","22000","22000","0","22000","22000","0","22000","0","22000","22000","0","22000","22000","0","22000","22000","0","22000","132000","44000","88000","PARTIAL","CALL IMMEDIATELY (DUE: ₹88000)"
"559","user_gen_559","brdp20230559@brdpdcsitapur.com","STUDENT","ACTIVE","--","BRDP20230559","Deepika Pandey","Dipanshi Pandey","9521244666","B.Tech CSE","2023-2026","5","Lakhimpur Kheri, Uttar Pradesh","ACTIVE","25000","25000","0","25000","25000","0","25000","25000","0","25000","25000","0","25000","25000","0","25000","0","25000","150000","125000","25000","PARTIAL","CALL IMMEDIATELY (DUE: ₹25000)"
"560","user_gen_560","brdp20250560@brdpdcsitapur.com","STUDENT","ACTIVE","--","BRDP20250560","Yashee Shukla","Diwakar Shukla","9502679230","BA","2025-2028","2","Sidhauli, Uttar Pradesh","ACTIVE","3000","3000","0","3000","3000","0","3000","0","3000","3000","0","3000","3000","0","3000","3000","0","3000","18000","6000","12000","PARTIAL","CALL IMMEDIATELY (DUE: ₹12000)"
"561","user_gen_561","brdp20230561@brdpdcsitapur.com","STUDENT","ACTIVE","--","BRDP20230561","Aarav Rathour","Pooja Rathour","9210568902","BBA","2023-2026","5","Khairabad, Uttar Pradesh","ACTIVE","22000","22000","0","22000","22000","0","22000","22000","0","22000","22000","0","22000","22000","0","22000","0","22000","132000","110000","22000","PARTIAL","CALL IMMEDIATELY (DUE: ₹22000)"
"562","user_gen_562","brdp20260562@brdpdcsitapur.com","STUDENT","ACTIVE","--","BRDP20260562","Aarav Chaurasiya","Rajesh Chaurasiya","9795875838","BBA","2026-2029","1","Sidhauli, Uttar Pradesh","ACTIVE","22000","0","22000","22000","0","22000","22000","0","22000","22000","0","22000","22000","0","22000","22000","0","22000","132000","0","132000","PENDING","CALL IMMEDIATELY (DUE: ₹132000)"
"563","user_gen_563","brdp20230563@brdpdcsitapur.com","STUDENT","ACTIVE","--","BRDP20230563","Alok Shukla","Prateek Shukla","9453508791","B.Tech CSE","2023-2026","5","Sitapur Sadar, Uttar Pradesh","ACTIVE","25000","25000","0","25000","25000","0","25000","25000","0","25000","25000","0","25000","11000","14000","25000","0","25000","150000","111000","39000","PARTIAL","CALL IMMEDIATELY (DUE: ₹39000)"
"564","user_gen_564","brdp20240564@brdpdcsitapur.com","STUDENT","ACTIVE","--","BRDP20240564","Aarya Saini","Neha Saini","9207307828","B.Sc","2024-2027","3","Biswan, Uttar Pradesh","ACTIVE","5000","5000","0","5000","5000","0","5000","0","5000","5000","0","5000","5000","0","5000","5000","0","5000","30000","10000","20000","PARTIAL","CALL IMMEDIATELY (DUE: ₹20000)"
"565","user_gen_565","brdp20260565@brdpdcsitapur.com","STUDENT","ACTIVE","--","BRDP20260565","Pari Jaiswal","Rashi Jaiswal","9728954245","B.Sc","2026-2029","1","Lucknow, Uttar Pradesh","ACTIVE","5000","0","5000","5000","0","5000","5000","0","5000","5000","0","5000","5000","0","5000","5000","0","5000","30000","0","30000","PENDING","CALL IMMEDIATELY (DUE: ₹30000)"
"566","user_gen_566","brdp20230566@brdpdcsitapur.com","STUDENT","ACTIVE","--","BRDP20230566","Aditya Pal","Pankaj Pal","9814837516","B.Sc","2023-2026","5","Laharpur, Uttar Pradesh","ACTIVE","5000","5000","0","5000","5000","0","5000","5000","0","5000","5000","0","5000","3500","1500","5000","0","5000","30000","23500","6500","PARTIAL","CALL IMMEDIATELY (DUE: ₹6500)"
"567","user_gen_567","brdp20240567@brdpdcsitapur.com","STUDENT","ACTIVE","--","BRDP20240567","Gudiya Pal","Sangita Pal","9959975347","B.Tech CSE","2024-2027","3","Lucknow, Uttar Pradesh","ACTIVE","25000","25000","0","25000","25000","0","25000","25000","0","25000","0","25000","25000","0","25000","25000","0","25000","150000","75000","75000","PARTIAL","CALL IMMEDIATELY (DUE: ₹75000)"
"568","user_gen_568","brdp20250568@brdpdcsitapur.com","STUDENT","ACTIVE","--","BRDP20250568","Sangita Devi","Iliyash Devi","9567110523","MCA","2025-2028","2","Sitapur, Uttar Pradesh","ACTIVE","30000","30000","0","30000","30000","0","30000","0","30000","30000","0","30000","30000","0","30000","30000","0","30000","180000","60000","120000","PARTIAL","CALL IMMEDIATELY (DUE: ₹120000)"
"569","user_gen_569","brdp20240569@brdpdcsitapur.com","STUDENT","ACTIVE","--","BRDP20240569","Alok Agrahari","Sonika Agrahari","9768100663","BCA","2024-2027","3","Lucknow, Uttar Pradesh","ACTIVE","20000","20000","0","20000","20000","0","20000","0","20000","20000","0","20000","20000","0","20000","20000","0","20000","120000","40000","80000","PARTIAL","CALL IMMEDIATELY (DUE: ₹80000)"
"570","user_gen_570","brdp20250570@brdpdcsitapur.com","STUDENT","ACTIVE","--","BRDP20250570","Priya Agrahari","Ramesh Agrahari","9142882233","MCA","2025-2028","2","Mohali, Uttar Pradesh","ACTIVE","30000","30000","0","30000","19500","10500","30000","0","30000","30000","0","30000","30000","0","30000","30000","0","30000","180000","49500","130500","PARTIAL","CALL IMMEDIATELY (DUE: ₹130500)"
"571","user_gen_571","brdp20250571@brdpdcsitapur.com","STUDENT","ACTIVE","--","BRDP20250571","Sunita Gupta","Divanshi Gupta","9412927172","BCA","2025-2028","2","Misrikh, Uttar Pradesh","ACTIVE","20000","20000","0","20000","11000","9000","20000","0","20000","20000","0","20000","20000","0","20000","20000","0","20000","120000","31000","89000","PARTIAL","CALL IMMEDIATELY (DUE: ₹89000)"
"572","user_gen_572","brdp20230572@brdpdcsitapur.com","STUDENT","ACTIVE","--","BRDP20230572","Seema Chaurasiya","Ankul Chaurasiya","9599169786","B.Sc","2023-2026","5","Mohali, Uttar Pradesh","ACTIVE","5000","5000","0","5000","5000","0","5000","5000","0","5000","5000","0","5000","5000","0","5000","0","5000","30000","25000","5000","PARTIAL","CALL IMMEDIATELY (DUE: ₹5000)"
"573","user_gen_573","brdp20230573@brdpdcsitapur.com","STUDENT","ACTIVE","--","BRDP20230573","Vinay Dubey","Raj Dubey","9625392622","MCA","2023-2026","5","Lucknow, Uttar Pradesh","ACTIVE","30000","30000","0","30000","30000","0","30000","30000","0","30000","30000","0","30000","13500","16500","30000","0","30000","180000","133500","46500","PARTIAL","CALL IMMEDIATELY (DUE: ₹46500)"
"574","user_gen_574","brdp20250574@brdpdcsitapur.com","STUDENT","ACTIVE","--","BRDP20250574","Alok Khan","Anjali Khan","9730016112","MCA","2025-2028","2","Patna, Uttar Pradesh","ACTIVE","30000","30000","0","30000","15500","14500","30000","0","30000","30000","0","30000","30000","0","30000","30000","0","30000","180000","45500","134500","PARTIAL","CALL IMMEDIATELY (DUE: ₹134500)"
"575","user_gen_575","brdp20240575@brdpdcsitapur.com","STUDENT","ACTIVE","--","BRDP20240575","Aarya Paswan","Ajay Paswan","9894214649","B.Tech CSE","2024-2027","3","Khairabad, Uttar Pradesh","ACTIVE","25000","25000","0","25000","25000","0","25000","25000","0","25000","0","25000","25000","0","25000","25000","0","25000","150000","75000","75000","PARTIAL","CALL IMMEDIATELY (DUE: ₹75000)"
"576","user_gen_576","brdp20230576@brdpdcsitapur.com","STUDENT","ACTIVE","--","BRDP20230576","Aditya Gautam","Deepika Gautam","9449538114","B.Sc","2023-2026","5","Biswan, Uttar Pradesh","DELETED","5000","5000","0","5000","5000","0","5000","5000","0","5000","5000","0","5000","2500","2500","5000","0","5000","30000","22500","7500","PARTIAL","CALL IMMEDIATELY (DUE: ₹7500)"
"577","user_gen_577","brdp20250577@brdpdcsitapur.com","STUDENT","ACTIVE","--","BRDP20250577","Sarita Gautam","Anita Gautam","9229621992","BA","2025-2028","2","Sitapur, Uttar Pradesh","ACTIVE","3000","3000","0","3000","3000","0","3000","0","3000","3000","0","3000","3000","0","3000","3000","0","3000","18000","6000","12000","PARTIAL","CALL IMMEDIATELY (DUE: ₹12000)"
"578","user_gen_578","brdp20260578@brdpdcsitapur.com","STUDENT","ACTIVE","--","BRDP20260578","Diwakar Chaurasiya","Manoj Chaurasiya","9785574951","B.Tech CSE","2026-2029","1","Kanpur, Uttar Pradesh","DELETED","25000","9500","15500","25000","0","25000","25000","0","25000","25000","0","25000","25000","0","25000","25000","0","25000","150000","9500","140500","PARTIAL","CALL IMMEDIATELY (DUE: ₹140500)"
"579","user_gen_579","brdp20240579@brdpdcsitapur.com","STUDENT","ACTIVE","--","BRDP20240579","Nainsi Sharma","Sunil Sharma","9921058879","BBA","2024-2027","3","Sitapur, Uttar Pradesh","ACTIVE","22000","22000","0","22000","22000","0","22000","13500","8500","22000","0","22000","22000","0","22000","22000","0","22000","132000","57500","74500","PARTIAL","CALL IMMEDIATELY (DUE: ₹74500)"
"580","user_gen_580","brdp20250580@brdpdcsitapur.com","STUDENT","ACTIVE","--","BRDP20250580","Mahek Shukla","Iliyash Shukla","9426226184","MCA","2025-2028","2","Lakhimpur Kheri, Uttar Pradesh","ACTIVE","30000","30000","0","30000","30000","0","30000","0","30000","30000","0","30000","30000","0","30000","30000","0","30000","180000","60000","120000","PARTIAL","CALL IMMEDIATELY (DUE: ₹120000)"
"581","user_gen_581","brdp20250581@brdpdcsitapur.com","STUDENT","ACTIVE","--","BRDP20250581","Aarti Verma","Vijay Verma","9382046022","B.Tech CSE","2025-2028","2","Laharpur, Uttar Pradesh","ACTIVE","25000","25000","0","25000","8000","17000","25000","0","25000","25000","0","25000","25000","0","25000","25000","0","25000","150000","33000","117000","PARTIAL","CALL IMMEDIATELY (DUE: ₹117000)"
"582","user_gen_582","brdp20240582@brdpdcsitapur.com","STUDENT","ACTIVE","--","BRDP20240582","Yashee Rajpoot","Geeta Rajpoot","9514175152","BA","2024-2027","3","Khairabad, Uttar Pradesh","ACTIVE","3000","3000","0","3000","3000","0","3000","1500","1500","3000","0","3000","3000","0","3000","3000","0","3000","18000","7500","10500","PARTIAL","CALL IMMEDIATELY (DUE: ₹10500)"
"583","user_gen_583","brdp20240583@brdpdcsitapur.com","STUDENT","ACTIVE","--","BRDP20240583","Vishal Sharma","Sonu Sharma","9414933981","BCA","2024-2027","3","Lucknow, Uttar Pradesh","ACTIVE","20000","20000","0","20000","20000","0","20000","0","20000","20000","0","20000","20000","0","20000","20000","0","20000","120000","40000","80000","PARTIAL","CALL IMMEDIATELY (DUE: ₹80000)"
"584","user_gen_584","brdp20240584@brdpdcsitapur.com","STUDENT","ACTIVE","--","BRDP20240584","Pari Dwivedi","Ramesh Dwivedi","9334054348","B.Tech CSE","2024-2027","3","Sitapur Sadar, Uttar Pradesh","ACTIVE","25000","25000","0","25000","25000","0","25000","18500","6500","25000","0","25000","25000","0","25000","25000","0","25000","150000","68500","81500","PARTIAL","CALL IMMEDIATELY (DUE: ₹81500)"
"585","user_gen_585","brdp20240585@brdpdcsitapur.com","STUDENT","ACTIVE","--","BRDP20240585","Yashee Sharma","Aditya Sharma","9446457055","BBA","2024-2027","3","Sidhauli, Uttar Pradesh","ACTIVE","22000","22000","0","22000","22000","0","22000","17000","5000","22000","0","22000","22000","0","22000","22000","0","22000","132000","61000","71000","PARTIAL","CALL IMMEDIATELY (DUE: ₹71000)"
"586","user_gen_586","brdp20260586@brdpdcsitapur.com","STUDENT","ACTIVE","--","BRDP20260586","Shivangi Kanaujiya","Ravi Kanaujiya","9753626622","MCA","2026-2029","1","Misrikh, Uttar Pradesh","ACTIVE","30000","30000","0","30000","0","30000","30000","0","30000","30000","0","30000","30000","0","30000","30000","0","30000","180000","30000","150000","PARTIAL","CALL IMMEDIATELY (DUE: ₹150000)"
"587","user_gen_587","brdp20240587@brdpdcsitapur.com","STUDENT","ACTIVE","--","BRDP20240587","Ankul Srivastava","Gudiya Srivastava","9821556694","BCA","2024-2027","3","Maholi, Uttar Pradesh","ACTIVE","20000","20000","0","20000","20000","0","20000","10500","9500","20000","0","20000","20000","0","20000","20000","0","20000","120000","50500","69500","PARTIAL","CALL IMMEDIATELY (DUE: ₹69500)"
"588","user_gen_588","brdp20230588@brdpdcsitapur.com","STUDENT","ACTIVE","--","BRDP20230588","Neha Jaiswal","Pushpendra Jaiswal","9562857300","BA","2023-2026","5","Misrikh, Uttar Pradesh","ACTIVE","3000","3000","0","3000","3000","0","3000","3000","0","3000","3000","0","3000","1500","1500","3000","0","3000","18000","13500","4500","PARTIAL","CALL IMMEDIATELY (DUE: ₹4500)"
"589","user_gen_589","brdp20230589@brdpdcsitapur.com","STUDENT","ACTIVE","--","BRDP20230589","Neha Rajpoot","Saumya Rajpoot","9298017640","B.Sc","2023-2026","5","Laharpur, Uttar Pradesh","ACTIVE","5000","5000","0","5000","5000","0","5000","5000","0","5000","5000","0","5000","2000","3000","5000","0","5000","30000","22000","8000","PARTIAL","CALL IMMEDIATELY (DUE: ₹8000)"
"590","user_gen_590","brdp20250590@brdpdcsitapur.com","STUDENT","ACTIVE","--","BRDP20250590","Meena Dwivedi","Shivangi Dwivedi","9889654921","B.Sc","2025-2028","2","Sitapur, Uttar Pradesh","ACTIVE","5000","5000","0","5000","3000","2000","5000","0","5000","5000","0","5000","5000","0","5000","5000","0","5000","30000","8000","22000","PARTIAL","CALL IMMEDIATELY (DUE: ₹22000)"
"591","user_gen_591","brdp20250591@brdpdcsitapur.com","STUDENT","ACTIVE","--","BRDP20250591","Ravi Paswan","Dharmendra Paswan","9504775830","BBA","2025-2028","2","Laharpur, Uttar Pradesh","ACTIVE","22000","22000","0","22000","8500","13500","22000","0","22000","22000","0","22000","22000","0","22000","22000","0","22000","132000","30500","101500","PARTIAL","CALL IMMEDIATELY (DUE: ₹101500)"
"592","user_gen_592","brdp20230592@brdpdcsitapur.com","STUDENT","ACTIVE","--","BRDP20230592","Aditya Shukla","Anjali Shukla","9188866497","MCA","2023-2026","5","Sidhauli, Uttar Pradesh","ACTIVE","30000","30000","0","30000","30000","0","30000","30000","0","30000","30000","0","30000","30000","0","30000","0","30000","180000","150000","30000","PARTIAL","CALL IMMEDIATELY (DUE: ₹30000)"
"593","user_gen_593","brdp20230593@brdpdcsitapur.com","STUDENT","ACTIVE","--","BRDP20230593","Saumya Sharma","Ritu Sharma","9432682223","BCA","2023-2026","5","Sitapur Sadar, Uttar Pradesh","ACTIVE","20000","20000","0","20000","20000","0","20000","20000","0","20000","20000","0","20000","16000","4000","20000","0","20000","120000","96000","24000","PARTIAL","CALL IMMEDIATELY (DUE: ₹24000)"
"594","user_gen_594","brdp20250594@brdpdcsitapur.com","STUDENT","ACTIVE","--","BRDP20250594","Alok Yadav","Suresh Yadav","9827578944","BA","2025-2028","2","Biswan, Uttar Pradesh","ACTIVE","3000","3000","0","3000","3000","0","3000","0","3000","3000","0","3000","3000","0","3000","3000","0","3000","18000","6000","12000","PARTIAL","CALL IMMEDIATELY (DUE: ₹12000)"
"595","user_gen_595","brdp20260595@brdpdcsitapur.com","STUDENT","ACTIVE","--","BRDP20260595","Vivek Shukla","Dibya Shukla","9789140022","MCA","2026-2029","1","Hargaon, Uttar Pradesh","ACTIVE","30000","21000","9000","30000","0","30000","30000","0","30000","30000","0","30000","30000","0","30000","30000","0","30000","180000","21000","159000","PARTIAL","CALL IMMEDIATELY (DUE: ₹159000)"
"596","user_gen_596","brdp20260596@brdpdcsitapur.com","STUDENT","ACTIVE","--","BRDP20260596","Nainsi Saini","Shivangi Saini","9678160274","B.Sc","2026-2029","1","Sidhauli, Uttar Pradesh","ACTIVE","5000","4000","1000","5000","0","5000","5000","0","5000","5000","0","5000","5000","0","5000","5000","0","5000","30000","4000","26000","PARTIAL","CALL IMMEDIATELY (DUE: ₹26000)"
"597","user_gen_597","brdp20240597@brdpdcsitapur.com","STUDENT","ACTIVE","--","BRDP20240597","Neha Devi","Sanjay Devi","9383897580","B.Sc","2024-2027","3","Lakhimpur Kheri, Uttar Pradesh","ACTIVE","5000","5000","0","5000","5000","0","5000","5000","0","5000","0","5000","5000","0","5000","5000","0","5000","30000","15000","15000","PARTIAL","CALL IMMEDIATELY (DUE: ₹15000)"
"598","user_gen_598","brdp20250598@brdpdcsitapur.com","STUDENT","ACTIVE","--","BRDP20250598","Ajay Kanaujiya","Vivek Kanaujiya","9453724049","MCA","2025-2028","2","Sitapur, Uttar Pradesh","ACTIVE","30000","30000","0","30000","23000","7000","30000","0","30000","30000","0","30000","30000","0","30000","30000","0","30000","180000","53000","127000","PARTIAL","CALL IMMEDIATELY (DUE: ₹127000)"
"599","user_gen_599","brdp20260599@brdpdcsitapur.com","STUDENT","ACTIVE","--","BRDP20260599","Mahek Pal","Anamika Pal","9586270573","BCA","2026-2029","1","Patna, Uttar Pradesh","ACTIVE","20000","0","20000","20000","0","20000","20000","0","20000","20000","0","20000","20000","0","20000","20000","0","20000","120000","0","120000","PENDING","CALL IMMEDIATELY (DUE: ₹120000)"
"600","user_gen_600","brdp20230600@brdpdcsitapur.com","STUDENT","ACTIVE","--","BRDP20230600","Diwakar Verma","Priya Verma","9497969118","B.Sc","2023-2026","5","Lakhimpur Kheri, Uttar Pradesh","ACTIVE","5000","5000","0","5000","5000","0","5000","5000","0","5000","5000","0","5000","2500","2500","5000","0","5000","30000","22500","7500","PARTIAL","CALL IMMEDIATELY (DUE: ₹7500)"
"601","user_gen_601","brdp20240601@brdpdcsitapur.com","STUDENT","ACTIVE","--","BRDP20240601","Rohan Saini","Sangita Saini","9252127364","MCA","2024-2027","3","Misrikh, Uttar Pradesh","ACTIVE","30000","30000","0","30000","30000","0","30000","17500","12500","30000","0","30000","30000","0","30000","30000","0","30000","180000","77500","102500","PARTIAL","CALL IMMEDIATELY (DUE: ₹102500)"
"602","user_gen_602","brdp20230602@brdpdcsitapur.com","STUDENT","ACTIVE","--","BRDP20230602","Rohan Gautam","Divyanshi Gautam","9156500933","BBA","2023-2026","5","Laharpur, Uttar Pradesh","DELETED","22000","22000","0","22000","22000","0","22000","22000","0","22000","22000","0","22000","7500","14500","22000","0","22000","132000","95500","36500","PARTIAL","CALL IMMEDIATELY (DUE: ₹36500)"
"603","user_gen_603","brdp20250603@brdpdcsitapur.com","STUDENT","ACTIVE","--","BRDP20250603","Manish Prajapati","Shivangi Prajapati","9495599163","B.Tech CSE","2025-2028","2","Biswan, Uttar Pradesh","ACTIVE","25000","25000","0","25000","19000","6000","25000","0","25000","25000","0","25000","25000","0","25000","25000","0","25000","150000","44000","106000","PARTIAL","CALL IMMEDIATELY (DUE: ₹106000)"
"604","user_gen_604","brdp20240604@brdpdcsitapur.com","STUDENT","ACTIVE","--","BRDP20240604","Deepa Dwivedi","Anita Dwivedi","9289335340","BA","2024-2027","3","Kanpur, Uttar Pradesh","ACTIVE","3000","3000","0","3000","3000","0","3000","0","3000","3000","0","3000","3000","0","3000","3000","0","3000","18000","6000","12000","PARTIAL","CALL IMMEDIATELY (DUE: ₹12000)"
"605","user_gen_605","brdp20260605@brdpdcsitapur.com","STUDENT","ACTIVE","--","BRDP20260605","Iliyash Sharma","Rohan Sharma","9735175384","MCA","2026-2029","1","Lakhimpur Kheri, Uttar Pradesh","ACTIVE","30000","9500","20500","30000","0","30000","30000","0","30000","30000","0","30000","30000","0","30000","30000","0","30000","180000","9500","170500","PARTIAL","CALL IMMEDIATELY (DUE: ₹170500)"
"606","user_gen_606","brdp20230606@brdpdcsitapur.com","STUDENT","ACTIVE","--","BRDP20230606","Naimish Kashyap","Usha Kashyap","9325682222","MCA","2023-2026","5","Lucknow, Uttar Pradesh","ACTIVE","30000","30000","0","30000","30000","0","30000","30000","0","30000","30000","0","30000","16500","13500","30000","0","30000","180000","136500","43500","PARTIAL","CALL IMMEDIATELY (DUE: ₹43500)"
"607","user_gen_607","brdp20240607@brdpdcsitapur.com","STUDENT","ACTIVE","--","BRDP20240607","Rashi Paswan","Sandeep Paswan","9602210996","B.Sc","2024-2027","3","Lakhimpur Kheri, Uttar Pradesh","ACTIVE","5000","5000","0","5000","5000","0","5000","2000","3000","5000","0","5000","5000","0","5000","5000","0","5000","30000","12000","18000","PARTIAL","CALL IMMEDIATELY (DUE: ₹18000)"
"608","user_gen_608","brdp20230608@brdpdcsitapur.com","STUDENT","ACTIVE","--","BRDP20230608","Pooja Gautam","Sanjay Gautam","9205343657","BA","2023-2026","5","Mohali, Uttar Pradesh","DELETED","3000","3000","0","3000","3000","0","3000","3000","0","3000","3000","0","3000","2000","1000","3000","0","3000","18000","14000","4000","PARTIAL","CALL IMMEDIATELY (DUE: ₹4000)"
"609","user_gen_609","brdp20250609@brdpdcsitapur.com","STUDENT","ACTIVE","--","BRDP20250609","Pankaj Dwivedi","Divyanshi Dwivedi","9322416548","BBA","2025-2028","2","Mohali, Uttar Pradesh","ACTIVE","22000","22000","0","22000","22000","0","22000","0","22000","22000","0","22000","22000","0","22000","22000","0","22000","132000","44000","88000","PARTIAL","CALL IMMEDIATELY (DUE: ₹88000)"
"610","user_gen_610","brdp20250610@brdpdcsitapur.com","STUDENT","ACTIVE","--","BRDP20250610","Saurabh Kanaujiya","Roshani Kanaujiya","9902832813","BCA","2025-2028","2","Kanpur, Uttar Pradesh","ACTIVE","20000","20000","0","20000","0","20000","20000","0","20000","20000","0","20000","20000","0","20000","20000","0","20000","120000","20000","100000","PARTIAL","CALL IMMEDIATELY (DUE: ₹100000)"
"611","user_gen_611","brdp20260611@brdpdcsitapur.com","STUDENT","ACTIVE","--","BRDP20260611","Rahul Gautam","Vinay Gautam","9715464476","BBA","2026-2029","1","Laharpur, Uttar Pradesh","ACTIVE","22000","11000","11000","22000","0","22000","22000","0","22000","22000","0","22000","22000","0","22000","22000","0","22000","132000","11000","121000","PARTIAL","CALL IMMEDIATELY (DUE: ₹121000)"
"612","user_gen_612","brdp20260612@brdpdcsitapur.com","STUDENT","ACTIVE","--","BRDP20260612","Meena Singh","Rohan Singh","9826683197","BCA","2026-2029","1","Lucknow, Uttar Pradesh","ACTIVE","20000","20000","0","20000","0","20000","20000","0","20000","20000","0","20000","20000","0","20000","20000","0","20000","120000","20000","100000","PARTIAL","CALL IMMEDIATELY (DUE: ₹100000)"
"613","user_gen_613","brdp20260613@brdpdcsitapur.com","STUDENT","ACTIVE","--","BRDP20260613","Deepa Saini","Priya Saini","9394863955","BBA","2026-2029","1","Lucknow, Uttar Pradesh","ACTIVE","22000","22000","0","22000","0","22000","22000","0","22000","22000","0","22000","22000","0","22000","22000","0","22000","132000","22000","110000","PARTIAL","CALL IMMEDIATELY (DUE: ₹110000)"
"614","user_gen_614","brdp20260614@brdpdcsitapur.com","STUDENT","ACTIVE","--","BRDP20260614","Laxmi Kashyap","Deepak Kashyap","9765906537","MCA","2026-2029","1","Misrikh, Uttar Pradesh","ACTIVE","30000","15500","14500","30000","0","30000","30000","0","30000","30000","0","30000","30000","0","30000","30000","0","30000","180000","15500","164500","PARTIAL","CALL IMMEDIATELY (DUE: ₹164500)"
"615","user_gen_615","brdp20240615@brdpdcsitapur.com","STUDENT","ACTIVE","--","BRDP20240615","Seema Dwivedi","Satish Dwivedi","9498336187","B.Sc","2024-2027","3","Laharpur, Uttar Pradesh","ACTIVE","5000","5000","0","5000","5000","0","5000","5000","0","5000","0","5000","5000","0","5000","5000","0","5000","30000","15000","15000","PARTIAL","CALL IMMEDIATELY (DUE: ₹15000)"
"616","user_gen_616","brdp20260616@brdpdcsitapur.com","STUDENT","ACTIVE","--","BRDP20260616","Pooja Devi","Saumya Devi","9410265941","B.Tech CSE","2026-2029","1","Sidhauli, Uttar Pradesh","ACTIVE","25000","18000","7000","25000","0","25000","25000","0","25000","25000","0","25000","25000","0","25000","25000","0","25000","150000","18000","132000","PARTIAL","CALL IMMEDIATELY (DUE: ₹132000)"
"617","user_gen_617","brdp20230617@brdpdcsitapur.com","STUDENT","ACTIVE","--","BRDP20230617","Ashish Mishra","Pooja Mishra","9491334484","MCA","2023-2026","5","Khairabad, Uttar Pradesh","ACTIVE","30000","30000","0","30000","30000","0","30000","30000","0","30000","30000","0","30000","30000","0","30000","0","30000","180000","150000","30000","PARTIAL","CALL IMMEDIATELY (DUE: ₹30000)"
"618","user_gen_618","brdp20240618@brdpdcsitapur.com","STUDENT","ACTIVE","--","BRDP20240618","Abhishek Singh","Suman Singh","9205677730","B.Tech CSE","2024-2027","3","Mohali, Uttar Pradesh","ACTIVE","25000","25000","0","25000","25000","0","25000","25000","0","25000","0","25000","25000","0","25000","25000","0","25000","150000","75000","75000","PARTIAL","CALL IMMEDIATELY (DUE: ₹75000)"
"619","user_gen_619","brdp20260619@brdpdcsitapur.com","STUDENT","ACTIVE","--","BRDP20260619","Rajesh Yadav","Saumya Yadav","9322796400","BA","2026-2029","1","Patna, Uttar Pradesh","ACTIVE","3000","1000","2000","3000","0","3000","3000","0","3000","3000","0","3000","3000","0","3000","3000","0","3000","18000","1000","17000","PARTIAL","CALL IMMEDIATELY (DUE: ₹17000)"
"620","user_gen_620","brdp20230620@brdpdcsitapur.com","STUDENT","ACTIVE","--","BRDP20230620","Rekha Kumar","Sunil Kumar","9739307003","B.Tech CSE","2023-2026","5","Sidhauli, Uttar Pradesh","ACTIVE","25000","25000","0","25000","25000","0","25000","25000","0","25000","25000","0","25000","25000","0","25000","0","25000","150000","125000","25000","PARTIAL","CALL IMMEDIATELY (DUE: ₹25000)"
"621","user_gen_621","brdp20250621@brdpdcsitapur.com","STUDENT","ACTIVE","--","BRDP20250621","Rajesh Kumar","Deepa Kumar","9915316336","BCA","2025-2028","2","Maholi, Uttar Pradesh","ACTIVE","20000","20000","0","20000","6000","14000","20000","0","20000","20000","0","20000","20000","0","20000","20000","0","20000","120000","26000","94000","PARTIAL","CALL IMMEDIATELY (DUE: ₹94000)"
"622","user_gen_622","brdp20240622@brdpdcsitapur.com","STUDENT","ACTIVE","--","BRDP20240622","Rajesh Gautam","Amit Gautam","9873383543","B.Tech CSE","2024-2027","3","Hargaon, Uttar Pradesh","ACTIVE","25000","25000","0","25000","25000","0","25000","9500","15500","25000","0","25000","25000","0","25000","25000","0","25000","150000","59500","90500","PARTIAL","CALL IMMEDIATELY (DUE: ₹90500)"
"623","user_gen_623","brdp20250623@brdpdcsitapur.com","STUDENT","ACTIVE","--","BRDP20250623","Yashee Rathour","Ravi Rathour","9840949117","B.Sc","2025-2028","2","Lakhimpur Kheri, Uttar Pradesh","ACTIVE","5000","5000","0","5000","0","5000","5000","0","5000","5000","0","5000","5000","0","5000","5000","0","5000","30000","5000","25000","PARTIAL","CALL IMMEDIATELY (DUE: ₹25000)"
"624","user_gen_624","brdp20240624@brdpdcsitapur.com","STUDENT","ACTIVE","--","BRDP20240624","Sonika Khan","Ankul Khan","9279459938","B.Tech CSE","2024-2027","3","Laharpur, Uttar Pradesh","ACTIVE","25000","25000","0","25000","25000","0","25000","25000","0","25000","0","25000","25000","0","25000","25000","0","25000","150000","75000","75000","PARTIAL","CALL IMMEDIATELY (DUE: ₹75000)"
"625","user_gen_625","brdp20260625@brdpdcsitapur.com","STUDENT","ACTIVE","--","BRDP20260625","Rajesh Agrahari","Shivani Agrahari","9286209200","BCA","2026-2029","1","Patna, Uttar Pradesh","ACTIVE","20000","0","20000","20000","0","20000","20000","0","20000","20000","0","20000","20000","0","20000","20000","0","20000","120000","0","120000","PENDING","CALL IMMEDIATELY (DUE: ₹120000)"
"626","user_gen_626","brdp20250626@brdpdcsitapur.com","STUDENT","ACTIVE","--","BRDP20250626","Roshani Kanaujiya","Divyanshi Kanaujiya","9102829530","MCA","2025-2028","2","Sidhauli, Uttar Pradesh","ACTIVE","30000","30000","0","30000","22000","8000","30000","0","30000","30000","0","30000","30000","0","30000","30000","0","30000","180000","52000","128000","PARTIAL","CALL IMMEDIATELY (DUE: ₹128000)"
"627","user_gen_627","brdp20230627@brdpdcsitapur.com","STUDENT","ACTIVE","--","BRDP20230627","Aarti Giri","Ajay Giri","9337689079","MCA","2023-2026","5","Kanpur, Uttar Pradesh","ACTIVE","30000","30000","0","30000","30000","0","30000","30000","0","30000","30000","0","30000","0","30000","30000","0","30000","180000","120000","60000","PARTIAL","CALL IMMEDIATELY (DUE: ₹60000)"
"628","user_gen_628","brdp20240628@brdpdcsitapur.com","STUDENT","ACTIVE","--","BRDP20240628","Seema Dwivedi","Sarita Dwivedi","9509768212","B.Tech CSE","2024-2027","3","Khairabad, Uttar Pradesh","ACTIVE","25000","25000","0","25000","25000","0","25000","13000","12000","25000","0","25000","25000","0","25000","25000","0","25000","150000","63000","87000","PARTIAL","CALL IMMEDIATELY (DUE: ₹87000)"
"629","user_gen_629","brdp20240629@brdpdcsitapur.com","STUDENT","ACTIVE","--","BRDP20240629","Deepa Kanaujiya","Diwakar Kanaujiya","9806086126","BA","2024-2027","3","Patna, Uttar Pradesh","ACTIVE","3000","3000","0","3000","3000","0","3000","2500","500","3000","0","3000","3000","0","3000","3000","0","3000","18000","8500","9500","PARTIAL","CALL IMMEDIATELY (DUE: ₹9500)"
"630","user_gen_630","brdp20230630@brdpdcsitapur.com","STUDENT","ACTIVE","--","BRDP20230630","Usha Kanaujiya","Aarav Kanaujiya","9489788326","MCA","2023-2026","5","Sidhauli, Uttar Pradesh","ACTIVE","30000","30000","0","30000","30000","0","30000","30000","0","30000","30000","0","30000","10500","19500","30000","0","30000","180000","130500","49500","PARTIAL","CALL IMMEDIATELY (DUE: ₹49500)"
"631","user_gen_631","brdp20240631@brdpdcsitapur.com","STUDENT","ACTIVE","--","BRDP20240631","Vinod Dubey","Sarita Dubey","9307996185","MCA","2024-2027","3","Sidhauli, Uttar Pradesh","DELETED","30000","30000","0","30000","30000","0","30000","15000","15000","30000","0","30000","30000","0","30000","30000","0","30000","180000","75000","105000","PARTIAL","CALL IMMEDIATELY (DUE: ₹105000)"
"632","user_gen_632","brdp20230632@brdpdcsitapur.com","STUDENT","ACTIVE","--","BRDP20230632","Sunil Kanaujiya","Rashi Kanaujiya","9151863576","B.Tech CSE","2023-2026","5","Maholi, Uttar Pradesh","ACTIVE","25000","25000","0","25000","25000","0","25000","25000","0","25000","25000","0","25000","18500","6500","25000","0","25000","150000","118500","31500","PARTIAL","CALL IMMEDIATELY (DUE: ₹31500)"
"633","user_gen_633","brdp20230633@brdpdcsitapur.com","STUDENT","ACTIVE","--","BRDP20230633","Subhendu Prajapati","Laxmi Prajapati","9957258832","MCA","2023-2026","5","Misrikh, Uttar Pradesh","ACTIVE","30000","30000","0","30000","30000","0","30000","30000","0","30000","30000","0","30000","0","30000","30000","0","30000","180000","120000","60000","PARTIAL","CALL IMMEDIATELY (DUE: ₹60000)"
"634","user_gen_634","brdp20240634@brdpdcsitapur.com","STUDENT","ACTIVE","--","BRDP20240634","Nainsi Dubey","Vinay Dubey","9879918234","BCA","2024-2027","3","Biswan, Uttar Pradesh","ACTIVE","20000","20000","0","20000","20000","0","20000","20000","0","20000","0","20000","20000","0","20000","20000","0","20000","120000","60000","60000","PARTIAL","CALL IMMEDIATELY (DUE: ₹60000)"
"635","user_gen_635","brdp20260635@brdpdcsitapur.com","STUDENT","ACTIVE","--","BRDP20260635","Roshani Srivastava","Pankaj Srivastava","9867490198","BA","2026-2029","1","Biswan, Uttar Pradesh","DELETED","3000","1500","1500","3000","0","3000","3000","0","3000","3000","0","3000","3000","0","3000","3000","0","3000","18000","1500","16500","PARTIAL","CALL IMMEDIATELY (DUE: ₹16500)"
"636","user_gen_636","brdp20250636@brdpdcsitapur.com","STUDENT","ACTIVE","--","BRDP20250636","Yashee Saini","Shivani Saini","9134350627","B.Tech CSE","2025-2028","2","Sidhauli, Uttar Pradesh","ACTIVE","25000","25000","0","25000","12500","12500","25000","0","25000","25000","0","25000","25000","0","25000","25000","0","25000","150000","37500","112500","PARTIAL","CALL IMMEDIATELY (DUE: ₹112500)"
"637","user_gen_637","brdp20240637@brdpdcsitapur.com","STUDENT","ACTIVE","--","BRDP20240637","Shivam Pal","Manish Pal","9195636887","BA","2024-2027","3","Sitapur, Uttar Pradesh","ACTIVE","3000","3000","0","3000","3000","0","3000","0","3000","3000","0","3000","3000","0","3000","3000","0","3000","18000","6000","12000","PARTIAL","CALL IMMEDIATELY (DUE: ₹12000)"
"638","user_gen_638","brdp20260638@brdpdcsitapur.com","STUDENT","ACTIVE","--","BRDP20260638","Saurabh Mishra","Pooja Mishra","9597495185","BCA","2026-2029","1","Biswan, Uttar Pradesh","ACTIVE","20000","7000","13000","20000","0","20000","20000","0","20000","20000","0","20000","20000","0","20000","20000","0","20000","120000","7000","113000","PARTIAL","CALL IMMEDIATELY (DUE: ₹113000)"
"639","user_gen_639","brdp20240639@brdpdcsitapur.com","STUDENT","ACTIVE","--","BRDP20240639","Dharmendra Shukla","Shivam Shukla","9213650728","BBA","2024-2027","3","Mohali, Uttar Pradesh","ACTIVE","22000","22000","0","22000","22000","0","22000","0","22000","22000","0","22000","22000","0","22000","22000","0","22000","132000","44000","88000","PARTIAL","CALL IMMEDIATELY (DUE: ₹88000)"
"640","user_gen_640","brdp20240640@brdpdcsitapur.com","STUDENT","ACTIVE","--","BRDP20240640","Anamika Srivastava","Sarita Srivastava","9650603135","MCA","2024-2027","3","Mohali, Uttar Pradesh","ACTIVE","30000","30000","0","30000","30000","0","30000","17500","12500","30000","0","30000","30000","0","30000","30000","0","30000","180000","77500","102500","PARTIAL","CALL IMMEDIATELY (DUE: ₹102500)"
"641","user_gen_641","brdp20240641@brdpdcsitapur.com","STUDENT","ACTIVE","--","BRDP20240641","Vishal Sharma","Saumya Sharma","9174694259","B.Tech CSE","2024-2027","3","Sitapur Sadar, Uttar Pradesh","ACTIVE","25000","25000","0","25000","25000","0","25000","25000","0","25000","0","25000","25000","0","25000","25000","0","25000","150000","75000","75000","PARTIAL","CALL IMMEDIATELY (DUE: ₹75000)"
"642","user_gen_642","brdp20260642@brdpdcsitapur.com","STUDENT","ACTIVE","--","BRDP20260642","Neha Srivastava","Saumya Srivastava","9738279736","B.Sc","2026-2029","1","Laharpur, Uttar Pradesh","ACTIVE","5000","5000","0","5000","0","5000","5000","0","5000","5000","0","5000","5000","0","5000","5000","0","5000","30000","5000","25000","PARTIAL","CALL IMMEDIATELY (DUE: ₹25000)"
"643","user_gen_643","brdp20250643@brdpdcsitapur.com","STUDENT","ACTIVE","--","BRDP20250643","Sandeep Devi","Ankul Devi","9920251491","B.Sc","2025-2028","2","Patna, Uttar Pradesh","ACTIVE","5000","5000","0","5000","2500","2500","5000","0","5000","5000","0","5000","5000","0","5000","5000","0","5000","30000","7500","22500","PARTIAL","CALL IMMEDIATELY (DUE: ₹22500)"
"644","user_gen_644","brdp20250644@brdpdcsitapur.com","STUDENT","ACTIVE","--","BRDP20250644","Sonika Agrahari","Priya Agrahari","9498153546","MCA","2025-2028","2","Kanpur, Uttar Pradesh","ACTIVE","30000","30000","0","30000","9500","20500","30000","0","30000","30000","0","30000","30000","0","30000","30000","0","30000","180000","39500","140500","PARTIAL","CALL IMMEDIATELY (DUE: ₹140500)"
"645","user_gen_645","brdp20260645@brdpdcsitapur.com","STUDENT","ACTIVE","--","BRDP20260645","Seema Kanaujiya","Shivam Kanaujiya","9387081100","B.Sc","2026-2029","1","Lucknow, Uttar Pradesh","ACTIVE","5000","3500","1500","5000","0","5000","5000","0","5000","5000","0","5000","5000","0","5000","5000","0","5000","30000","3500","26500","PARTIAL","CALL IMMEDIATELY (DUE: ₹26500)"
"646","user_gen_646","brdp20260646@brdpdcsitapur.com","STUDENT","ACTIVE","--","BRDP20260646","Gudiya Rathour","Adarsh Rathour","9504047570","BBA","2026-2029","1","Kanpur, Uttar Pradesh","ACTIVE","22000","14500","7500","22000","0","22000","22000","0","22000","22000","0","22000","22000","0","22000","22000","0","22000","132000","14500","117500","PARTIAL","CALL IMMEDIATELY (DUE: ₹117500)"
"647","user_gen_647","brdp20260647@brdpdcsitapur.com","STUDENT","ACTIVE","--","BRDP20260647","Raj Dubey","Ayush Dubey","9398964345","BA","2026-2029","1","Maholi, Uttar Pradesh","ACTIVE","3000","0","3000","3000","0","3000","3000","0","3000","3000","0","3000","3000","0","3000","3000","0","3000","18000","0","18000","PENDING","CALL IMMEDIATELY (DUE: ₹18000)"
"648","user_gen_648","brdp20260648@brdpdcsitapur.com","STUDENT","ACTIVE","--","BRDP20260648","Priya Rajpoot","Dharmendra Rajpoot","9647205660","BA","2026-2029","1","Lakhimpur Kheri, Uttar Pradesh","ACTIVE","3000","0","3000","3000","0","3000","3000","0","3000","3000","0","3000","3000","0","3000","3000","0","3000","18000","0","18000","PENDING","CALL IMMEDIATELY (DUE: ₹18000)"
"649","user_gen_649","brdp20230649@brdpdcsitapur.com","STUDENT","ACTIVE","--","BRDP20230649","Roshani Giri","Sandeep Giri","9465620690","B.Tech CSE","2023-2026","5","Sitapur Sadar, Uttar Pradesh","ACTIVE","25000","25000","0","25000","25000","0","25000","25000","0","25000","25000","0","25000","18500","6500","25000","0","25000","150000","118500","31500","PARTIAL","CALL IMMEDIATELY (DUE: ₹31500)"
"650","user_gen_650","brdp20250650@brdpdcsitapur.com","STUDENT","ACTIVE","--","BRDP20250650","Saumya Yadav","Sonika Yadav","9657587453","B.Tech CSE","2025-2028","2","Maholi, Uttar Pradesh","ACTIVE","25000","25000","0","25000","14500","10500","25000","0","25000","25000","0","25000","25000","0","25000","25000","0","25000","150000","39500","110500","PARTIAL","CALL IMMEDIATELY (DUE: ₹110500)"
"651","user_gen_651","brdp20250651@brdpdcsitapur.com","STUDENT","ACTIVE","--","BRDP20250651","Ankul Yadav","Vikas Yadav","9873714826","B.Tech CSE","2025-2028","2","Hargaon, Uttar Pradesh","ACTIVE","25000","25000","0","25000","7500","17500","25000","0","25000","25000","0","25000","25000","0","25000","25000","0","25000","150000","32500","117500","PARTIAL","CALL IMMEDIATELY (DUE: ₹117500)"
"652","user_gen_652","brdp20240652@brdpdcsitapur.com","STUDENT","ACTIVE","--","BRDP20240652","Suresh Mishra","Dibya Mishra","9396194295","BBA","2024-2027","3","Sitapur, Uttar Pradesh","ACTIVE","22000","22000","0","22000","22000","0","22000","10500","11500","22000","0","22000","22000","0","22000","22000","0","22000","132000","54500","77500","PARTIAL","CALL IMMEDIATELY (DUE: ₹77500)"
"653","user_gen_653","brdp20250653@brdpdcsitapur.com","STUDENT","ACTIVE","--","BRDP20250653","Saurabh Gupta","Rekha Gupta","9805219714","BCA","2025-2028","2","Mohali, Uttar Pradesh","ACTIVE","20000","20000","0","20000","12500","7500","20000","0","20000","20000","0","20000","20000","0","20000","20000","0","20000","120000","32500","87500","PARTIAL","CALL IMMEDIATELY (DUE: ₹87500)"
"654","user_gen_654","brdp20250654@brdpdcsitapur.com","STUDENT","ACTIVE","--","BRDP20250654","Sunil Rajpoot","Ajay Rajpoot","9388158636","BBA","2025-2028","2","Sitapur, Uttar Pradesh","DELETED","22000","22000","0","22000","22000","0","22000","0","22000","22000","0","22000","22000","0","22000","22000","0","22000","132000","44000","88000","PARTIAL","CALL IMMEDIATELY (DUE: ₹88000)"
"655","user_gen_655","brdp20260655@brdpdcsitapur.com","STUDENT","ACTIVE","--","BRDP20260655","Deepak Singh","Anjali Singh","9574352026","B.Sc","2026-2029","1","Patna, Uttar Pradesh","ACTIVE","5000","5000","0","5000","0","5000","5000","0","5000","5000","0","5000","5000","0","5000","5000","0","5000","30000","5000","25000","PARTIAL","CALL IMMEDIATELY (DUE: ₹25000)"
"656","user_gen_656","brdp20250656@brdpdcsitapur.com","STUDENT","ACTIVE","--","BRDP20250656","Rashi Gautam","Geeta Gautam","9521808592","BBA","2025-2028","2","Sitapur, Uttar Pradesh","ACTIVE","22000","22000","0","22000","0","22000","22000","0","22000","22000","0","22000","22000","0","22000","22000","0","22000","132000","22000","110000","PARTIAL","CALL IMMEDIATELY (DUE: ₹110000)"
"657","user_gen_657","brdp20230657@brdpdcsitapur.com","STUDENT","ACTIVE","--","BRDP20230657","Sunil Devi","Sunil Devi","9395211773","BCA","2023-2026","5","Sitapur Sadar, Uttar Pradesh","ACTIVE","20000","20000","0","20000","20000","0","20000","20000","0","20000","20000","0","20000","11500","8500","20000","0","20000","120000","91500","28500","PARTIAL","CALL IMMEDIATELY (DUE: ₹28500)"
"658","user_gen_658","brdp20240658@brdpdcsitapur.com","STUDENT","ACTIVE","--","BRDP20240658","Pinku Tripathi","Pooja Tripathi","9320887539","BCA","2024-2027","3","Hargaon, Uttar Pradesh","ACTIVE","20000","20000","0","20000","20000","0","20000","12500","7500","20000","0","20000","20000","0","20000","20000","0","20000","120000","52500","67500","PARTIAL","CALL IMMEDIATELY (DUE: ₹67500)"
"659","user_gen_659","brdp20260659@brdpdcsitapur.com","STUDENT","ACTIVE","--","BRDP20260659","Subhendu Tiwari","Rahul Tiwari","9189582744","BCA","2026-2029","1","Lucknow, Uttar Pradesh","ACTIVE","20000","20000","0","20000","0","20000","20000","0","20000","20000","0","20000","20000","0","20000","20000","0","20000","120000","20000","100000","PARTIAL","CALL IMMEDIATELY (DUE: ₹100000)"
"660","user_gen_660","brdp20260660@brdpdcsitapur.com","STUDENT","ACTIVE","--","BRDP20260660","Seema Prajapati","Anamika Prajapati","9588987426","BCA","2026-2029","1","Misrikh, Uttar Pradesh","ACTIVE","20000","20000","0","20000","0","20000","20000","0","20000","20000","0","20000","20000","0","20000","20000","0","20000","120000","20000","100000","PARTIAL","CALL IMMEDIATELY (DUE: ₹100000)"
"661","user_gen_661","brdp20260661@brdpdcsitapur.com","STUDENT","ACTIVE","--","BRDP20260661","Alok Maurya","Seema Maurya","9871821069","BBA","2026-2029","1","Khairabad, Uttar Pradesh","ACTIVE","22000","22000","0","22000","0","22000","22000","0","22000","22000","0","22000","22000","0","22000","22000","0","22000","132000","22000","110000","PARTIAL","CALL IMMEDIATELY (DUE: ₹110000)"
"662","user_gen_662","brdp20260662@brdpdcsitapur.com","STUDENT","ACTIVE","--","BRDP20260662","Kavita Jaiswal","Ayush Jaiswal","9842650818","B.Sc","2026-2029","1","Lucknow, Uttar Pradesh","ACTIVE","5000","2500","2500","5000","0","5000","5000","0","5000","5000","0","5000","5000","0","5000","5000","0","5000","30000","2500","27500","PARTIAL","CALL IMMEDIATELY (DUE: ₹27500)"
"663","user_gen_663","brdp20250663@brdpdcsitapur.com","STUDENT","ACTIVE","--","BRDP20250663","Vinod Yadav","Pinku Yadav","9752086053","B.Tech CSE","2025-2028","2","Lakhimpur Kheri, Uttar Pradesh","ACTIVE","25000","25000","0","25000","0","25000","25000","0","25000","25000","0","25000","25000","0","25000","25000","0","25000","150000","25000","125000","PARTIAL","CALL IMMEDIATELY (DUE: ₹125000)"
"664","user_gen_664","brdp20240664@brdpdcsitapur.com","STUDENT","ACTIVE","--","BRDP20240664","Raj Paswan","Raj Paswan","9223053171","BBA","2024-2027","3","Patna, Uttar Pradesh","ACTIVE","22000","22000","0","22000","22000","0","22000","17000","5000","22000","0","22000","22000","0","22000","22000","0","22000","132000","61000","71000","PARTIAL","CALL IMMEDIATELY (DUE: ₹71000)"
"665","user_gen_665","brdp20240665@brdpdcsitapur.com","STUDENT","ACTIVE","--","BRDP20240665","Deepika Tiwari","Pooja Tiwari","9483986301","B.Tech CSE","2024-2027","3","Sitapur Sadar, Uttar Pradesh","ACTIVE","25000","25000","0","25000","25000","0","25000","11500","13500","25000","0","25000","25000","0","25000","25000","0","25000","150000","61500","88500","PARTIAL","CALL IMMEDIATELY (DUE: ₹88500)"
"666","user_gen_666","brdp20260666@brdpdcsitapur.com","STUDENT","ACTIVE","--","BRDP20260666","Pinku Shukla","Rekha Shukla","9137613968","BCA","2026-2029","1","Mohali, Uttar Pradesh","ACTIVE","20000","0","20000","20000","0","20000","20000","0","20000","20000","0","20000","20000","0","20000","20000","0","20000","120000","0","120000","PENDING","CALL IMMEDIATELY (DUE: ₹120000)"
"667","user_gen_667","brdp20260667@brdpdcsitapur.com","STUDENT","ACTIVE","--","BRDP20260667","Vinay Dubey","Pushpendra Dubey","9483161116","MCA","2026-2029","1","Patna, Uttar Pradesh","ACTIVE","30000","12500","17500","30000","0","30000","30000","0","30000","30000","0","30000","30000","0","30000","30000","0","30000","180000","12500","167500","PARTIAL","CALL IMMEDIATELY (DUE: ₹167500)"
"668","user_gen_668","brdp20260668@brdpdcsitapur.com","STUDENT","ACTIVE","--","BRDP20260668","Abhishek Prajapati","Nainsi Prajapati","9530246882","B.Sc","2026-2029","1","Biswan, Uttar Pradesh","ACTIVE","5000","2500","2500","5000","0","5000","5000","0","5000","5000","0","5000","5000","0","5000","5000","0","5000","30000","2500","27500","PARTIAL","CALL IMMEDIATELY (DUE: ₹27500)"
"669","user_gen_669","brdp20260669@brdpdcsitapur.com","STUDENT","ACTIVE","--","BRDP20260669","Sani Agrahari","Abhishek Agrahari","9469306661","BA","2026-2029","1","Biswan, Uttar Pradesh","ACTIVE","3000","3000","0","3000","0","3000","3000","0","3000","3000","0","3000","3000","0","3000","3000","0","3000","18000","3000","15000","PARTIAL","CALL IMMEDIATELY (DUE: ₹15000)"
"670","user_gen_670","brdp20240670@brdpdcsitapur.com","STUDENT","ACTIVE","--","BRDP20240670","Diwakar Shukla","Nainsi Shukla","9291559114","BA","2024-2027","3","Sitapur Sadar, Uttar Pradesh","ACTIVE","3000","3000","0","3000","3000","0","3000","3000","0","3000","0","3000","3000","0","3000","3000","0","3000","18000","9000","9000","PARTIAL","CALL IMMEDIATELY (DUE: ₹9000)"
"671","user_gen_671","brdp20250671@brdpdcsitapur.com","STUDENT","ACTIVE","--","BRDP20250671","Ananya Srivastava","Shivangi Srivastava","9870822488","BA","2025-2028","2","Biswan, Uttar Pradesh","ACTIVE","3000","3000","0","3000","0","3000","3000","0","3000","3000","0","3000","3000","0","3000","3000","0","3000","18000","3000","15000","PARTIAL","CALL IMMEDIATELY (DUE: ₹15000)"
"672","user_gen_672","brdp20230672@brdpdcsitapur.com","STUDENT","ACTIVE","--","BRDP20230672","Mahek Pandey","Manish Pandey","9232798569","BCA","2023-2026","5","Khairabad, Uttar Pradesh","ACTIVE","20000","20000","0","20000","20000","0","20000","20000","0","20000","20000","0","20000","20000","0","20000","0","20000","120000","100000","20000","PARTIAL","CALL IMMEDIATELY (DUE: ₹20000)"
"673","user_gen_673","brdp20260673@brdpdcsitapur.com","STUDENT","ACTIVE","--","BRDP20260673","Ankul Prajapati","Raj Prajapati","9423445794","MCA","2026-2029","1","Kanpur, Uttar Pradesh","ACTIVE","30000","30000","0","30000","0","30000","30000","0","30000","30000","0","30000","30000","0","30000","30000","0","30000","180000","30000","150000","PARTIAL","CALL IMMEDIATELY (DUE: ₹150000)"
"674","user_gen_674","brdp20240674@brdpdcsitapur.com","STUDENT","ACTIVE","--","BRDP20240674","Sunil Chaurasiya","Priya Chaurasiya","9785706866","BBA","2024-2027","3","Khairabad, Uttar Pradesh","ACTIVE","22000","22000","0","22000","22000","0","22000","0","22000","22000","0","22000","22000","0","22000","22000","0","22000","132000","44000","88000","PARTIAL","CALL IMMEDIATELY (DUE: ₹88000)"
"675","user_gen_675","brdp20250675@brdpdcsitapur.com","STUDENT","ACTIVE","--","BRDP20250675","Pinku Maurya","Neha Maurya","9302432712","B.Sc","2025-2028","2","Lakhimpur Kheri, Uttar Pradesh","ACTIVE","5000","5000","0","5000","3000","2000","5000","0","5000","5000","0","5000","5000","0","5000","5000","0","5000","30000","8000","22000","PARTIAL","CALL IMMEDIATELY (DUE: ₹22000)"
"676","user_gen_676","brdp20260676@brdpdcsitapur.com","STUDENT","ACTIVE","--","BRDP20260676","Mahek Rathour","Rajesh Rathour","9961979363","BBA","2026-2029","1","Hargaon, Uttar Pradesh","ACTIVE","22000","8000","14000","22000","0","22000","22000","0","22000","22000","0","22000","22000","0","22000","22000","0","22000","132000","8000","124000","PARTIAL","CALL IMMEDIATELY (DUE: ₹124000)"
"677","user_gen_677","brdp20250677@brdpdcsitapur.com","STUDENT","ACTIVE","--","BRDP20250677","Sarita Agrahari","Ritu Agrahari","9492821863","BBA","2025-2028","2","Misrikh, Uttar Pradesh","ACTIVE","22000","22000","0","22000","15500","6500","22000","0","22000","22000","0","22000","22000","0","22000","22000","0","22000","132000","37500","94500","PARTIAL","CALL IMMEDIATELY (DUE: ₹94500)"
"678","user_gen_678","brdp20250678@brdpdcsitapur.com","STUDENT","ACTIVE","--","BRDP20250678","Sandeep Singh","Pushpendra Singh","9633827553","B.Sc","2025-2028","2","Sidhauli, Uttar Pradesh","ACTIVE","5000","5000","0","5000","0","5000","5000","0","5000","5000","0","5000","5000","0","5000","5000","0","5000","30000","5000","25000","PARTIAL","CALL IMMEDIATELY (DUE: ₹25000)"
"679","user_gen_679","brdp20240679@brdpdcsitapur.com","STUDENT","ACTIVE","--","BRDP20240679","Anamika Devi","Kavita Devi","9106647176","B.Sc","2024-2027","3","Misrikh, Uttar Pradesh","ACTIVE","5000","5000","0","5000","5000","0","5000","0","5000","5000","0","5000","5000","0","5000","5000","0","5000","30000","10000","20000","PARTIAL","CALL IMMEDIATELY (DUE: ₹20000)"
"680","user_gen_680","brdp20230680@brdpdcsitapur.com","STUDENT","ACTIVE","--","BRDP20230680","Raj Chaurasiya","Neha Chaurasiya","9864294334","BCA","2023-2026","5","Lakhimpur Kheri, Uttar Pradesh","ACTIVE","20000","20000","0","20000","20000","0","20000","20000","0","20000","20000","0","20000","20000","0","20000","0","20000","120000","100000","20000","PARTIAL","CALL IMMEDIATELY (DUE: ₹20000)"
"681","user_gen_681","brdp20250681@brdpdcsitapur.com","STUDENT","ACTIVE","--","BRDP20250681","Pooja Dwivedi","Rahul Dwivedi","9581690181","BBA","2025-2028","2","Sitapur, Uttar Pradesh","ACTIVE","22000","22000","0","22000","17000","5000","22000","0","22000","22000","0","22000","22000","0","22000","22000","0","22000","132000","39000","93000","PARTIAL","CALL IMMEDIATELY (DUE: ₹93000)"
"682","user_gen_682","brdp20240682@brdpdcsitapur.com","STUDENT","ACTIVE","--","BRDP20240682","Kavita Tiwari","Aarav Tiwari","9295067552","BA","2024-2027","3","Kanpur, Uttar Pradesh","ACTIVE","3000","3000","0","3000","3000","0","3000","3000","0","3000","0","3000","3000","0","3000","3000","0","3000","18000","9000","9000","PARTIAL","CALL IMMEDIATELY (DUE: ₹9000)"
"683","user_gen_683","brdp20230683@brdpdcsitapur.com","STUDENT","ACTIVE","--","BRDP20230683","Abhishek Rathour","Satish Rathour","9565700335","BA","2023-2026","5","Patna, Uttar Pradesh","ACTIVE","3000","3000","0","3000","3000","0","3000","3000","0","3000","3000","0","3000","0","3000","3000","0","3000","18000","12000","6000","PARTIAL","CALL IMMEDIATELY (DUE: ₹6000)"
"684","user_gen_684","brdp20230684@brdpdcsitapur.com","STUDENT","ACTIVE","--","BRDP20230684","Mahek Rathour","Yashee Rathour","9339198244","BCA","2023-2026","5","Mohali, Uttar Pradesh","ACTIVE","20000","20000","0","20000","20000","0","20000","20000","0","20000","20000","0","20000","10000","10000","20000","0","20000","120000","90000","30000","PARTIAL","CALL IMMEDIATELY (DUE: ₹30000)"
"685","user_gen_685","brdp20260685@brdpdcsitapur.com","STUDENT","ACTIVE","--","BRDP20260685","Priya Rathour","Alok Rathour","9147988596","MCA","2026-2029","1","Lucknow, Uttar Pradesh","ACTIVE","30000","0","30000","30000","0","30000","30000","0","30000","30000","0","30000","30000","0","30000","30000","0","30000","180000","0","180000","PENDING","CALL IMMEDIATELY (DUE: ₹180000)"
"686","user_gen_686","brdp20260686@brdpdcsitapur.com","STUDENT","ACTIVE","--","BRDP20260686","Pooja Giri","Ajay Giri","9348740959","BCA","2026-2029","1","Biswan, Uttar Pradesh","ACTIVE","20000","20000","0","20000","0","20000","20000","0","20000","20000","0","20000","20000","0","20000","20000","0","20000","120000","20000","100000","PARTIAL","CALL IMMEDIATELY (DUE: ₹100000)"
"687","user_gen_687","brdp20260687@brdpdcsitapur.com","STUDENT","ACTIVE","--","BRDP20260687","Vivek Rajpoot","Subhendu Rajpoot","9324401367","B.Tech CSE","2026-2029","1","Mohali, Uttar Pradesh","ACTIVE","25000","12000","13000","25000","0","25000","25000","0","25000","25000","0","25000","25000","0","25000","25000","0","25000","150000","12000","138000","PARTIAL","CALL IMMEDIATELY (DUE: ₹138000)"
"688","user_gen_688","brdp20240688@brdpdcsitapur.com","STUDENT","ACTIVE","--","BRDP20240688","Vishal Saini","Ananya Saini","9914933407","B.Sc","2024-2027","3","Khairabad, Uttar Pradesh","ACTIVE","5000","5000","0","5000","5000","0","5000","5000","0","5000","0","5000","5000","0","5000","5000","0","5000","30000","15000","15000","PARTIAL","CALL IMMEDIATELY (DUE: ₹15000)"
"689","user_gen_689","brdp20250689@brdpdcsitapur.com","STUDENT","ACTIVE","--","BRDP20250689","Vinay Verma","Roshani Verma","9703363173","B.Sc","2025-2028","2","Maholi, Uttar Pradesh","ACTIVE","5000","5000","0","5000","5000","0","5000","0","5000","5000","0","5000","5000","0","5000","5000","0","5000","30000","10000","20000","PARTIAL","CALL IMMEDIATELY (DUE: ₹20000)"
"690","user_gen_690","brdp20230690@brdpdcsitapur.com","STUDENT","ACTIVE","--","BRDP20230690","Satish Paswan","Yashee Paswan","9928638212","BA","2023-2026","5","Khairabad, Uttar Pradesh","ACTIVE","3000","3000","0","3000","3000","0","3000","3000","0","3000","3000","0","3000","2000","1000","3000","0","3000","18000","14000","4000","PARTIAL","CALL IMMEDIATELY (DUE: ₹4000)"
"691","user_gen_691","brdp20260691@brdpdcsitapur.com","STUDENT","ACTIVE","--","BRDP20260691","Sonu Gupta","Suresh Gupta","9704495314","MCA","2026-2029","1","Hargaon, Uttar Pradesh","ACTIVE","30000","30000","0","30000","0","30000","30000","0","30000","30000","0","30000","30000","0","30000","30000","0","30000","180000","30000","150000","PARTIAL","CALL IMMEDIATELY (DUE: ₹150000)"
"692","user_gen_692","brdp20250692@brdpdcsitapur.com","STUDENT","ACTIVE","--","BRDP20250692","Saumya Giri","Vijay Giri","9320778147","BBA","2025-2028","2","Lucknow, Uttar Pradesh","ACTIVE","22000","22000","0","22000","22000","0","22000","0","22000","22000","0","22000","22000","0","22000","22000","0","22000","132000","44000","88000","PARTIAL","CALL IMMEDIATELY (DUE: ₹88000)"
"693","user_gen_693","brdp20260693@brdpdcsitapur.com","STUDENT","ACTIVE","--","BRDP20260693","Vikas Chaurasiya","Prateek Chaurasiya","9468392430","BBA","2026-2029","1","Biswan, Uttar Pradesh","ACTIVE","22000","22000","0","22000","0","22000","22000","0","22000","22000","0","22000","22000","0","22000","22000","0","22000","132000","22000","110000","PARTIAL","CALL IMMEDIATELY (DUE: ₹110000)"
"694","user_gen_694","brdp20250694@brdpdcsitapur.com","STUDENT","ACTIVE","--","BRDP20250694","Sunita Singh","Deepak Singh","9354685576","BCA","2025-2028","2","Kanpur, Uttar Pradesh","ACTIVE","20000","20000","0","20000","0","20000","20000","0","20000","20000","0","20000","20000","0","20000","20000","0","20000","120000","20000","100000","PARTIAL","CALL IMMEDIATELY (DUE: ₹100000)"
"695","user_gen_695","brdp20240695@brdpdcsitapur.com","STUDENT","ACTIVE","--","BRDP20240695","Adarsh Prajapati","Sangita Prajapati","9211134287","BBA","2024-2027","3","Lucknow, Uttar Pradesh","ACTIVE","22000","22000","0","22000","22000","0","22000","9500","12500","22000","0","22000","22000","0","22000","22000","0","22000","132000","53500","78500","PARTIAL","CALL IMMEDIATELY (DUE: ₹78500)"
"696","user_gen_696","brdp20240696@brdpdcsitapur.com","STUDENT","ACTIVE","--","BRDP20240696","Deepa Mishra","Vikas Mishra","9864254671","BCA","2024-2027","3","Khairabad, Uttar Pradesh","ACTIVE","20000","20000","0","20000","20000","0","20000","7000","13000","20000","0","20000","20000","0","20000","20000","0","20000","120000","47000","73000","PARTIAL","CALL IMMEDIATELY (DUE: ₹73000)"
"697","user_gen_697","brdp20250697@brdpdcsitapur.com","STUDENT","ACTIVE","--","BRDP20250697","Sani Dwivedi","Abhishek Dwivedi","9917570672","B.Tech CSE","2025-2028","2","Hargaon, Uttar Pradesh","DELETED","25000","25000","0","25000","0","25000","25000","0","25000","25000","0","25000","25000","0","25000","25000","0","25000","150000","25000","125000","PARTIAL","CALL IMMEDIATELY (DUE: ₹125000)"
"698","user_gen_698","brdp20240698@brdpdcsitapur.com","STUDENT","ACTIVE","--","BRDP20240698","Sarita Yadav","Kamlesh Yadav","9129909650","BCA","2024-2027","3","Khairabad, Uttar Pradesh","ACTIVE","20000","20000","0","20000","20000","0","20000","0","20000","20000","0","20000","20000","0","20000","20000","0","20000","120000","40000","80000","PARTIAL","CALL IMMEDIATELY (DUE: ₹80000)"
"699","user_gen_699","brdp20260699@brdpdcsitapur.com","STUDENT","ACTIVE","--","BRDP20260699","Raj Tiwari","Deepak Tiwari","9490165494","BCA","2026-2029","1","Misrikh, Uttar Pradesh","ACTIVE","20000","10000","10000","20000","0","20000","20000","0","20000","20000","0","20000","20000","0","20000","20000","0","20000","120000","10000","110000","PARTIAL","CALL IMMEDIATELY (DUE: ₹110000)"
"700","user_gen_700","brdp20230700@brdpdcsitapur.com","STUDENT","ACTIVE","--","BRDP20230700","Suresh Maurya","Diwakar Maurya","9674113022","MCA","2023-2026","5","Khairabad, Uttar Pradesh","ACTIVE","30000","30000","0","30000","30000","0","30000","30000","0","30000","30000","0","30000","30000","0","30000","0","30000","180000","150000","30000","PARTIAL","CALL IMMEDIATELY (DUE: ₹30000)"
"701","user_gen_701","brdp20250701@brdpdcsitapur.com","STUDENT","ACTIVE","--","BRDP20250701","Sunita Singh","Ashutosh Singh","9222338033","B.Tech CSE","2025-2028","2","Khairabad, Uttar Pradesh","ACTIVE","25000","25000","0","25000","0","25000","25000","0","25000","25000","0","25000","25000","0","25000","25000","0","25000","150000","25000","125000","PARTIAL","CALL IMMEDIATELY (DUE: ₹125000)"
"702","user_gen_702","brdp20230702@brdpdcsitapur.com","STUDENT","ACTIVE","--","BRDP20230702","Sarita Saini","Rekha Saini","9768354367","MCA","2023-2026","5","Lucknow, Uttar Pradesh","ACTIVE","30000","30000","0","30000","30000","0","30000","30000","0","30000","30000","0","30000","19500","10500","30000","0","30000","180000","139500","40500","PARTIAL","CALL IMMEDIATELY (DUE: ₹40500)"
"703","user_gen_703","brdp20230703@brdpdcsitapur.com","STUDENT","ACTIVE","--","BRDP20230703","Ravi Kanaujiya","Pooja Kanaujiya","9955488818","B.Sc","2023-2026","5","Sitapur Sadar, Uttar Pradesh","DELETED","5000","5000","0","5000","5000","0","5000","5000","0","5000","5000","0","5000","3500","1500","5000","0","5000","30000","23500","6500","PARTIAL","CALL IMMEDIATELY (DUE: ₹6500)"
"704","user_gen_704","brdp20240704@brdpdcsitapur.com","STUDENT","ACTIVE","--","BRDP20240704","Ajay Jaiswal","Rekha Jaiswal","9969851518","B.Sc","2024-2027","3","Sidhauli, Uttar Pradesh","ACTIVE","5000","5000","0","5000","5000","0","5000","5000","0","5000","0","5000","5000","0","5000","5000","0","5000","30000","15000","15000","PARTIAL","CALL IMMEDIATELY (DUE: ₹15000)"
"705","user_gen_705","brdp20260705@brdpdcsitapur.com","STUDENT","ACTIVE","--","BRDP20260705","Ashutosh Maurya","Saumya Maurya","9968890923","B.Sc","2026-2029","1","Biswan, Uttar Pradesh","ACTIVE","5000","3500","1500","5000","0","5000","5000","0","5000","5000","0","5000","5000","0","5000","5000","0","5000","30000","3500","26500","PARTIAL","CALL IMMEDIATELY (DUE: ₹26500)"
"706","user_gen_706","brdp20230706@brdpdcsitapur.com","STUDENT","ACTIVE","--","BRDP20230706","Ritu Tripathi","Usha Tripathi","9316369925","MCA","2023-2026","5","Laharpur, Uttar Pradesh","ACTIVE","30000","30000","0","30000","30000","0","30000","30000","0","30000","30000","0","30000","30000","0","30000","0","30000","180000","150000","30000","PARTIAL","CALL IMMEDIATELY (DUE: ₹30000)"
"707","user_gen_707","brdp20240707@brdpdcsitapur.com","STUDENT","ACTIVE","--","BRDP20240707","Rahul Agrahari","Suresh Agrahari","9666822419","B.Sc","2024-2027","3","Lakhimpur Kheri, Uttar Pradesh","ACTIVE","5000","5000","0","5000","5000","0","5000","5000","0","5000","0","5000","5000","0","5000","5000","0","5000","30000","15000","15000","PARTIAL","CALL IMMEDIATELY (DUE: ₹15000)"
"708","user_gen_708","brdp20230708@brdpdcsitapur.com","STUDENT","ACTIVE","--","BRDP20230708","Shivangi Tripathi","Sani Tripathi","9266055207","BA","2023-2026","5","Maholi, Uttar Pradesh","ACTIVE","3000","3000","0","3000","3000","0","3000","3000","0","3000","3000","0","3000","3000","0","3000","0","3000","18000","15000","3000","PARTIAL","CALL IMMEDIATELY (DUE: ₹3000)"
"709","user_gen_709","brdp20230709@brdpdcsitapur.com","STUDENT","ACTIVE","--","BRDP20230709","Asha Jaiswal","Aditya Jaiswal","9696379148","BA","2023-2026","5","Kanpur, Uttar Pradesh","ACTIVE","3000","3000","0","3000","3000","0","3000","3000","0","3000","3000","0","3000","3000","0","3000","0","3000","18000","15000","3000","PARTIAL","CALL IMMEDIATELY (DUE: ₹3000)"
"710","user_gen_710","brdp20260710@brdpdcsitapur.com","STUDENT","ACTIVE","--","BRDP20260710","Nainsi Paswan","Yashee Paswan","9604430020","MCA","2026-2029","1","Hargaon, Uttar Pradesh","ACTIVE","30000","30000","0","30000","0","30000","30000","0","30000","30000","0","30000","30000","0","30000","30000","0","30000","180000","30000","150000","PARTIAL","CALL IMMEDIATELY (DUE: ₹150000)"
"711","user_gen_711","brdp20230711@brdpdcsitapur.com","STUDENT","ACTIVE","--","BRDP20230711","Anita Devi","Seema Devi","9121769005","BBA","2023-2026","5","Patna, Uttar Pradesh","ACTIVE","22000","22000","0","22000","22000","0","22000","22000","0","22000","22000","0","22000","7500","14500","22000","0","22000","132000","95500","36500","PARTIAL","CALL IMMEDIATELY (DUE: ₹36500)"
"712","user_gen_712","brdp20240712@brdpdcsitapur.com","STUDENT","ACTIVE","--","BRDP20240712","Aarya Prajapati","Dharmendra Prajapati","9873400477","BCA","2024-2027","3","Patna, Uttar Pradesh","ACTIVE","20000","20000","0","20000","20000","0","20000","0","20000","20000","0","20000","20000","0","20000","20000","0","20000","120000","40000","80000","PARTIAL","CALL IMMEDIATELY (DUE: ₹80000)"
"713","user_gen_713","brdp20230713@brdpdcsitapur.com","STUDENT","ACTIVE","--","BRDP20230713","Ravi Paswan","Sarita Paswan","9779416720","BA","2023-2026","5","Kanpur, Uttar Pradesh","ACTIVE","3000","3000","0","3000","3000","0","3000","3000","0","3000","3000","0","3000","0","3000","3000","0","3000","18000","12000","6000","PARTIAL","CALL IMMEDIATELY (DUE: ₹6000)"
"714","user_gen_714","brdp20260714@brdpdcsitapur.com","STUDENT","ACTIVE","--","BRDP20260714","Divanshi Agrahari","Sanjay Agrahari","9143822837","MCA","2026-2029","1","Maholi, Uttar Pradesh","ACTIVE","30000","30000","0","30000","0","30000","30000","0","30000","30000","0","30000","30000","0","30000","30000","0","30000","180000","30000","150000","PARTIAL","CALL IMMEDIATELY (DUE: ₹150000)"
"715","user_gen_715","brdp20260715@brdpdcsitapur.com","STUDENT","ACTIVE","--","BRDP20260715","Rohan Yadav","Diwakar Yadav","9234525731","BBA","2026-2029","1","Hargaon, Uttar Pradesh","ACTIVE","22000","22000","0","22000","0","22000","22000","0","22000","22000","0","22000","22000","0","22000","22000","0","22000","132000","22000","110000","PARTIAL","CALL IMMEDIATELY (DUE: ₹110000)"
"716","user_gen_716","brdp20230716@brdpdcsitapur.com","STUDENT","ACTIVE","--","BRDP20230716","Divyanshi Chaurasiya","Rashi Chaurasiya","9104598407","B.Sc","2023-2026","5","Khairabad, Uttar Pradesh","ACTIVE","5000","5000","0","5000","5000","0","5000","5000","0","5000","5000","0","5000","3000","2000","5000","0","5000","30000","23000","7000","PARTIAL","CALL IMMEDIATELY (DUE: ₹7000)"
"717","user_gen_717","brdp20250717@brdpdcsitapur.com","STUDENT","ACTIVE","--","BRDP20250717","Neha Tripathi","Sunil Tripathi","9468786182","B.Tech CSE","2025-2028","2","Laharpur, Uttar Pradesh","ACTIVE","25000","25000","0","25000","25000","0","25000","0","25000","25000","0","25000","25000","0","25000","25000","0","25000","150000","50000","100000","PARTIAL","CALL IMMEDIATELY (DUE: ₹100000)"
"718","user_gen_718","brdp20230718@brdpdcsitapur.com","STUDENT","ACTIVE","--","BRDP20230718","Sangita Khan","Ajay Khan","9403341263","BA","2023-2026","5","Lakhimpur Kheri, Uttar Pradesh","ACTIVE","3000","3000","0","3000","3000","0","3000","3000","0","3000","3000","0","3000","1000","2000","3000","0","3000","18000","13000","5000","PARTIAL","CALL IMMEDIATELY (DUE: ₹5000)"
"719","user_gen_719","brdp20250719@brdpdcsitapur.com","STUDENT","ACTIVE","--","BRDP20250719","Avneesh Yadav","Ramesh Yadav","9566715201","MCA","2025-2028","2","Lakhimpur Kheri, Uttar Pradesh","ACTIVE","30000","30000","0","30000","23000","7000","30000","0","30000","30000","0","30000","30000","0","30000","30000","0","30000","180000","53000","127000","PARTIAL","CALL IMMEDIATELY (DUE: ₹127000)"
"720","user_gen_720","brdp20240720@brdpdcsitapur.com","STUDENT","ACTIVE","--","BRDP20240720","Sangita Prajapati","Rekha Prajapati","9302040178","B.Tech CSE","2024-2027","3","Sidhauli, Uttar Pradesh","ACTIVE","25000","25000","0","25000","25000","0","25000","25000","0","25000","0","25000","25000","0","25000","25000","0","25000","150000","75000","75000","PARTIAL","CALL IMMEDIATELY (DUE: ₹75000)"
"721","user_gen_721","brdp20230721@brdpdcsitapur.com","STUDENT","ACTIVE","--","BRDP20230721","Suresh Yadav","Ananya Yadav","9818424342","BBA","2023-2026","5","Laharpur, Uttar Pradesh","ACTIVE","22000","22000","0","22000","22000","0","22000","22000","0","22000","22000","0","22000","17500","4500","22000","0","22000","132000","105500","26500","PARTIAL","CALL IMMEDIATELY (DUE: ₹26500)"
"722","user_gen_722","brdp20230722@brdpdcsitapur.com","STUDENT","ACTIVE","--","BRDP20230722","Divyanshi Srivastava","Ramesh Srivastava","9165654640","MCA","2023-2026","5","Sidhauli, Uttar Pradesh","ACTIVE","30000","30000","0","30000","30000","0","30000","30000","0","30000","30000","0","30000","0","30000","30000","0","30000","180000","120000","60000","PARTIAL","CALL IMMEDIATELY (DUE: ₹60000)"
"723","user_gen_723","brdp20260723@brdpdcsitapur.com","STUDENT","ACTIVE","--","BRDP20260723","Nainsi Shukla","Pushpendra Shukla","9706661355","BBA","2026-2029","1","Misrikh, Uttar Pradesh","ACTIVE","22000","22000","0","22000","0","22000","22000","0","22000","22000","0","22000","22000","0","22000","22000","0","22000","132000","22000","110000","PARTIAL","CALL IMMEDIATELY (DUE: ₹110000)"
"724","user_gen_724","brdp20240724@brdpdcsitapur.com","STUDENT","ACTIVE","--","BRDP20240724","Vinay Gupta","Satish Gupta","9730491501","BCA","2024-2027","3","Sitapur, Uttar Pradesh","ACTIVE","20000","20000","0","20000","20000","0","20000","6000","14000","20000","0","20000","20000","0","20000","20000","0","20000","120000","46000","74000","PARTIAL","CALL IMMEDIATELY (DUE: ₹74000)"
"725","user_gen_725","brdp20250725@brdpdcsitapur.com","STUDENT","ACTIVE","--","BRDP20250725","Abhishek Devi","Rohan Devi","9486072744","BA","2025-2028","2","Mohali, Uttar Pradesh","ACTIVE","3000","3000","0","3000","1500","1500","3000","0","3000","3000","0","3000","3000","0","3000","3000","0","3000","18000","4500","13500","PARTIAL","CALL IMMEDIATELY (DUE: ₹13500)"
"726","user_gen_726","brdp20250726@brdpdcsitapur.com","STUDENT","ACTIVE","--","BRDP20250726","Aarya Pandey","Suresh Pandey","9560950700","BBA","2025-2028","2","Kanpur, Uttar Pradesh","ACTIVE","22000","22000","0","22000","11000","11000","22000","0","22000","22000","0","22000","22000","0","22000","22000","0","22000","132000","33000","99000","PARTIAL","CALL IMMEDIATELY (DUE: ₹99000)"
"727","user_gen_727","brdp20260727@brdpdcsitapur.com","STUDENT","ACTIVE","--","BRDP20260727","Diwakar Tripathi","Amit Tripathi","9176430065","BA","2026-2029","1","Sitapur Sadar, Uttar Pradesh","ACTIVE","3000","1500","1500","3000","0","3000","3000","0","3000","3000","0","3000","3000","0","3000","3000","0","3000","18000","1500","16500","PARTIAL","CALL IMMEDIATELY (DUE: ₹16500)"
"728","user_gen_728","brdp20260728@brdpdcsitapur.com","STUDENT","ACTIVE","--","BRDP20260728","Ajay Shukla","Sandeep Shukla","9525361575","B.Tech CSE","2026-2029","1","Patna, Uttar Pradesh","ACTIVE","25000","25000","0","25000","0","25000","25000","0","25000","25000","0","25000","25000","0","25000","25000","0","25000","150000","25000","125000","PARTIAL","CALL IMMEDIATELY (DUE: ₹125000)"
"729","user_gen_729","brdp20250729@brdpdcsitapur.com","STUDENT","ACTIVE","--","BRDP20250729","Anamika Rajpoot","Ajay Rajpoot","9676325917","MCA","2025-2028","2","Maholi, Uttar Pradesh","DELETED","30000","30000","0","30000","21500","8500","30000","0","30000","30000","0","30000","30000","0","30000","30000","0","30000","180000","51500","128500","PARTIAL","CALL IMMEDIATELY (DUE: ₹128500)"
"730","user_gen_730","brdp20230730@brdpdcsitapur.com","STUDENT","ACTIVE","--","BRDP20230730","Manish Singh","Divyanshi Singh","9967123296","BA","2023-2026","5","Laharpur, Uttar Pradesh","ACTIVE","3000","3000","0","3000","3000","0","3000","3000","0","3000","3000","0","3000","2000","1000","3000","0","3000","18000","14000","4000","PARTIAL","CALL IMMEDIATELY (DUE: ₹4000)"
"731","user_gen_731","brdp20240731@brdpdcsitapur.com","STUDENT","ACTIVE","--","BRDP20240731","Satish Pandey","Ashish Pandey","9346406570","B.Tech CSE","2024-2027","3","Biswan, Uttar Pradesh","ACTIVE","25000","25000","0","25000","25000","0","25000","18000","7000","25000","0","25000","25000","0","25000","25000","0","25000","150000","68000","82000","PARTIAL","CALL IMMEDIATELY (DUE: ₹82000)"
"732","user_gen_732","brdp20250732@brdpdcsitapur.com","STUDENT","ACTIVE","--","BRDP20250732","Vikas Chaurasiya","Abhishek Chaurasiya","9229336055","BBA","2025-2028","2","Sidhauli, Uttar Pradesh","ACTIVE","22000","22000","0","22000","0","22000","22000","0","22000","22000","0","22000","22000","0","22000","22000","0","22000","132000","22000","110000","PARTIAL","CALL IMMEDIATELY (DUE: ₹110000)"
"733","user_gen_733","brdp20230733@brdpdcsitapur.com","STUDENT","ACTIVE","--","BRDP20230733","Pinku Gautam","Pinku Gautam","9131166824","BBA","2023-2026","5","Hargaon, Uttar Pradesh","ACTIVE","22000","22000","0","22000","22000","0","22000","22000","0","22000","22000","0","22000","13000","9000","22000","0","22000","132000","101000","31000","PARTIAL","CALL IMMEDIATELY (DUE: ₹31000)"
"734","user_gen_734","brdp20230734@brdpdcsitapur.com","STUDENT","ACTIVE","--","BRDP20230734","Deepa Tiwari","Saumya Tiwari","9702503217","B.Tech CSE","2023-2026","5","Khairabad, Uttar Pradesh","ACTIVE","25000","25000","0","25000","25000","0","25000","25000","0","25000","25000","0","25000","17000","8000","25000","0","25000","150000","117000","33000","PARTIAL","CALL IMMEDIATELY (DUE: ₹33000)"
"735","user_gen_735","brdp20240735@brdpdcsitapur.com","STUDENT","ACTIVE","--","BRDP20240735","Deepa Maurya","Nainsi Maurya","9847493802","BCA","2024-2027","3","Sitapur Sadar, Uttar Pradesh","ACTIVE","20000","20000","0","20000","20000","0","20000","20000","0","20000","0","20000","20000","0","20000","20000","0","20000","120000","60000","60000","PARTIAL","CALL IMMEDIATELY (DUE: ₹60000)"
"736","user_gen_736","brdp20230736@brdpdcsitapur.com","STUDENT","ACTIVE","--","BRDP20230736","Aarav Dwivedi","Priya Dwivedi","9212802807","BCA","2023-2026","5","Lucknow, Uttar Pradesh","ACTIVE","20000","20000","0","20000","20000","0","20000","20000","0","20000","20000","0","20000","12500","7500","20000","0","20000","120000","92500","27500","PARTIAL","CALL IMMEDIATELY (DUE: ₹27500)"
"737","user_gen_737","brdp20230737@brdpdcsitapur.com","STUDENT","ACTIVE","--","BRDP20230737","Rekha Giri","Saumya Giri","9390827361","B.Sc","2023-2026","5","Kanpur, Uttar Pradesh","ACTIVE","5000","5000","0","5000","5000","0","5000","5000","0","5000","5000","0","5000","5000","0","5000","0","5000","30000","25000","5000","PARTIAL","CALL IMMEDIATELY (DUE: ₹5000)"
"738","user_gen_738","brdp20230738@brdpdcsitapur.com","STUDENT","ACTIVE","--","BRDP20230738","Ankul Giri","Suman Giri","9836656108","BCA","2023-2026","5","Sidhauli, Uttar Pradesh","ACTIVE","20000","20000","0","20000","20000","0","20000","20000","0","20000","20000","0","20000","0","20000","20000","0","20000","120000","80000","40000","PARTIAL","CALL IMMEDIATELY (DUE: ₹40000)"
"739","user_gen_739","brdp20260739@brdpdcsitapur.com","STUDENT","ACTIVE","--","BRDP20260739","Ashutosh Yadav","Usha Yadav","9489349904","B.Tech CSE","2026-2029","1","Lucknow, Uttar Pradesh","ACTIVE","25000","16500","8500","25000","0","25000","25000","0","25000","25000","0","25000","25000","0","25000","25000","0","25000","150000","16500","133500","PARTIAL","CALL IMMEDIATELY (DUE: ₹133500)"
"740","user_gen_740","brdp20260740@brdpdcsitapur.com","STUDENT","ACTIVE","--","BRDP20260740","Saurabh Gautam","Sandeep Gautam","9147268044","MCA","2026-2029","1","Mohali, Uttar Pradesh","ACTIVE","30000","30000","0","30000","0","30000","30000","0","30000","30000","0","30000","30000","0","30000","30000","0","30000","180000","30000","150000","PARTIAL","CALL IMMEDIATELY (DUE: ₹150000)"
"741","user_gen_741","brdp20260741@brdpdcsitapur.com","STUDENT","ACTIVE","--","BRDP20260741","Ankul Singh","Divanshi Singh","9901360846","BCA","2026-2029","1","Laharpur, Uttar Pradesh","ACTIVE","20000","0","20000","20000","0","20000","20000","0","20000","20000","0","20000","20000","0","20000","20000","0","20000","120000","0","120000","PENDING","CALL IMMEDIATELY (DUE: ₹120000)"
"742","user_gen_742","brdp20250742@brdpdcsitapur.com","STUDENT","ACTIVE","--","BRDP20250742","Sarita Mishra","Iliyash Mishra","9871615140","BA","2025-2028","2","Sidhauli, Uttar Pradesh","ACTIVE","3000","3000","0","3000","3000","0","3000","0","3000","3000","0","3000","3000","0","3000","3000","0","3000","18000","6000","12000","PARTIAL","CALL IMMEDIATELY (DUE: ₹12000)"
"743","user_gen_743","brdp20250743@brdpdcsitapur.com","STUDENT","ACTIVE","--","BRDP20250743","Mahek Giri","Sangita Giri","9518397844","BCA","2025-2028","2","Lucknow, Uttar Pradesh","ACTIVE","20000","20000","0","20000","0","20000","20000","0","20000","20000","0","20000","20000","0","20000","20000","0","20000","120000","20000","100000","PARTIAL","CALL IMMEDIATELY (DUE: ₹100000)"
"744","user_gen_744","brdp20250744@brdpdcsitapur.com","STUDENT","ACTIVE","--","BRDP20250744","Deepak Dubey","Priya Dubey","9865854769","B.Tech CSE","2025-2028","2","Mohali, Uttar Pradesh","ACTIVE","25000","25000","0","25000","15000","10000","25000","0","25000","25000","0","25000","25000","0","25000","25000","0","25000","150000","40000","110000","PARTIAL","CALL IMMEDIATELY (DUE: ₹110000)"
"745","user_gen_745","brdp20240745@brdpdcsitapur.com","STUDENT","ACTIVE","--","BRDP20240745","Manoj Prajapati","Seema Prajapati","9506424989","BCA","2024-2027","3","Laharpur, Uttar Pradesh","DELETED","20000","20000","0","20000","20000","0","20000","7000","13000","20000","0","20000","20000","0","20000","20000","0","20000","120000","47000","73000","PARTIAL","CALL IMMEDIATELY (DUE: ₹73000)"
"746","user_gen_746","brdp20260746@brdpdcsitapur.com","STUDENT","ACTIVE","--","BRDP20260746","Priya Jaiswal","Aarya Jaiswal","9603434073","MCA","2026-2029","1","Sitapur Sadar, Uttar Pradesh","ACTIVE","30000","30000","0","30000","0","30000","30000","0","30000","30000","0","30000","30000","0","30000","30000","0","30000","180000","30000","150000","PARTIAL","CALL IMMEDIATELY (DUE: ₹150000)"
"747","user_gen_747","brdp20260747@brdpdcsitapur.com","STUDENT","ACTIVE","--","BRDP20260747","Avneesh Agrahari","Suman Agrahari","9371701541","B.Sc","2026-2029","1","Kanpur, Uttar Pradesh","ACTIVE","5000","3000","2000","5000","0","5000","5000","0","5000","5000","0","5000","5000","0","5000","5000","0","5000","30000","3000","27000","PARTIAL","CALL IMMEDIATELY (DUE: ₹27000)"
"748","user_gen_748","brdp20260748@brdpdcsitapur.com","STUDENT","ACTIVE","--","BRDP20260748","Ankul Paswan","Rekha Paswan","9111370412","BA","2026-2029","1","Sitapur Sadar, Uttar Pradesh","ACTIVE","3000","3000","0","3000","0","3000","3000","0","3000","3000","0","3000","3000","0","3000","3000","0","3000","18000","3000","15000","PARTIAL","CALL IMMEDIATELY (DUE: ₹15000)"
"749","user_gen_749","brdp20230749@brdpdcsitapur.com","STUDENT","ACTIVE","--","BRDP20230749","Yashee Dubey","Naimish Dubey","9631449856","BA","2023-2026","5","Sitapur, Uttar Pradesh","ACTIVE","3000","3000","0","3000","3000","0","3000","3000","0","3000","3000","0","3000","3000","0","3000","0","3000","18000","15000","3000","PARTIAL","CALL IMMEDIATELY (DUE: ₹3000)"
"750","user_gen_750","brdp20240750@brdpdcsitapur.com","STUDENT","ACTIVE","--","BRDP20240750","Deepa Tripathi","Sonika Tripathi","9784149219","BCA","2024-2027","3","Kanpur, Uttar Pradesh","ACTIVE","20000","20000","0","20000","20000","0","20000","10000","10000","20000","0","20000","20000","0","20000","20000","0","20000","120000","50000","70000","PARTIAL","CALL IMMEDIATELY (DUE: ₹70000)"
"751","user_gen_751","brdp20230751@brdpdcsitapur.com","STUDENT","ACTIVE","--","BRDP20230751","Usha Kanaujiya","Sonu Kanaujiya","9512347585","BCA","2023-2026","5","Sitapur, Uttar Pradesh","DELETED","20000","20000","0","20000","20000","0","20000","20000","0","20000","20000","0","20000","12000","8000","20000","0","20000","120000","92000","28000","PARTIAL","CALL IMMEDIATELY (DUE: ₹28000)"
"752","user_gen_752","brdp20250752@brdpdcsitapur.com","STUDENT","ACTIVE","--","BRDP20250752","Ashish Rajpoot","Shivangi Rajpoot","9742587108","MCA","2025-2028","2","Lakhimpur Kheri, Uttar Pradesh","ACTIVE","30000","30000","0","30000","30000","0","30000","0","30000","30000","0","30000","30000","0","30000","30000","0","30000","180000","60000","120000","PARTIAL","CALL IMMEDIATELY (DUE: ₹120000)"
"753","user_gen_753","brdp20250753@brdpdcsitapur.com","STUDENT","ACTIVE","--","BRDP20250753","Asha Rajpoot","Priya Rajpoot","9661974577","B.Tech CSE","2025-2028","2","Sidhauli, Uttar Pradesh","ACTIVE","25000","25000","0","25000","9000","16000","25000","0","25000","25000","0","25000","25000","0","25000","25000","0","25000","150000","34000","116000","PARTIAL","CALL IMMEDIATELY (DUE: ₹116000)"
"754","user_gen_754","brdp20260754@brdpdcsitapur.com","STUDENT","ACTIVE","--","BRDP20260754","Ashutosh Chaurasiya","Dipanshi Chaurasiya","9735825092","BA","2026-2029","1","Patna, Uttar Pradesh","ACTIVE","3000","0","3000","3000","0","3000","3000","0","3000","3000","0","3000","3000","0","3000","3000","0","3000","18000","0","18000","PENDING","CALL IMMEDIATELY (DUE: ₹18000)"
"755","user_gen_755","brdp20260755@brdpdcsitapur.com","STUDENT","ACTIVE","--","BRDP20260755","Anamika Tripathi","Ramesh Tripathi","9984091324","B.Sc","2026-2029","1","Misrikh, Uttar Pradesh","ACTIVE","5000","4000","1000","5000","0","5000","5000","0","5000","5000","0","5000","5000","0","5000","5000","0","5000","30000","4000","26000","PARTIAL","CALL IMMEDIATELY (DUE: ₹26000)"
"756","user_gen_756","brdp20250756@brdpdcsitapur.com","STUDENT","ACTIVE","--","BRDP20250756","Priya Agrahari","Ramesh Agrahari","9255308716","B.Tech CSE","2025-2028","2","Hargaon, Uttar Pradesh","ACTIVE","25000","25000","0","25000","25000","0","25000","0","25000","25000","0","25000","25000","0","25000","25000","0","25000","150000","50000","100000","PARTIAL","CALL IMMEDIATELY (DUE: ₹100000)"
"757","user_gen_757","brdp20250757@brdpdcsitapur.com","STUDENT","ACTIVE","--","BRDP20250757","Vinod Tripathi","Subhendu Tripathi","9871265724","BBA","2025-2028","2","Khairabad, Uttar Pradesh","ACTIVE","22000","22000","0","22000","22000","0","22000","0","22000","22000","0","22000","22000","0","22000","22000","0","22000","132000","44000","88000","PARTIAL","CALL IMMEDIATELY (DUE: ₹88000)"
"758","user_gen_758","brdp20240758@brdpdcsitapur.com","STUDENT","ACTIVE","--","BRDP20240758","Vishal Gupta","Anjali Gupta","9556991377","B.Tech CSE","2024-2027","3","Khairabad, Uttar Pradesh","ACTIVE","25000","25000","0","25000","25000","0","25000","11500","13500","25000","0","25000","25000","0","25000","25000","0","25000","150000","61500","88500","PARTIAL","CALL IMMEDIATELY (DUE: ₹88500)"
"759","user_gen_759","brdp20240759@brdpdcsitapur.com","STUDENT","ACTIVE","--","BRDP20240759","Ajay Rajpoot","Sangita Rajpoot","9402992074","MCA","2024-2027","3","Patna, Uttar Pradesh","ACTIVE","30000","30000","0","30000","30000","0","30000","0","30000","30000","0","30000","30000","0","30000","30000","0","30000","180000","60000","120000","PARTIAL","CALL IMMEDIATELY (DUE: ₹120000)"
"760","user_gen_760","brdp20260760@brdpdcsitapur.com","STUDENT","ACTIVE","--","BRDP20260760","Saurabh Kumar","Naimish Kumar","9600498845","BA","2026-2029","1","Hargaon, Uttar Pradesh","ACTIVE","3000","0","3000","3000","0","3000","3000","0","3000","3000","0","3000","3000","0","3000","3000","0","3000","18000","0","18000","PENDING","CALL IMMEDIATELY (DUE: ₹18000)"
"761","user_gen_761","brdp20250761@brdpdcsitapur.com","STUDENT","ACTIVE","--","BRDP20250761","Meena Dubey","Sonika Dubey","9848350079","B.Sc","2025-2028","2","Sitapur, Uttar Pradesh","ACTIVE","5000","5000","0","5000","5000","0","5000","0","5000","5000","0","5000","5000","0","5000","5000","0","5000","30000","10000","20000","PARTIAL","CALL IMMEDIATELY (DUE: ₹20000)"
"762","user_gen_762","brdp20260762@brdpdcsitapur.com","STUDENT","ACTIVE","--","BRDP20260762","Neha Khan","Deepika Khan","9468441184","BA","2026-2029","1","Biswan, Uttar Pradesh","ACTIVE","3000","3000","0","3000","0","3000","3000","0","3000","3000","0","3000","3000","0","3000","3000","0","3000","18000","3000","15000","PARTIAL","CALL IMMEDIATELY (DUE: ₹15000)"
"763","user_gen_763","brdp20240763@brdpdcsitapur.com","STUDENT","ACTIVE","--","BRDP20240763","Vivek Tripathi","Anjali Tripathi","9466909457","BA","2024-2027","3","Sitapur, Uttar Pradesh","ACTIVE","3000","3000","0","3000","3000","0","3000","0","3000","3000","0","3000","3000","0","3000","3000","0","3000","18000","6000","12000","PARTIAL","CALL IMMEDIATELY (DUE: ₹12000)"
"764","user_gen_764","brdp20240764@brdpdcsitapur.com","STUDENT","ACTIVE","--","BRDP20240764","Raj Sharma","Pari Sharma","9144560110","BA","2024-2027","3","Sidhauli, Uttar Pradesh","ACTIVE","3000","3000","0","3000","3000","0","3000","0","3000","3000","0","3000","3000","0","3000","3000","0","3000","18000","6000","12000","PARTIAL","CALL IMMEDIATELY (DUE: ₹12000)"
"765","user_gen_765","brdp20230765@brdpdcsitapur.com","STUDENT","ACTIVE","--","BRDP20230765","Vinay Giri","Amit Giri","9948253180","BCA","2023-2026","5","Biswan, Uttar Pradesh","ACTIVE","20000","20000","0","20000","20000","0","20000","20000","0","20000","20000","0","20000","20000","0","20000","0","20000","120000","100000","20000","PARTIAL","CALL IMMEDIATELY (DUE: ₹20000)"
"766","user_gen_766","brdp20260766@brdpdcsitapur.com","STUDENT","ACTIVE","--","BRDP20260766","Sandeep Dubey","Saurabh Dubey","9659100858","BBA","2026-2029","1","Kanpur, Uttar Pradesh","ACTIVE","22000","22000","0","22000","0","22000","22000","0","22000","22000","0","22000","22000","0","22000","22000","0","22000","132000","22000","110000","PARTIAL","CALL IMMEDIATELY (DUE: ₹110000)"
"767","user_gen_767","brdp20230767@brdpdcsitapur.com","STUDENT","ACTIVE","--","BRDP20230767","Subhendu Agrahari","Seema Agrahari","9759252578","BBA","2023-2026","5","Misrikh, Uttar Pradesh","ACTIVE","22000","22000","0","22000","22000","0","22000","22000","0","22000","22000","0","22000","17000","5000","22000","0","22000","132000","105000","27000","PARTIAL","CALL IMMEDIATELY (DUE: ₹27000)"
"768","user_gen_768","brdp20250768@brdpdcsitapur.com","STUDENT","ACTIVE","--","BRDP20250768","Rajesh Rathour","Neha Rathour","9713880863","BCA","2025-2028","2","Sitapur, Uttar Pradesh","ACTIVE","20000","20000","0","20000","9000","11000","20000","0","20000","20000","0","20000","20000","0","20000","20000","0","20000","120000","29000","91000","PARTIAL","CALL IMMEDIATELY (DUE: ₹91000)"
"769","user_gen_769","brdp20230769@brdpdcsitapur.com","STUDENT","ACTIVE","--","BRDP20230769","Seema Pandey","Vikas Pandey","9784758124","B.Tech CSE","2023-2026","5","Misrikh, Uttar Pradesh","ACTIVE","25000","25000","0","25000","25000","0","25000","25000","0","25000","25000","0","25000","25000","0","25000","0","25000","150000","125000","25000","PARTIAL","CALL IMMEDIATELY (DUE: ₹25000)"
"770","user_gen_770","brdp20260770@brdpdcsitapur.com","STUDENT","ACTIVE","--","BRDP20260770","Sonu Tiwari","Ajay Tiwari","9191092972","BBA","2026-2029","1","Maholi, Uttar Pradesh","ACTIVE","22000","22000","0","22000","0","22000","22000","0","22000","22000","0","22000","22000","0","22000","22000","0","22000","132000","22000","110000","PARTIAL","CALL IMMEDIATELY (DUE: ₹110000)"
"771","user_gen_771","brdp20260771@brdpdcsitapur.com","STUDENT","ACTIVE","--","BRDP20260771","Kamlesh Shukla","Vivek Shukla","9257817782","MCA","2026-2029","1","Patna, Uttar Pradesh","ACTIVE","30000","30000","0","30000","0","30000","30000","0","30000","30000","0","30000","30000","0","30000","30000","0","30000","180000","30000","150000","PARTIAL","CALL IMMEDIATELY (DUE: ₹150000)"
"772","user_gen_772","brdp20260772@brdpdcsitapur.com","STUDENT","ACTIVE","--","BRDP20260772","Shivani Yadav","Sonu Yadav","9702627848","BBA","2026-2029","1","Sitapur Sadar, Uttar Pradesh","ACTIVE","22000","22000","0","22000","0","22000","22000","0","22000","22000","0","22000","22000","0","22000","22000","0","22000","132000","22000","110000","PARTIAL","CALL IMMEDIATELY (DUE: ₹110000)"
"773","user_gen_773","brdp20240773@brdpdcsitapur.com","STUDENT","ACTIVE","--","BRDP20240773","Vinay Kumar","Ramesh Kumar","9709720816","BA","2024-2027","3","Lakhimpur Kheri, Uttar Pradesh","ACTIVE","3000","3000","0","3000","3000","0","3000","3000","0","3000","0","3000","3000","0","3000","3000","0","3000","18000","9000","9000","PARTIAL","CALL IMMEDIATELY (DUE: ₹9000)"
"774","user_gen_774","brdp20250774@brdpdcsitapur.com","STUDENT","ACTIVE","--","BRDP20250774","Saumya Kashyap","Adarsh Kashyap","9787027708","BA","2025-2028","2","Hargaon, Uttar Pradesh","ACTIVE","3000","3000","0","3000","0","3000","3000","0","3000","3000","0","3000","3000","0","3000","3000","0","3000","18000","3000","15000","PARTIAL","CALL IMMEDIATELY (DUE: ₹15000)"
"775","user_gen_775","brdp20260775@brdpdcsitapur.com","STUDENT","ACTIVE","--","BRDP20260775","Gudiya Saini","Nainsi Saini","9586723868","B.Sc","2026-2029","1","Maholi, Uttar Pradesh","ACTIVE","5000","5000","0","5000","0","5000","5000","0","5000","5000","0","5000","5000","0","5000","5000","0","5000","30000","5000","25000","PARTIAL","CALL IMMEDIATELY (DUE: ₹25000)"
"776","user_gen_776","brdp20260776@brdpdcsitapur.com","STUDENT","ACTIVE","--","BRDP20260776","Suresh Maurya","Laxmi Maurya","9431576717","B.Tech CSE","2026-2029","1","Sidhauli, Uttar Pradesh","ACTIVE","25000","13000","12000","25000","0","25000","25000","0","25000","25000","0","25000","25000","0","25000","25000","0","25000","150000","13000","137000","PARTIAL","CALL IMMEDIATELY (DUE: ₹137000)"
"777","user_gen_777","brdp20250777@brdpdcsitapur.com","STUDENT","ACTIVE","--","BRDP20250777","Dharmendra Dubey","Vijay Dubey","9573221888","B.Tech CSE","2025-2028","2","Sitapur Sadar, Uttar Pradesh","ACTIVE","25000","25000","0","25000","11500","13500","25000","0","25000","25000","0","25000","25000","0","25000","25000","0","25000","150000","36500","113500","PARTIAL","CALL IMMEDIATELY (DUE: ₹113500)"
"778","user_gen_778","brdp20230778@brdpdcsitapur.com","STUDENT","ACTIVE","--","BRDP20230778","Vinay Kashyap","Vishal Kashyap","9613551346","BBA","2023-2026","5","Sitapur Sadar, Uttar Pradesh","ACTIVE","22000","22000","0","22000","22000","0","22000","22000","0","22000","22000","0","22000","9500","12500","22000","0","22000","132000","97500","34500","PARTIAL","CALL IMMEDIATELY (DUE: ₹34500)"
"779","user_gen_779","brdp20230779@brdpdcsitapur.com","STUDENT","ACTIVE","--","BRDP20230779","Seema Yadav","Ajay Yadav","9853962728","BA","2023-2026","5","Khairabad, Uttar Pradesh","ACTIVE","3000","3000","0","3000","3000","0","3000","3000","0","3000","3000","0","3000","3000","0","3000","0","3000","18000","15000","3000","PARTIAL","CALL IMMEDIATELY (DUE: ₹3000)"
"780","user_gen_780","brdp20240780@brdpdcsitapur.com","STUDENT","ACTIVE","--","BRDP20240780","Pinku Singh","Pari Singh","9875596282","MCA","2024-2027","3","Misrikh, Uttar Pradesh","ACTIVE","30000","30000","0","30000","30000","0","30000","30000","0","30000","0","30000","30000","0","30000","30000","0","30000","180000","90000","90000","PARTIAL","CALL IMMEDIATELY (DUE: ₹90000)"
"781","user_gen_781","brdp20230781@brdpdcsitapur.com","STUDENT","ACTIVE","--","BRDP20230781","Sonika Gupta","Sonu Gupta","9112119378","BBA","2023-2026","5","Misrikh, Uttar Pradesh","ACTIVE","22000","22000","0","22000","22000","0","22000","22000","0","22000","22000","0","22000","22000","0","22000","0","22000","132000","110000","22000","PARTIAL","CALL IMMEDIATELY (DUE: ₹22000)"
"782","user_gen_782","brdp20250782@brdpdcsitapur.com","STUDENT","ACTIVE","--","BRDP20250782","Ananya Jaiswal","Pinku Jaiswal","9785885781","B.Tech CSE","2025-2028","2","Sidhauli, Uttar Pradesh","ACTIVE","25000","25000","0","25000","18000","7000","25000","0","25000","25000","0","25000","25000","0","25000","25000","0","25000","150000","43000","107000","PARTIAL","CALL IMMEDIATELY (DUE: ₹107000)"
"783","user_gen_783","brdp20240783@brdpdcsitapur.com","STUDENT","ACTIVE","--","BRDP20240783","Sarita Pandey","Anjali Pandey","9777662847","BA","2024-2027","3","Khairabad, Uttar Pradesh","ACTIVE","3000","3000","0","3000","3000","0","3000","0","3000","3000","0","3000","3000","0","3000","3000","0","3000","18000","6000","12000","PARTIAL","CALL IMMEDIATELY (DUE: ₹12000)"
"784","user_gen_784","brdp20240784@brdpdcsitapur.com","STUDENT","ACTIVE","--","BRDP20240784","Saumya Prajapati","Amit Prajapati","9769972230","B.Sc","2024-2027","3","Biswan, Uttar Pradesh","ACTIVE","5000","5000","0","5000","5000","0","5000","0","5000","5000","0","5000","5000","0","5000","5000","0","5000","30000","10000","20000","PARTIAL","CALL IMMEDIATELY (DUE: ₹20000)"
"785","user_gen_785","brdp20230785@brdpdcsitapur.com","STUDENT","ACTIVE","--","BRDP20230785","Alok Kashyap","Aditya Kashyap","9760581242","MCA","2023-2026","5","Mohali, Uttar Pradesh","ACTIVE","30000","30000","0","30000","30000","0","30000","30000","0","30000","30000","0","30000","23500","6500","30000","0","30000","180000","143500","36500","PARTIAL","CALL IMMEDIATELY (DUE: ₹36500)"
"786","user_gen_786","brdp20230786@brdpdcsitapur.com","STUDENT","ACTIVE","--","BRDP20230786","Yashee Pal","Amit Pal","9501988760","B.Tech CSE","2023-2026","5","Kanpur, Uttar Pradesh","ACTIVE","25000","25000","0","25000","25000","0","25000","25000","0","25000","25000","0","25000","9500","15500","25000","0","25000","150000","109500","40500","PARTIAL","CALL IMMEDIATELY (DUE: ₹40500)"
"787","user_gen_787","brdp20240787@brdpdcsitapur.com","STUDENT","ACTIVE","--","BRDP20240787","Adarsh Yadav","Ashish Yadav","9936837052","BA","2024-2027","3","Sitapur Sadar, Uttar Pradesh","ACTIVE","3000","3000","0","3000","3000","0","3000","3000","0","3000","0","3000","3000","0","3000","3000","0","3000","18000","9000","9000","PARTIAL","CALL IMMEDIATELY (DUE: ₹9000)"
"788","user_gen_788","brdp20240788@brdpdcsitapur.com","STUDENT","ACTIVE","--","BRDP20240788","Asha Gupta","Neha Gupta","9845936130","BA","2024-2027","3","Mohali, Uttar Pradesh","ACTIVE","3000","3000","0","3000","3000","0","3000","3000","0","3000","0","3000","3000","0","3000","3000","0","3000","18000","9000","9000","PARTIAL","CALL IMMEDIATELY (DUE: ₹9000)"
"789","user_gen_789","brdp20250789@brdpdcsitapur.com","STUDENT","ACTIVE","--","BRDP20250789","Sonika Prajapati","Shivangi Prajapati","9441738702","BCA","2025-2028","2","Khairabad, Uttar Pradesh","ACTIVE","20000","20000","0","20000","20000","0","20000","0","20000","20000","0","20000","20000","0","20000","20000","0","20000","120000","40000","80000","PARTIAL","CALL IMMEDIATELY (DUE: ₹80000)"
"790","user_gen_790","brdp20260790@brdpdcsitapur.com","STUDENT","ACTIVE","--","BRDP20260790","Vinay Agrahari","Sunil Agrahari","9688960667","B.Sc","2026-2029","1","Maholi, Uttar Pradesh","ACTIVE","5000","5000","0","5000","0","5000","5000","0","5000","5000","0","5000","5000","0","5000","5000","0","5000","30000","5000","25000","PARTIAL","CALL IMMEDIATELY (DUE: ₹25000)"
"791","user_gen_791","brdp20250791@brdpdcsitapur.com","STUDENT","ACTIVE","--","BRDP20250791","Yashee Pal","Vinod Pal","9726339332","B.Tech CSE","2025-2028","2","Sitapur, Uttar Pradesh","ACTIVE","25000","25000","0","25000","25000","0","25000","0","25000","25000","0","25000","25000","0","25000","25000","0","25000","150000","50000","100000","PARTIAL","CALL IMMEDIATELY (DUE: ₹100000)"
"792","user_gen_792","brdp20250792@brdpdcsitapur.com","STUDENT","ACTIVE","--","BRDP20250792","Manish Pal","Deepak Pal","9626602209","BCA","2025-2028","2","Misrikh, Uttar Pradesh","ACTIVE","20000","20000","0","20000","8000","12000","20000","0","20000","20000","0","20000","20000","0","20000","20000","0","20000","120000","28000","92000","PARTIAL","CALL IMMEDIATELY (DUE: ₹92000)"
"793","user_gen_793","brdp20240793@brdpdcsitapur.com","STUDENT","ACTIVE","--","BRDP20240793","Shivangi Jaiswal","Sonu Jaiswal","9803638192","BBA","2024-2027","3","Misrikh, Uttar Pradesh","ACTIVE","22000","22000","0","22000","22000","0","22000","12000","10000","22000","0","22000","22000","0","22000","22000","0","22000","132000","56000","76000","PARTIAL","CALL IMMEDIATELY (DUE: ₹76000)"
"794","user_gen_794","brdp20250794@brdpdcsitapur.com","STUDENT","ACTIVE","--","BRDP20250794","Pushpendra Kashyap","Satish Kashyap","9202464392","BBA","2025-2028","2","Mohali, Uttar Pradesh","ACTIVE","22000","22000","0","22000","22000","0","22000","0","22000","22000","0","22000","22000","0","22000","22000","0","22000","132000","44000","88000","PARTIAL","CALL IMMEDIATELY (DUE: ₹88000)"
"795","user_gen_795","brdp20230795@brdpdcsitapur.com","STUDENT","ACTIVE","--","BRDP20230795","Aditya Pal","Sandeep Pal","9670653846","BBA","2023-2026","5","Sitapur, Uttar Pradesh","ACTIVE","22000","22000","0","22000","22000","0","22000","22000","0","22000","22000","0","22000","22000","0","22000","0","22000","132000","110000","22000","PARTIAL","CALL IMMEDIATELY (DUE: ₹22000)"
"796","user_gen_796","brdp20250796@brdpdcsitapur.com","STUDENT","ACTIVE","--","BRDP20250796","Divyanshi Rajpoot","Suman Rajpoot","9737934465","BA","2025-2028","2","Laharpur, Uttar Pradesh","ACTIVE","3000","3000","0","3000","3000","0","3000","0","3000","3000","0","3000","3000","0","3000","3000","0","3000","18000","6000","12000","PARTIAL","CALL IMMEDIATELY (DUE: ₹12000)"
"797","user_gen_797","brdp20250797@brdpdcsitapur.com","STUDENT","ACTIVE","--","BRDP20250797","Ritu Kashyap","Aarav Kashyap","9927355066","BCA","2025-2028","2","Lakhimpur Kheri, Uttar Pradesh","ACTIVE","20000","20000","0","20000","0","20000","20000","0","20000","20000","0","20000","20000","0","20000","20000","0","20000","120000","20000","100000","PARTIAL","CALL IMMEDIATELY (DUE: ₹100000)"
"798","user_gen_798","brdp20260798@brdpdcsitapur.com","STUDENT","ACTIVE","--","BRDP20260798","Aditya Giri","Pushpendra Giri","9847178492","BCA","2026-2029","1","Maholi, Uttar Pradesh","ACTIVE","20000","20000","0","20000","0","20000","20000","0","20000","20000","0","20000","20000","0","20000","20000","0","20000","120000","20000","100000","PARTIAL","CALL IMMEDIATELY (DUE: ₹100000)"
"799","user_gen_799","brdp20240799@brdpdcsitapur.com","STUDENT","ACTIVE","--","BRDP20240799","Sarita Dwivedi","Naimish Dwivedi","9966348994","B.Sc","2024-2027","3","Khairabad, Uttar Pradesh","ACTIVE","5000","5000","0","5000","5000","0","5000","5000","0","5000","0","5000","5000","0","5000","5000","0","5000","30000","15000","15000","PARTIAL","CALL IMMEDIATELY (DUE: ₹15000)"
"800","user_gen_800","brdp20260800@brdpdcsitapur.com","STUDENT","ACTIVE","--","BRDP20260800","Rajesh Mishra","Rohan Mishra","9212641448","MCA","2026-2029","1","Sitapur Sadar, Uttar Pradesh","ACTIVE","30000","30000","0","30000","0","30000","30000","0","30000","30000","0","30000","30000","0","30000","30000","0","30000","180000","30000","150000","PARTIAL","CALL IMMEDIATELY (DUE: ₹150000)"
"801","user_gen_801","brdp20250801@brdpdcsitapur.com","STUDENT","ACTIVE","--","BRDP20250801","Saumya Jaiswal","Sonika Jaiswal","9180529262","B.Tech CSE","2025-2028","2","Sitapur, Uttar Pradesh","ACTIVE","25000","25000","0","25000","25000","0","25000","0","25000","25000","0","25000","25000","0","25000","25000","0","25000","150000","50000","100000","PARTIAL","CALL IMMEDIATELY (DUE: ₹100000)"
"802","user_gen_802","brdp20240802@brdpdcsitapur.com","STUDENT","ACTIVE","--","BRDP20240802","Kamlesh Shukla","Sonika Shukla","9642562536","B.Tech CSE","2024-2027","3","Patna, Uttar Pradesh","ACTIVE","25000","25000","0","25000","25000","0","25000","25000","0","25000","0","25000","25000","0","25000","25000","0","25000","150000","75000","75000","PARTIAL","CALL IMMEDIATELY (DUE: ₹75000)"
"803","user_gen_803","brdp20240803@brdpdcsitapur.com","STUDENT","ACTIVE","--","BRDP20240803","Divyanshi Saini","Vivek Saini","9256916066","BBA","2024-2027","3","Lucknow, Uttar Pradesh","ACTIVE","22000","22000","0","22000","22000","0","22000","22000","0","22000","0","22000","22000","0","22000","22000","0","22000","132000","66000","66000","PARTIAL","CALL IMMEDIATELY (DUE: ₹66000)"
"804","user_gen_804","brdp20260804@brdpdcsitapur.com","STUDENT","ACTIVE","--","BRDP20260804","Manish Singh","Rohan Singh","9725211328","B.Tech CSE","2026-2029","1","Lakhimpur Kheri, Uttar Pradesh","ACTIVE","25000","0","25000","25000","0","25000","25000","0","25000","25000","0","25000","25000","0","25000","25000","0","25000","150000","0","150000","PENDING","CALL IMMEDIATELY (DUE: ₹150000)"
"805","user_gen_805","brdp20260805@brdpdcsitapur.com","STUDENT","ACTIVE","--","BRDP20260805","Raj Dwivedi","Gudiya Dwivedi","9658302194","BBA","2026-2029","1","Sitapur, Uttar Pradesh","ACTIVE","22000","0","22000","22000","0","22000","22000","0","22000","22000","0","22000","22000","0","22000","22000","0","22000","132000","0","132000","PENDING","CALL IMMEDIATELY (DUE: ₹132000)"
"806","user_gen_806","brdp20230806@brdpdcsitapur.com","STUDENT","ACTIVE","--","BRDP20230806","Alok Verma","Ramesh Verma","9641975108","B.Tech CSE","2023-2026","5","Hargaon, Uttar Pradesh","ACTIVE","25000","25000","0","25000","25000","0","25000","25000","0","25000","25000","0","25000","15500","9500","25000","0","25000","150000","115500","34500","PARTIAL","CALL IMMEDIATELY (DUE: ₹34500)"
"807","user_gen_807","brdp20240807@brdpdcsitapur.com","STUDENT","ACTIVE","--","BRDP20240807","Aarti Srivastava","Deepak Srivastava","9249121243","BBA","2024-2027","3","Maholi, Uttar Pradesh","ACTIVE","22000","22000","0","22000","22000","0","22000","0","22000","22000","0","22000","22000","0","22000","22000","0","22000","132000","44000","88000","PARTIAL","CALL IMMEDIATELY (DUE: ₹88000)"
"808","user_gen_808","brdp20230808@brdpdcsitapur.com","STUDENT","ACTIVE","--","BRDP20230808","Ashish Giri","Pankaj Giri","9626589382","B.Sc","2023-2026","5","Laharpur, Uttar Pradesh","ACTIVE","5000","5000","0","5000","5000","0","5000","5000","0","5000","5000","0","5000","5000","0","5000","0","5000","30000","25000","5000","PARTIAL","CALL IMMEDIATELY (DUE: ₹5000)"
"809","user_gen_809","brdp20250809@brdpdcsitapur.com","STUDENT","ACTIVE","--","BRDP20250809","Pushpendra Saini","Manish Saini","9153051184","BCA","2025-2028","2","Sitapur Sadar, Uttar Pradesh","DELETED","20000","20000","0","20000","20000","0","20000","0","20000","20000","0","20000","20000","0","20000","20000","0","20000","120000","40000","80000","PARTIAL","CALL IMMEDIATELY (DUE: ₹80000)"
"810","user_gen_810","brdp20230810@brdpdcsitapur.com","STUDENT","ACTIVE","--","BRDP20230810","Ananya Devi","Rohan Devi","9946429170","BCA","2023-2026","5","Khairabad, Uttar Pradesh","ACTIVE","20000","20000","0","20000","20000","0","20000","20000","0","20000","20000","0","20000","20000","0","20000","0","20000","120000","100000","20000","PARTIAL","CALL IMMEDIATELY (DUE: ₹20000)"
"811","user_gen_811","brdp20260811@brdpdcsitapur.com","STUDENT","ACTIVE","--","BRDP20260811","Rekha Verma","Neha Verma","9607643508","BA","2026-2029","1","Sitapur Sadar, Uttar Pradesh","ACTIVE","3000","3000","0","3000","0","3000","3000","0","3000","3000","0","3000","3000","0","3000","3000","0","3000","18000","3000","15000","PARTIAL","CALL IMMEDIATELY (DUE: ₹15000)"
"812","user_gen_812","brdp20240812@brdpdcsitapur.com","STUDENT","ACTIVE","--","BRDP20240812","Saumya Tripathi","Pooja Tripathi","9377960720","B.Tech CSE","2024-2027","3","Mohali, Uttar Pradesh","ACTIVE","25000","25000","0","25000","25000","0","25000","9000","16000","25000","0","25000","25000","0","25000","25000","0","25000","150000","59000","91000","PARTIAL","CALL IMMEDIATELY (DUE: ₹91000)"
"813","user_gen_813","brdp20250813@brdpdcsitapur.com","STUDENT","ACTIVE","--","BRDP20250813","Sonika Devi","Dipanshi Devi","9656669891","BCA","2025-2028","2","Khairabad, Uttar Pradesh","ACTIVE","20000","20000","0","20000","15500","4500","20000","0","20000","20000","0","20000","20000","0","20000","20000","0","20000","120000","35500","84500","PARTIAL","CALL IMMEDIATELY (DUE: ₹84500)"
"814","user_gen_814","brdp20260814@brdpdcsitapur.com","STUDENT","ACTIVE","--","BRDP20260814","Sunita Devi","Sanjay Devi","9933836989","B.Sc","2026-2029","1","Lakhimpur Kheri, Uttar Pradesh","ACTIVE","5000","0","5000","5000","0","5000","5000","0","5000","5000","0","5000","5000","0","5000","5000","0","5000","30000","0","30000","PENDING","CALL IMMEDIATELY (DUE: ₹30000)"
"815","user_gen_815","brdp20260815@brdpdcsitapur.com","STUDENT","ACTIVE","--","BRDP20260815","Pankaj Rajpoot","Nainsi Rajpoot","9799616842","B.Tech CSE","2026-2029","1","Biswan, Uttar Pradesh","ACTIVE","25000","20000","5000","25000","0","25000","25000","0","25000","25000","0","25000","25000","0","25000","25000","0","25000","150000","20000","130000","PARTIAL","CALL IMMEDIATELY (DUE: ₹130000)"
"816","user_gen_816","brdp20230816@brdpdcsitapur.com","STUDENT","ACTIVE","--","BRDP20230816","Aarya Paswan","Rekha Paswan","9824029026","BCA","2023-2026","5","Hargaon, Uttar Pradesh","ACTIVE","20000","20000","0","20000","20000","0","20000","20000","0","20000","20000","0","20000","20000","0","20000","0","20000","120000","100000","20000","PARTIAL","CALL IMMEDIATELY (DUE: ₹20000)"
"817","user_gen_817","brdp20230817@brdpdcsitapur.com","STUDENT","ACTIVE","--","BRDP20230817","Saumya Pal","Ashutosh Pal","9293890380","BCA","2023-2026","5","Hargaon, Uttar Pradesh","DELETED","20000","20000","0","20000","20000","0","20000","20000","0","20000","20000","0","20000","20000","0","20000","0","20000","120000","100000","20000","PARTIAL","CALL IMMEDIATELY (DUE: ₹20000)"
"818","user_gen_818","brdp20240818@brdpdcsitapur.com","STUDENT","ACTIVE","--","BRDP20240818","Anita Rathour","Adarsh Rathour","9239001690","BBA","2024-2027","3","Mohali, Uttar Pradesh","ACTIVE","22000","22000","0","22000","22000","0","22000","22000","0","22000","0","22000","22000","0","22000","22000","0","22000","132000","66000","66000","PARTIAL","CALL IMMEDIATELY (DUE: ₹66000)"
"819","user_gen_819","brdp20250819@brdpdcsitapur.com","STUDENT","ACTIVE","--","BRDP20250819","Ashish Kashyap","Amit Kashyap","9457400109","B.Tech CSE","2025-2028","2","Lakhimpur Kheri, Uttar Pradesh","ACTIVE","25000","25000","0","25000","25000","0","25000","0","25000","25000","0","25000","25000","0","25000","25000","0","25000","150000","50000","100000","PARTIAL","CALL IMMEDIATELY (DUE: ₹100000)"
"820","user_gen_820","brdp20260820@brdpdcsitapur.com","STUDENT","ACTIVE","--","BRDP20260820","Rahul Prajapati","Pankaj Prajapati","9501020448","BBA","2026-2029","1","Patna, Uttar Pradesh","ACTIVE","22000","14500","7500","22000","0","22000","22000","0","22000","22000","0","22000","22000","0","22000","22000","0","22000","132000","14500","117500","PARTIAL","CALL IMMEDIATELY (DUE: ₹117500)"
"821","user_gen_821","brdp20240821@brdpdcsitapur.com","STUDENT","ACTIVE","--","BRDP20240821","Deepa Pandey","Yashee Pandey","9897410123","MCA","2024-2027","3","Sitapur, Uttar Pradesh","ACTIVE","30000","30000","0","30000","30000","0","30000","14500","15500","30000","0","30000","30000","0","30000","30000","0","30000","180000","74500","105500","PARTIAL","CALL IMMEDIATELY (DUE: ₹105500)"
"822","user_gen_822","brdp20250822@brdpdcsitapur.com","STUDENT","ACTIVE","--","BRDP20250822","Kavita Kashyap","Subhendu Kashyap","9731944643","MCA","2025-2028","2","Patna, Uttar Pradesh","ACTIVE","30000","30000","0","30000","23000","7000","30000","0","30000","30000","0","30000","30000","0","30000","30000","0","30000","180000","53000","127000","PARTIAL","CALL IMMEDIATELY (DUE: ₹127000)"
"823","user_gen_823","brdp20240823@brdpdcsitapur.com","STUDENT","ACTIVE","--","BRDP20240823","Rahul Kumar","Naimish Kumar","9706353842","B.Tech CSE","2024-2027","3","Sitapur Sadar, Uttar Pradesh","ACTIVE","25000","25000","0","25000","25000","0","25000","10000","15000","25000","0","25000","25000","0","25000","25000","0","25000","150000","60000","90000","PARTIAL","CALL IMMEDIATELY (DUE: ₹90000)"
"824","user_gen_824","brdp20240824@brdpdcsitapur.com","STUDENT","ACTIVE","--","BRDP20240824","Priya Tripathi","Aditya Tripathi","9437521325","MCA","2024-2027","3","Lakhimpur Kheri, Uttar Pradesh","ACTIVE","30000","30000","0","30000","30000","0","30000","20000","10000","30000","0","30000","30000","0","30000","30000","0","30000","180000","80000","100000","PARTIAL","CALL IMMEDIATELY (DUE: ₹100000)"
"825","user_gen_825","brdp20260825@brdpdcsitapur.com","STUDENT","ACTIVE","--","BRDP20260825","Mahek Khan","Diwakar Khan","9852051478","MCA","2026-2029","1","Maholi, Uttar Pradesh","ACTIVE","30000","22000","8000","30000","0","30000","30000","0","30000","30000","0","30000","30000","0","30000","30000","0","30000","180000","22000","158000","PARTIAL","CALL IMMEDIATELY (DUE: ₹158000)"
"826","user_gen_826","brdp20260826@brdpdcsitapur.com","STUDENT","ACTIVE","--","BRDP20260826","Abhishek Prajapati","Manoj Prajapati","9916664412","BA","2026-2029","1","Mohali, Uttar Pradesh","ACTIVE","3000","2000","1000","3000","0","3000","3000","0","3000","3000","0","3000","3000","0","3000","3000","0","3000","18000","2000","16000","PARTIAL","CALL IMMEDIATELY (DUE: ₹16000)"
"827","user_gen_827","brdp20260827@brdpdcsitapur.com","STUDENT","ACTIVE","--","BRDP20260827","Ayush Pal","Sani Pal","9488223278","MCA","2026-2029","1","Sidhauli, Uttar Pradesh","ACTIVE","30000","30000","0","30000","0","30000","30000","0","30000","30000","0","30000","30000","0","30000","30000","0","30000","180000","30000","150000","PARTIAL","CALL IMMEDIATELY (DUE: ₹150000)"
"828","user_gen_828","brdp20230828@brdpdcsitapur.com","STUDENT","ACTIVE","--","BRDP20230828","Vinay Pal","Ramesh Pal","9356578393","MCA","2023-2026","5","Biswan, Uttar Pradesh","ACTIVE","30000","30000","0","30000","30000","0","30000","30000","0","30000","30000","0","30000","0","30000","30000","0","30000","180000","120000","60000","PARTIAL","CALL IMMEDIATELY (DUE: ₹60000)"
"829","user_gen_829","brdp20260829@brdpdcsitapur.com","STUDENT","ACTIVE","--","BRDP20260829","Adarsh Pandey","Rashi Pandey","9208810750","BCA","2026-2029","1","Hargaon, Uttar Pradesh","ACTIVE","20000","20000","0","20000","0","20000","20000","0","20000","20000","0","20000","20000","0","20000","20000","0","20000","120000","20000","100000","PARTIAL","CALL IMMEDIATELY (DUE: ₹100000)"
"830","user_gen_830","brdp20230830@brdpdcsitapur.com","STUDENT","ACTIVE","--","BRDP20230830","Pankaj Maurya","Suman Maurya","9344812010","BA","2023-2026","5","Mohali, Uttar Pradesh","ACTIVE","3000","3000","0","3000","3000","0","3000","3000","0","3000","3000","0","3000","2000","1000","3000","0","3000","18000","14000","4000","PARTIAL","CALL IMMEDIATELY (DUE: ₹4000)"
"831","user_gen_831","brdp20230831@brdpdcsitapur.com","STUDENT","ACTIVE","--","BRDP20230831","Sanjay Srivastava","Rahul Srivastava","9609656565","BBA","2023-2026","5","Laharpur, Uttar Pradesh","ACTIVE","22000","22000","0","22000","22000","0","22000","22000","0","22000","22000","0","22000","22000","0","22000","0","22000","132000","110000","22000","PARTIAL","CALL IMMEDIATELY (DUE: ₹22000)"
"832","user_gen_832","brdp20250832@brdpdcsitapur.com","STUDENT","ACTIVE","--","BRDP20250832","Laxmi Chaurasiya","Sani Chaurasiya","9319502946","B.Sc","2025-2028","2","Laharpur, Uttar Pradesh","ACTIVE","5000","5000","0","5000","5000","0","5000","0","5000","5000","0","5000","5000","0","5000","5000","0","5000","30000","10000","20000","PARTIAL","CALL IMMEDIATELY (DUE: ₹20000)"
"833","user_gen_833","brdp20230833@brdpdcsitapur.com","STUDENT","ACTIVE","--","BRDP20230833","Pushpendra Agrahari","Aarya Agrahari","9120499290","BA","2023-2026","5","Lucknow, Uttar Pradesh","ACTIVE","3000","3000","0","3000","3000","0","3000","3000","0","3000","3000","0","3000","1000","2000","3000","0","3000","18000","13000","5000","PARTIAL","CALL IMMEDIATELY (DUE: ₹5000)"
"834","user_gen_834","brdp20240834@brdpdcsitapur.com","STUDENT","ACTIVE","--","BRDP20240834","Aarav Rathour","Raj Rathour","9859350247","BBA","2024-2027","3","Hargaon, Uttar Pradesh","ACTIVE","22000","22000","0","22000","22000","0","22000","7500","14500","22000","0","22000","22000","0","22000","22000","0","22000","132000","51500","80500","PARTIAL","CALL IMMEDIATELY (DUE: ₹80500)"
"835","user_gen_835","brdp20240835@brdpdcsitapur.com","STUDENT","ACTIVE","--","BRDP20240835","Vijay Khan","Satish Khan","9324539060","MCA","2024-2027","3","Patna, Uttar Pradesh","ACTIVE","30000","30000","0","30000","30000","0","30000","20500","9500","30000","0","30000","30000","0","30000","30000","0","30000","180000","80500","99500","PARTIAL","CALL IMMEDIATELY (DUE: ₹99500)"
"836","user_gen_836","brdp20230836@brdpdcsitapur.com","STUDENT","ACTIVE","--","BRDP20230836","Sanjay Dubey","Manoj Dubey","9155391940","B.Sc","2023-2026","5","Sitapur, Uttar Pradesh","ACTIVE","5000","5000","0","5000","5000","0","5000","5000","0","5000","5000","0","5000","5000","0","5000","0","5000","30000","25000","5000","PARTIAL","CALL IMMEDIATELY (DUE: ₹5000)"
"837","user_gen_837","brdp20230837@brdpdcsitapur.com","STUDENT","ACTIVE","--","BRDP20230837","Pinku Mishra","Raj Mishra","9237518173","B.Sc","2023-2026","5","Laharpur, Uttar Pradesh","ACTIVE","5000","5000","0","5000","5000","0","5000","5000","0","5000","5000","0","5000","0","5000","5000","0","5000","30000","20000","10000","PARTIAL","CALL IMMEDIATELY (DUE: ₹10000)"
"838","user_gen_838","brdp20250838@brdpdcsitapur.com","STUDENT","ACTIVE","--","BRDP20250838","Mahek Gupta","Shivam Gupta","9315738308","BCA","2025-2028","2","Khairabad, Uttar Pradesh","ACTIVE","20000","20000","0","20000","20000","0","20000","0","20000","20000","0","20000","20000","0","20000","20000","0","20000","120000","40000","80000","PARTIAL","CALL IMMEDIATELY (DUE: ₹80000)"
"839","user_gen_839","brdp20240839@brdpdcsitapur.com","STUDENT","ACTIVE","--","BRDP20240839","Rohan Gupta","Ramesh Gupta","9114379198","B.Tech CSE","2024-2027","3","Sidhauli, Uttar Pradesh","ACTIVE","25000","25000","0","25000","25000","0","25000","25000","0","25000","0","25000","25000","0","25000","25000","0","25000","150000","75000","75000","PARTIAL","CALL IMMEDIATELY (DUE: ₹75000)"
"840","user_gen_840","brdp20260840@brdpdcsitapur.com","STUDENT","ACTIVE","--","BRDP20260840","Prateek Maurya","Pooja Maurya","9820331012","B.Tech CSE","2026-2029","1","Biswan, Uttar Pradesh","ACTIVE","25000","13500","11500","25000","0","25000","25000","0","25000","25000","0","25000","25000","0","25000","25000","0","25000","150000","13500","136500","PARTIAL","CALL IMMEDIATELY (DUE: ₹136500)"
"841","user_gen_841","brdp20260841@brdpdcsitapur.com","STUDENT","ACTIVE","--","BRDP20260841","Diwakar Tripathi","Pari Tripathi","9219782323","BBA","2026-2029","1","Sitapur Sadar, Uttar Pradesh","ACTIVE","22000","0","22000","22000","0","22000","22000","0","22000","22000","0","22000","22000","0","22000","22000","0","22000","132000","0","132000","PENDING","CALL IMMEDIATELY (DUE: ₹132000)"
"842","user_gen_842","brdp20260842@brdpdcsitapur.com","STUDENT","ACTIVE","--","BRDP20260842","Diwakar Sharma","Usha Sharma","9905979639","B.Tech CSE","2026-2029","1","Mohali, Uttar Pradesh","ACTIVE","25000","25000","0","25000","0","25000","25000","0","25000","25000","0","25000","25000","0","25000","25000","0","25000","150000","25000","125000","PARTIAL","CALL IMMEDIATELY (DUE: ₹125000)"
"843","user_gen_843","brdp20260843@brdpdcsitapur.com","STUDENT","ACTIVE","--","BRDP20260843","Pushpendra Chaurasiya","Aditya Chaurasiya","9215649745","B.Sc","2026-2029","1","Maholi, Uttar Pradesh","ACTIVE","5000","5000","0","5000","0","5000","5000","0","5000","5000","0","5000","5000","0","5000","5000","0","5000","30000","5000","25000","PARTIAL","CALL IMMEDIATELY (DUE: ₹25000)"
"844","user_gen_844","brdp20260844@brdpdcsitapur.com","STUDENT","ACTIVE","--","BRDP20260844","Alok Mishra","Saurabh Mishra","9559086874","B.Tech CSE","2026-2029","1","Mohali, Uttar Pradesh","ACTIVE","25000","19500","5500","25000","0","25000","25000","0","25000","25000","0","25000","25000","0","25000","25000","0","25000","150000","19500","130500","PARTIAL","CALL IMMEDIATELY (DUE: ₹130500)"
"845","user_gen_845","brdp20240845@brdpdcsitapur.com","STUDENT","ACTIVE","--","BRDP20240845","Adarsh Chaurasiya","Yashee Chaurasiya","9112848748","B.Sc","2024-2027","3","Hargaon, Uttar Pradesh","ACTIVE","5000","5000","0","5000","5000","0","5000","4000","1000","5000","0","5000","5000","0","5000","5000","0","5000","30000","14000","16000","PARTIAL","CALL IMMEDIATELY (DUE: ₹16000)"
"846","user_gen_846","brdp20260846@brdpdcsitapur.com","STUDENT","ACTIVE","--","BRDP20260846","Vikas Devi","Manish Devi","9315235409","MCA","2026-2029","1","Lakhimpur Kheri, Uttar Pradesh","ACTIVE","30000","30000","0","30000","0","30000","30000","0","30000","30000","0","30000","30000","0","30000","30000","0","30000","180000","30000","150000","PARTIAL","CALL IMMEDIATELY (DUE: ₹150000)"
"847","user_gen_847","brdp20260847@brdpdcsitapur.com","STUDENT","ACTIVE","--","BRDP20260847","Pooja Sharma","Satish Sharma","9959859289","BCA","2026-2029","1","Khairabad, Uttar Pradesh","ACTIVE","20000","0","20000","20000","0","20000","20000","0","20000","20000","0","20000","20000","0","20000","20000","0","20000","120000","0","120000","PENDING","CALL IMMEDIATELY (DUE: ₹120000)"
"848","user_gen_848","brdp20260848@brdpdcsitapur.com","STUDENT","ACTIVE","--","BRDP20260848","Ayush Chaurasiya","Sarita Chaurasiya","9434669159","BA","2026-2029","1","Hargaon, Uttar Pradesh","DELETED","3000","0","3000","3000","0","3000","3000","0","3000","3000","0","3000","3000","0","3000","3000","0","3000","18000","0","18000","PENDING","CALL IMMEDIATELY (DUE: ₹18000)"
"849","user_gen_849","brdp20250849@brdpdcsitapur.com","STUDENT","ACTIVE","--","BRDP20250849","Dharmendra Rathour","Suresh Rathour","9564265093","B.Sc","2025-2028","2","Hargaon, Uttar Pradesh","ACTIVE","5000","5000","0","5000","5000","0","5000","0","5000","5000","0","5000","5000","0","5000","5000","0","5000","30000","10000","20000","PARTIAL","CALL IMMEDIATELY (DUE: ₹20000)"
"850","user_gen_850","brdp20250850@brdpdcsitapur.com","STUDENT","ACTIVE","--","BRDP20250850","Priya Maurya","Sani Maurya","9914290448","BCA","2025-2028","2","Sidhauli, Uttar Pradesh","ACTIVE","20000","20000","0","20000","20000","0","20000","0","20000","20000","0","20000","20000","0","20000","20000","0","20000","120000","40000","80000","PARTIAL","CALL IMMEDIATELY (DUE: ₹80000)"
"851","user_gen_851","brdp20230851@brdpdcsitapur.com","STUDENT","ACTIVE","--","BRDP20230851","Sonika Saini","Subhendu Saini","9860243326","B.Tech CSE","2023-2026","5","Lucknow, Uttar Pradesh","ACTIVE","25000","25000","0","25000","25000","0","25000","25000","0","25000","25000","0","25000","14000","11000","25000","0","25000","150000","114000","36000","PARTIAL","CALL IMMEDIATELY (DUE: ₹36000)"
"852","user_gen_852","brdp20250852@brdpdcsitapur.com","STUDENT","ACTIVE","--","BRDP20250852","Ajay Pandey","Rohan Pandey","9302376784","BBA","2025-2028","2","Mohali, Uttar Pradesh","ACTIVE","22000","22000","0","22000","0","22000","22000","0","22000","22000","0","22000","22000","0","22000","22000","0","22000","132000","22000","110000","PARTIAL","CALL IMMEDIATELY (DUE: ₹110000)"
"853","user_gen_853","brdp20230853@brdpdcsitapur.com","STUDENT","ACTIVE","--","BRDP20230853","Suman Mishra","Ashutosh Mishra","9220615823","BBA","2023-2026","5","Lakhimpur Kheri, Uttar Pradesh","ACTIVE","22000","22000","0","22000","22000","0","22000","22000","0","22000","22000","0","22000","10500","11500","22000","0","22000","132000","98500","33500","PARTIAL","CALL IMMEDIATELY (DUE: ₹33500)"
"854","user_gen_854","brdp20260854@brdpdcsitapur.com","STUDENT","ACTIVE","--","BRDP20260854","Ritu Prajapati","Manish Prajapati","9703659820","BA","2026-2029","1","Biswan, Uttar Pradesh","ACTIVE","3000","3000","0","3000","0","3000","3000","0","3000","3000","0","3000","3000","0","3000","3000","0","3000","18000","3000","15000","PARTIAL","CALL IMMEDIATELY (DUE: ₹15000)"
"855","user_gen_855","brdp20260855@brdpdcsitapur.com","STUDENT","ACTIVE","--","BRDP20260855","Seema Yadav","Pushpendra Yadav","9540116103","BBA","2026-2029","1","Sidhauli, Uttar Pradesh","ACTIVE","22000","22000","0","22000","0","22000","22000","0","22000","22000","0","22000","22000","0","22000","22000","0","22000","132000","22000","110000","PARTIAL","CALL IMMEDIATELY (DUE: ₹110000)"
"856","user_gen_856","brdp20230856@brdpdcsitapur.com","STUDENT","ACTIVE","--","BRDP20230856","Suresh Rajpoot","Ritu Rajpoot","9682108044","B.Tech CSE","2023-2026","5","Kanpur, Uttar Pradesh","ACTIVE","25000","25000","0","25000","25000","0","25000","25000","0","25000","25000","0","25000","25000","0","25000","0","25000","150000","125000","25000","PARTIAL","CALL IMMEDIATELY (DUE: ₹25000)"
"857","user_gen_857","brdp20250857@brdpdcsitapur.com","STUDENT","ACTIVE","--","BRDP20250857","Naimish Gupta","Gudiya Gupta","9676036907","BA","2025-2028","2","Mohali, Uttar Pradesh","ACTIVE","3000","3000","0","3000","0","3000","3000","0","3000","3000","0","3000","3000","0","3000","3000","0","3000","18000","3000","15000","PARTIAL","CALL IMMEDIATELY (DUE: ₹15000)"
"858","user_gen_858","brdp20260858@brdpdcsitapur.com","STUDENT","ACTIVE","--","BRDP20260858","Divanshi Srivastava","Vijay Srivastava","9967924198","MCA","2026-2029","1","Patna, Uttar Pradesh","ACTIVE","30000","0","30000","30000","0","30000","30000","0","30000","30000","0","30000","30000","0","30000","30000","0","30000","180000","0","180000","PENDING","CALL IMMEDIATELY (DUE: ₹180000)"
"859","user_gen_859","brdp20240859@brdpdcsitapur.com","STUDENT","ACTIVE","--","BRDP20240859","Aarya Devi","Saurabh Devi","9524039911","BCA","2024-2027","3","Laharpur, Uttar Pradesh","ACTIVE","20000","20000","0","20000","20000","0","20000","8000","12000","20000","0","20000","20000","0","20000","20000","0","20000","120000","48000","72000","PARTIAL","CALL IMMEDIATELY (DUE: ₹72000)"
"860","user_gen_860","brdp20240860@brdpdcsitapur.com","STUDENT","ACTIVE","--","BRDP20240860","Subhendu Rajpoot","Sangita Rajpoot","9547414419","B.Tech CSE","2024-2027","3","Lakhimpur Kheri, Uttar Pradesh","ACTIVE","25000","25000","0","25000","25000","0","25000","25000","0","25000","0","25000","25000","0","25000","25000","0","25000","150000","75000","75000","PARTIAL","CALL IMMEDIATELY (DUE: ₹75000)"
"861","user_gen_861","brdp20250861@brdpdcsitapur.com","STUDENT","ACTIVE","--","BRDP20250861","Pooja Verma","Ashutosh Verma","9501836225","MCA","2025-2028","2","Hargaon, Uttar Pradesh","ACTIVE","30000","30000","0","30000","0","30000","30000","0","30000","30000","0","30000","30000","0","30000","30000","0","30000","180000","30000","150000","PARTIAL","CALL IMMEDIATELY (DUE: ₹150000)"
"862","user_gen_862","brdp20230862@brdpdcsitapur.com","STUDENT","ACTIVE","--","BRDP20230862","Rajesh Agrahari","Aarav Agrahari","9188102494","BBA","2023-2026","5","Patna, Uttar Pradesh","ACTIVE","22000","22000","0","22000","22000","0","22000","22000","0","22000","22000","0","22000","22000","0","22000","0","22000","132000","110000","22000","PARTIAL","CALL IMMEDIATELY (DUE: ₹22000)"
"863","user_gen_863","brdp20240863@brdpdcsitapur.com","STUDENT","ACTIVE","--","BRDP20240863","Prateek Gupta","Asha Gupta","9964025591","B.Tech CSE","2024-2027","3","Misrikh, Uttar Pradesh","ACTIVE","25000","25000","0","25000","25000","0","25000","17500","7500","25000","0","25000","25000","0","25000","25000","0","25000","150000","67500","82500","PARTIAL","CALL IMMEDIATELY (DUE: ₹82500)"
"864","user_gen_864","brdp20230864@brdpdcsitapur.com","STUDENT","ACTIVE","--","BRDP20230864","Nainsi Pal","Ramesh Pal","9576484676","B.Tech CSE","2023-2026","5","Maholi, Uttar Pradesh","ACTIVE","25000","25000","0","25000","25000","0","25000","25000","0","25000","25000","0","25000","10500","14500","25000","0","25000","150000","110500","39500","PARTIAL","CALL IMMEDIATELY (DUE: ₹39500)"
"865","user_gen_865","brdp20230865@brdpdcsitapur.com","STUDENT","ACTIVE","--","BRDP20230865","Sunita Chaurasiya","Vivek Chaurasiya","9917680582","B.Tech CSE","2023-2026","5","Maholi, Uttar Pradesh","ACTIVE","25000","25000","0","25000","25000","0","25000","25000","0","25000","25000","0","25000","19000","6000","25000","0","25000","150000","119000","31000","PARTIAL","CALL IMMEDIATELY (DUE: ₹31000)"
"866","user_gen_866","brdp20240866@brdpdcsitapur.com","STUDENT","ACTIVE","--","BRDP20240866","Dharmendra Gautam","Rahul Gautam","9233624746","MCA","2024-2027","3","Biswan, Uttar Pradesh","ACTIVE","30000","30000","0","30000","30000","0","30000","22500","7500","30000","0","30000","30000","0","30000","30000","0","30000","180000","82500","97500","PARTIAL","CALL IMMEDIATELY (DUE: ₹97500)"
"867","user_gen_867","brdp20230867@brdpdcsitapur.com","STUDENT","ACTIVE","--","BRDP20230867","Sunil Maurya","Kamlesh Maurya","9997241565","BCA","2023-2026","5","Patna, Uttar Pradesh","ACTIVE","20000","20000","0","20000","20000","0","20000","20000","0","20000","20000","0","20000","7000","13000","20000","0","20000","120000","87000","33000","PARTIAL","CALL IMMEDIATELY (DUE: ₹33000)"
"868","user_gen_868","brdp20250868@brdpdcsitapur.com","STUDENT","ACTIVE","--","BRDP20250868","Anita Srivastava","Sarita Srivastava","9243461539","MCA","2025-2028","2","Misrikh, Uttar Pradesh","ACTIVE","30000","30000","0","30000","30000","0","30000","0","30000","30000","0","30000","30000","0","30000","30000","0","30000","180000","60000","120000","PARTIAL","CALL IMMEDIATELY (DUE: ₹120000)"
"869","user_gen_869","brdp20260869@brdpdcsitapur.com","STUDENT","ACTIVE","--","BRDP20260869","Sonu Pandey","Saumya Pandey","9213766418","BA","2026-2029","1","Misrikh, Uttar Pradesh","ACTIVE","3000","0","3000","3000","0","3000","3000","0","3000","3000","0","3000","3000","0","3000","3000","0","3000","18000","0","18000","PENDING","CALL IMMEDIATELY (DUE: ₹18000)"
"870","user_gen_870","brdp20260870@brdpdcsitapur.com","STUDENT","ACTIVE","--","BRDP20260870","Rekha Singh","Ashutosh Singh","9739518457","B.Sc","2026-2029","1","Biswan, Uttar Pradesh","ACTIVE","5000","2000","3000","5000","0","5000","5000","0","5000","5000","0","5000","5000","0","5000","5000","0","5000","30000","2000","28000","PARTIAL","CALL IMMEDIATELY (DUE: ₹28000)"
"871","user_gen_871","brdp20240871@brdpdcsitapur.com","STUDENT","ACTIVE","--","BRDP20240871","Ajay Srivastava","Manoj Srivastava","9690775619","B.Sc","2024-2027","3","Lucknow, Uttar Pradesh","ACTIVE","5000","5000","0","5000","5000","0","5000","3000","2000","5000","0","5000","5000","0","5000","5000","0","5000","30000","13000","17000","PARTIAL","CALL IMMEDIATELY (DUE: ₹17000)"
"872","user_gen_872","brdp20240872@brdpdcsitapur.com","STUDENT","ACTIVE","--","BRDP20240872","Anamika Kanaujiya","Shivangi Kanaujiya","9716716893","BBA","2024-2027","3","Kanpur, Uttar Pradesh","ACTIVE","22000","22000","0","22000","22000","0","22000","0","22000","22000","0","22000","22000","0","22000","22000","0","22000","132000","44000","88000","PARTIAL","CALL IMMEDIATELY (DUE: ₹88000)"
"873","user_gen_873","brdp20260873@brdpdcsitapur.com","STUDENT","ACTIVE","--","BRDP20260873","Prateek Tiwari","Anjali Tiwari","9235685335","BA","2026-2029","1","Sitapur, Uttar Pradesh","ACTIVE","3000","0","3000","3000","0","3000","3000","0","3000","3000","0","3000","3000","0","3000","3000","0","3000","18000","0","18000","PENDING","CALL IMMEDIATELY (DUE: ₹18000)"
"874","user_gen_874","brdp20260874@brdpdcsitapur.com","STUDENT","ACTIVE","--","BRDP20260874","Deepika Pandey","Aditya Pandey","9721296183","BCA","2026-2029","1","Sitapur Sadar, Uttar Pradesh","ACTIVE","20000","20000","0","20000","0","20000","20000","0","20000","20000","0","20000","20000","0","20000","20000","0","20000","120000","20000","100000","PARTIAL","CALL IMMEDIATELY (DUE: ₹100000)"
"875","user_gen_875","brdp20250875@brdpdcsitapur.com","STUDENT","ACTIVE","--","BRDP20250875","Anamika Giri","Manoj Giri","9990232839","BA","2025-2028","2","Sidhauli, Uttar Pradesh","ACTIVE","3000","3000","0","3000","3000","0","3000","0","3000","3000","0","3000","3000","0","3000","3000","0","3000","18000","6000","12000","PARTIAL","CALL IMMEDIATELY (DUE: ₹12000)"
"876","user_gen_876","brdp20230876@brdpdcsitapur.com","STUDENT","ACTIVE","--","BRDP20230876","Aarya Singh","Dibya Singh","9287102704","MCA","2023-2026","5","Misrikh, Uttar Pradesh","ACTIVE","30000","30000","0","30000","30000","0","30000","30000","0","30000","30000","0","30000","0","30000","30000","0","30000","180000","120000","60000","PARTIAL","CALL IMMEDIATELY (DUE: ₹60000)"
"877","user_gen_877","brdp20250877@brdpdcsitapur.com","STUDENT","ACTIVE","--","BRDP20250877","Satish Agrahari","Pushpendra Agrahari","9641458669","MCA","2025-2028","2","Sitapur, Uttar Pradesh","ACTIVE","30000","30000","0","30000","18000","12000","30000","0","30000","30000","0","30000","30000","0","30000","30000","0","30000","180000","48000","132000","PARTIAL","CALL IMMEDIATELY (DUE: ₹132000)"
"878","user_gen_878","brdp20230878@brdpdcsitapur.com","STUDENT","ACTIVE","--","BRDP20230878","Anjali Tripathi","Anita Tripathi","9513540214","B.Sc","2023-2026","5","Hargaon, Uttar Pradesh","ACTIVE","5000","5000","0","5000","5000","0","5000","5000","0","5000","5000","0","5000","5000","0","5000","0","5000","30000","25000","5000","PARTIAL","CALL IMMEDIATELY (DUE: ₹5000)"
"879","user_gen_879","brdp20250879@brdpdcsitapur.com","STUDENT","ACTIVE","--","BRDP20250879","Subhendu Kashyap","Pari Kashyap","9111253820","B.Tech CSE","2025-2028","2","Lucknow, Uttar Pradesh","ACTIVE","25000","25000","0","25000","25000","0","25000","0","25000","25000","0","25000","25000","0","25000","25000","0","25000","150000","50000","100000","PARTIAL","CALL IMMEDIATELY (DUE: ₹100000)"
"880","user_gen_880","brdp20240880@brdpdcsitapur.com","STUDENT","ACTIVE","--","BRDP20240880","Asha Paswan","Sunita Paswan","9300997983","B.Tech CSE","2024-2027","3","Lakhimpur Kheri, Uttar Pradesh","ACTIVE","25000","25000","0","25000","25000","0","25000","13500","11500","25000","0","25000","25000","0","25000","25000","0","25000","150000","63500","86500","PARTIAL","CALL IMMEDIATELY (DUE: ₹86500)"
"881","user_gen_881","brdp20240881@brdpdcsitapur.com","STUDENT","ACTIVE","--","BRDP20240881","Saumya Tiwari","Alok Tiwari","9189189501","BA","2024-2027","3","Patna, Uttar Pradesh","ACTIVE","3000","3000","0","3000","3000","0","3000","1000","2000","3000","0","3000","3000","0","3000","3000","0","3000","18000","7000","11000","PARTIAL","CALL IMMEDIATELY (DUE: ₹11000)"
"882","user_gen_882","brdp20240882@brdpdcsitapur.com","STUDENT","ACTIVE","--","BRDP20240882","Seema Prajapati","Vishal Prajapati","9484825910","BCA","2024-2027","3","Hargaon, Uttar Pradesh","ACTIVE","20000","20000","0","20000","20000","0","20000","6000","14000","20000","0","20000","20000","0","20000","20000","0","20000","120000","46000","74000","PARTIAL","CALL IMMEDIATELY (DUE: ₹74000)"
"883","user_gen_883","brdp20250883@brdpdcsitapur.com","STUDENT","ACTIVE","--","BRDP20250883","Deepika Devi","Vivek Devi","9771490997","MCA","2025-2028","2","Hargaon, Uttar Pradesh","ACTIVE","30000","30000","0","30000","11000","19000","30000","0","30000","30000","0","30000","30000","0","30000","30000","0","30000","180000","41000","139000","PARTIAL","CALL IMMEDIATELY (DUE: ₹139000)"
"884","user_gen_884","brdp20260884@brdpdcsitapur.com","STUDENT","ACTIVE","--","BRDP20260884","Seema Pandey","Deepika Pandey","9289279385","BCA","2026-2029","1","Hargaon, Uttar Pradesh","ACTIVE","20000","13500","6500","20000","0","20000","20000","0","20000","20000","0","20000","20000","0","20000","20000","0","20000","120000","13500","106500","PARTIAL","CALL IMMEDIATELY (DUE: ₹106500)"
"885","user_gen_885","brdp20250885@brdpdcsitapur.com","STUDENT","ACTIVE","--","BRDP20250885","Pari Khan","Yashee Khan","9972156645","B.Sc","2025-2028","2","Sidhauli, Uttar Pradesh","ACTIVE","5000","5000","0","5000","5000","0","5000","0","5000","5000","0","5000","5000","0","5000","5000","0","5000","30000","10000","20000","PARTIAL","CALL IMMEDIATELY (DUE: ₹20000)"
"886","user_gen_886","brdp20260886@brdpdcsitapur.com","STUDENT","ACTIVE","--","BRDP20260886","Rahul Prajapati","Deepak Prajapati","9123570908","B.Sc","2026-2029","1","Lucknow, Uttar Pradesh","ACTIVE","5000","5000","0","5000","0","5000","5000","0","5000","5000","0","5000","5000","0","5000","5000","0","5000","30000","5000","25000","PARTIAL","CALL IMMEDIATELY (DUE: ₹25000)"
"887","user_gen_887","brdp20230887@brdpdcsitapur.com","STUDENT","ACTIVE","--","BRDP20230887","Kavita Maurya","Ankul Maurya","9541242242","MCA","2023-2026","5","Sitapur, Uttar Pradesh","ACTIVE","30000","30000","0","30000","30000","0","30000","30000","0","30000","30000","0","30000","0","30000","30000","0","30000","180000","120000","60000","PARTIAL","CALL IMMEDIATELY (DUE: ₹60000)"
"888","user_gen_888","brdp20240888@brdpdcsitapur.com","STUDENT","ACTIVE","--","BRDP20240888","Rajesh Devi","Neha Devi","9738376038","B.Sc","2024-2027","3","Laharpur, Uttar Pradesh","ACTIVE","5000","5000","0","5000","5000","0","5000","3000","2000","5000","0","5000","5000","0","5000","5000","0","5000","30000","13000","17000","PARTIAL","CALL IMMEDIATELY (DUE: ₹17000)"
"889","user_gen_889","brdp20250889@brdpdcsitapur.com","STUDENT","ACTIVE","--","BRDP20250889","Amit Sharma","Suman Sharma","9323731610","BCA","2025-2028","2","Lakhimpur Kheri, Uttar Pradesh","ACTIVE","20000","20000","0","20000","20000","0","20000","0","20000","20000","0","20000","20000","0","20000","20000","0","20000","120000","40000","80000","PARTIAL","CALL IMMEDIATELY (DUE: ₹80000)"
"890","user_gen_890","brdp20230890@brdpdcsitapur.com","STUDENT","ACTIVE","--","BRDP20230890","Pinku Pandey","Ravi Pandey","9773843252","BBA","2023-2026","5","Sidhauli, Uttar Pradesh","ACTIVE","22000","22000","0","22000","22000","0","22000","22000","0","22000","22000","0","22000","22000","0","22000","0","22000","132000","110000","22000","PARTIAL","CALL IMMEDIATELY (DUE: ₹22000)"
"891","user_gen_891","brdp20230891@brdpdcsitapur.com","STUDENT","ACTIVE","--","BRDP20230891","Rahul Singh","Laxmi Singh","9182869350","BCA","2023-2026","5","Sitapur, Uttar Pradesh","DELETED","20000","20000","0","20000","20000","0","20000","20000","0","20000","20000","0","20000","13000","7000","20000","0","20000","120000","93000","27000","PARTIAL","CALL IMMEDIATELY (DUE: ₹27000)"
"892","user_gen_892","brdp20260892@brdpdcsitapur.com","STUDENT","ACTIVE","--","BRDP20260892","Rajesh Yadav","Divyanshi Yadav","9886373981","B.Tech CSE","2026-2029","1","Hargaon, Uttar Pradesh","ACTIVE","25000","19000","6000","25000","0","25000","25000","0","25000","25000","0","25000","25000","0","25000","25000","0","25000","150000","19000","131000","PARTIAL","CALL IMMEDIATELY (DUE: ₹131000)"
"893","user_gen_893","brdp20240893@brdpdcsitapur.com","STUDENT","ACTIVE","--","BRDP20240893","Divyanshi Pandey","Rekha Pandey","9952862239","B.Tech CSE","2024-2027","3","Sidhauli, Uttar Pradesh","ACTIVE","25000","25000","0","25000","25000","0","25000","18500","6500","25000","0","25000","25000","0","25000","25000","0","25000","150000","68500","81500","PARTIAL","CALL IMMEDIATELY (DUE: ₹81500)"
"894","user_gen_894","brdp20230894@brdpdcsitapur.com","STUDENT","ACTIVE","--","BRDP20230894","Sandeep Rathour","Pankaj Rathour","9355744986","BCA","2023-2026","5","Sidhauli, Uttar Pradesh","ACTIVE","20000","20000","0","20000","20000","0","20000","20000","0","20000","20000","0","20000","0","20000","20000","0","20000","120000","80000","40000","PARTIAL","CALL IMMEDIATELY (DUE: ₹40000)"
"895","user_gen_895","brdp20240895@brdpdcsitapur.com","STUDENT","ACTIVE","--","BRDP20240895","Priya Singh","Rahul Singh","9647484365","MCA","2024-2027","3","Maholi, Uttar Pradesh","ACTIVE","30000","30000","0","30000","30000","0","30000","12000","18000","30000","0","30000","30000","0","30000","30000","0","30000","180000","72000","108000","PARTIAL","CALL IMMEDIATELY (DUE: ₹108000)"
"896","user_gen_896","brdp20230896@brdpdcsitapur.com","STUDENT","ACTIVE","--","BRDP20230896","Amit Jaiswal","Diwakar Jaiswal","9605757161","BBA","2023-2026","5","Sitapur Sadar, Uttar Pradesh","ACTIVE","22000","22000","0","22000","22000","0","22000","22000","0","22000","22000","0","22000","7500","14500","22000","0","22000","132000","95500","36500","PARTIAL","CALL IMMEDIATELY (DUE: ₹36500)"
"897","user_gen_897","brdp20240897@brdpdcsitapur.com","STUDENT","ACTIVE","--","BRDP20240897","Vinod Chaurasiya","Ajay Chaurasiya","9175258851","B.Sc","2024-2027","3","Lucknow, Uttar Pradesh","ACTIVE","5000","5000","0","5000","5000","0","5000","3000","2000","5000","0","5000","5000","0","5000","5000","0","5000","30000","13000","17000","PARTIAL","CALL IMMEDIATELY (DUE: ₹17000)"
"898","user_gen_898","brdp20240898@brdpdcsitapur.com","STUDENT","ACTIVE","--","BRDP20240898","Neha Shukla","Vijay Shukla","9364940983","BBA","2024-2027","3","Khairabad, Uttar Pradesh","ACTIVE","22000","22000","0","22000","22000","0","22000","0","22000","22000","0","22000","22000","0","22000","22000","0","22000","132000","44000","88000","PARTIAL","CALL IMMEDIATELY (DUE: ₹88000)"
"899","user_gen_899","brdp20250899@brdpdcsitapur.com","STUDENT","ACTIVE","--","BRDP20250899","Aarya Giri","Anamika Giri","9904745143","B.Sc","2025-2028","2","Lakhimpur Kheri, Uttar Pradesh","ACTIVE","5000","5000","0","5000","3500","1500","5000","0","5000","5000","0","5000","5000","0","5000","5000","0","5000","30000","8500","21500","PARTIAL","CALL IMMEDIATELY (DUE: ₹21500)"
"900","user_gen_900","brdp20240900@brdpdcsitapur.com","STUDENT","ACTIVE","--","BRDP20240900","Vinay Jaiswal","Iliyash Jaiswal","9476996918","BBA","2024-2027","3","Sitapur Sadar, Uttar Pradesh","ACTIVE","22000","22000","0","22000","22000","0","22000","22000","0","22000","0","22000","22000","0","22000","22000","0","22000","132000","66000","66000","PARTIAL","CALL IMMEDIATELY (DUE: ₹66000)"
"901","user_gen_901","brdp20250901@brdpdcsitapur.com","STUDENT","ACTIVE","--","BRDP20250901","Ashish Yadav","Deepa Yadav","9940822840","MCA","2025-2028","2","Mohali, Uttar Pradesh","ACTIVE","30000","30000","0","30000","15500","14500","30000","0","30000","30000","0","30000","30000","0","30000","30000","0","30000","180000","45500","134500","PARTIAL","CALL IMMEDIATELY (DUE: ₹134500)"
"902","user_gen_902","brdp20260902@brdpdcsitapur.com","STUDENT","ACTIVE","--","BRDP20260902","Seema Khan","Gudiya Khan","9604823085","BCA","2026-2029","1","Khairabad, Uttar Pradesh","DELETED","20000","7500","12500","20000","0","20000","20000","0","20000","20000","0","20000","20000","0","20000","20000","0","20000","120000","7500","112500","PARTIAL","CALL IMMEDIATELY (DUE: ₹112500)"
"903","user_gen_903","brdp20240903@brdpdcsitapur.com","STUDENT","ACTIVE","--","BRDP20240903","Divanshi Mishra","Manish Mishra","9887480150","BCA","2024-2027","3","Laharpur, Uttar Pradesh","ACTIVE","20000","20000","0","20000","20000","0","20000","11000","9000","20000","0","20000","20000","0","20000","20000","0","20000","120000","51000","69000","PARTIAL","CALL IMMEDIATELY (DUE: ₹69000)"
"904","user_gen_904","brdp20230904@brdpdcsitapur.com","STUDENT","ACTIVE","--","BRDP20230904","Nainsi Mishra","Pushpendra Mishra","9379747004","B.Sc","2023-2026","5","Mohali, Uttar Pradesh","ACTIVE","5000","5000","0","5000","5000","0","5000","5000","0","5000","5000","0","5000","0","5000","5000","0","5000","30000","20000","10000","PARTIAL","CALL IMMEDIATELY (DUE: ₹10000)"
"905","user_gen_905","brdp20230905@brdpdcsitapur.com","STUDENT","ACTIVE","--","BRDP20230905","Pankaj Sharma","Sunil Sharma","9703972267","B.Sc","2023-2026","5","Sitapur, Uttar Pradesh","ACTIVE","5000","5000","0","5000","5000","0","5000","5000","0","5000","5000","0","5000","0","5000","5000","0","5000","30000","20000","10000","PARTIAL","CALL IMMEDIATELY (DUE: ₹10000)"
"906","user_gen_906","brdp20260906@brdpdcsitapur.com","STUDENT","ACTIVE","--","BRDP20260906","Rahul Agrahari","Adarsh Agrahari","9182048647","B.Sc","2026-2029","1","Sitapur Sadar, Uttar Pradesh","ACTIVE","5000","0","5000","5000","0","5000","5000","0","5000","5000","0","5000","5000","0","5000","5000","0","5000","30000","0","30000","PENDING","CALL IMMEDIATELY (DUE: ₹30000)"
"907","user_gen_907","brdp20240907@brdpdcsitapur.com","STUDENT","ACTIVE","--","BRDP20240907","Deepak Tripathi","Ashish Tripathi","9955042705","BA","2024-2027","3","Kanpur, Uttar Pradesh","ACTIVE","3000","3000","0","3000","3000","0","3000","1500","1500","3000","0","3000","3000","0","3000","3000","0","3000","18000","7500","10500","PARTIAL","CALL IMMEDIATELY (DUE: ₹10500)"
"908","user_gen_908","brdp20260908@brdpdcsitapur.com","STUDENT","ACTIVE","--","BRDP20260908","Ramesh Agrahari","Suman Agrahari","9342665772","BCA","2026-2029","1","Mohali, Uttar Pradesh","ACTIVE","20000","0","20000","20000","0","20000","20000","0","20000","20000","0","20000","20000","0","20000","20000","0","20000","120000","0","120000","PENDING","CALL IMMEDIATELY (DUE: ₹120000)"
"909","user_gen_909","brdp20250909@brdpdcsitapur.com","STUDENT","ACTIVE","--","BRDP20250909","Aarti Giri","Mahek Giri","9777736850","B.Sc","2025-2028","2","Mohali, Uttar Pradesh","ACTIVE","5000","5000","0","5000","5000","0","5000","0","5000","5000","0","5000","5000","0","5000","5000","0","5000","30000","10000","20000","PARTIAL","CALL IMMEDIATELY (DUE: ₹20000)"
"910","user_gen_910","brdp20260910@brdpdcsitapur.com","STUDENT","ACTIVE","--","BRDP20260910","Roshani Khan","Manish Khan","9791590954","MCA","2026-2029","1","Misrikh, Uttar Pradesh","ACTIVE","30000","12000","18000","30000","0","30000","30000","0","30000","30000","0","30000","30000","0","30000","30000","0","30000","180000","12000","168000","PARTIAL","CALL IMMEDIATELY (DUE: ₹168000)"
"911","user_gen_911","brdp20230911@brdpdcsitapur.com","STUDENT","ACTIVE","--","BRDP20230911","Sunita Dwivedi","Ananya Dwivedi","9544577674","B.Sc","2023-2026","5","Maholi, Uttar Pradesh","ACTIVE","5000","5000","0","5000","5000","0","5000","5000","0","5000","5000","0","5000","0","5000","5000","0","5000","30000","20000","10000","PARTIAL","CALL IMMEDIATELY (DUE: ₹10000)"
"912","user_gen_912","brdp20230912@brdpdcsitapur.com","STUDENT","ACTIVE","--","BRDP20230912","Nainsi Srivastava","Sonu Srivastava","9789093180","B.Sc","2023-2026","5","Mohali, Uttar Pradesh","ACTIVE","5000","5000","0","5000","5000","0","5000","5000","0","5000","5000","0","5000","2000","3000","5000","0","5000","30000","22000","8000","PARTIAL","CALL IMMEDIATELY (DUE: ₹8000)"
"913","user_gen_913","brdp20250913@brdpdcsitapur.com","STUDENT","ACTIVE","--","BRDP20250913","Vinod Dwivedi","Saumya Dwivedi","9590145206","BCA","2025-2028","2","Lakhimpur Kheri, Uttar Pradesh","ACTIVE","20000","20000","0","20000","20000","0","20000","0","20000","20000","0","20000","20000","0","20000","20000","0","20000","120000","40000","80000","PARTIAL","CALL IMMEDIATELY (DUE: ₹80000)"
"914","user_gen_914","brdp20260914@brdpdcsitapur.com","STUDENT","ACTIVE","--","BRDP20260914","Avneesh Saini","Priya Saini","9451883930","BCA","2026-2029","1","Misrikh, Uttar Pradesh","ACTIVE","20000","20000","0","20000","0","20000","20000","0","20000","20000","0","20000","20000","0","20000","20000","0","20000","120000","20000","100000","PARTIAL","CALL IMMEDIATELY (DUE: ₹100000)"
"915","user_gen_915","brdp20260915@brdpdcsitapur.com","STUDENT","ACTIVE","--","BRDP20260915","Aditya Paswan","Asha Paswan","9431818732","B.Sc","2026-2029","1","Hargaon, Uttar Pradesh","ACTIVE","5000","3000","2000","5000","0","5000","5000","0","5000","5000","0","5000","5000","0","5000","5000","0","5000","30000","3000","27000","PARTIAL","CALL IMMEDIATELY (DUE: ₹27000)"
"916","user_gen_916","brdp20230916@brdpdcsitapur.com","STUDENT","ACTIVE","--","BRDP20230916","Ashish Dubey","Aarav Dubey","9801254766","MCA","2023-2026","5","Lucknow, Uttar Pradesh","ACTIVE","30000","30000","0","30000","30000","0","30000","30000","0","30000","30000","0","30000","13500","16500","30000","0","30000","180000","133500","46500","PARTIAL","CALL IMMEDIATELY (DUE: ₹46500)"
"917","user_gen_917","brdp20250917@brdpdcsitapur.com","STUDENT","ACTIVE","--","BRDP20250917","Sarita Pandey","Pinku Pandey","9171443672","MCA","2025-2028","2","Patna, Uttar Pradesh","ACTIVE","30000","30000","0","30000","30000","0","30000","0","30000","30000","0","30000","30000","0","30000","30000","0","30000","180000","60000","120000","PARTIAL","CALL IMMEDIATELY (DUE: ₹120000)"
"918","user_gen_918","brdp20260918@brdpdcsitapur.com","STUDENT","ACTIVE","--","BRDP20260918","Kavita Saini","Ashish Saini","9616534056","BA","2026-2029","1","Patna, Uttar Pradesh","ACTIVE","3000","1500","1500","3000","0","3000","3000","0","3000","3000","0","3000","3000","0","3000","3000","0","3000","18000","1500","16500","PARTIAL","CALL IMMEDIATELY (DUE: ₹16500)"
"919","user_gen_919","brdp20250919@brdpdcsitapur.com","STUDENT","ACTIVE","--","BRDP20250919","Gudiya Dubey","Manoj Dubey","9526421845","BA","2025-2028","2","Lakhimpur Kheri, Uttar Pradesh","ACTIVE","3000","3000","0","3000","0","3000","3000","0","3000","3000","0","3000","3000","0","3000","3000","0","3000","18000","3000","15000","PARTIAL","CALL IMMEDIATELY (DUE: ₹15000)"
"920","user_gen_920","brdp20250920@brdpdcsitapur.com","STUDENT","ACTIVE","--","BRDP20250920","Pankaj Singh","Aarav Singh","9694605675","MCA","2025-2028","2","Lakhimpur Kheri, Uttar Pradesh","ACTIVE","30000","30000","0","30000","30000","0","30000","0","30000","30000","0","30000","30000","0","30000","30000","0","30000","180000","60000","120000","PARTIAL","CALL IMMEDIATELY (DUE: ₹120000)"
"921","user_gen_921","brdp20230921@brdpdcsitapur.com","STUDENT","ACTIVE","--","BRDP20230921","Pushpendra Pal","Rahul Pal","9850711862","B.Sc","2023-2026","5","Patna, Uttar Pradesh","ACTIVE","5000","5000","0","5000","5000","0","5000","5000","0","5000","5000","0","5000","0","5000","5000","0","5000","30000","20000","10000","PARTIAL","CALL IMMEDIATELY (DUE: ₹10000)"
"922","user_gen_922","brdp20230922@brdpdcsitapur.com","STUDENT","ACTIVE","--","BRDP20230922","Saumya Gautam","Rekha Gautam","9117736594","B.Sc","2023-2026","5","Misrikh, Uttar Pradesh","ACTIVE","5000","5000","0","5000","5000","0","5000","5000","0","5000","5000","0","5000","0","5000","5000","0","5000","30000","20000","10000","PARTIAL","CALL IMMEDIATELY (DUE: ₹10000)"
"923","user_gen_923","brdp20260923@brdpdcsitapur.com","STUDENT","ACTIVE","--","BRDP20260923","Vikas Verma","Anita Verma","9225994643","BBA","2026-2029","1","Sitapur, Uttar Pradesh","ACTIVE","22000","22000","0","22000","0","22000","22000","0","22000","22000","0","22000","22000","0","22000","22000","0","22000","132000","22000","110000","PARTIAL","CALL IMMEDIATELY (DUE: ₹110000)"
"924","user_gen_924","brdp20230924@brdpdcsitapur.com","STUDENT","ACTIVE","--","BRDP20230924","Ravi Gupta","Saumya Gupta","9756939805","B.Sc","2023-2026","5","Biswan, Uttar Pradesh","ACTIVE","5000","5000","0","5000","5000","0","5000","5000","0","5000","5000","0","5000","0","5000","5000","0","5000","30000","20000","10000","PARTIAL","CALL IMMEDIATELY (DUE: ₹10000)"
"925","user_gen_925","brdp20230925@brdpdcsitapur.com","STUDENT","ACTIVE","--","BRDP20230925","Divyanshi Yadav","Kamlesh Yadav","9162529282","B.Sc","2023-2026","5","Sidhauli, Uttar Pradesh","ACTIVE","5000","5000","0","5000","5000","0","5000","5000","0","5000","5000","0","5000","3500","1500","5000","0","5000","30000","23500","6500","PARTIAL","CALL IMMEDIATELY (DUE: ₹6500)"
"926","user_gen_926","brdp20250926@brdpdcsitapur.com","STUDENT","ACTIVE","--","BRDP20250926","Ananya Pal","Pooja Pal","9425337059","MCA","2025-2028","2","Sitapur, Uttar Pradesh","ACTIVE","30000","30000","0","30000","0","30000","30000","0","30000","30000","0","30000","30000","0","30000","30000","0","30000","180000","30000","150000","PARTIAL","CALL IMMEDIATELY (DUE: ₹150000)"
"927","user_gen_927","brdp20230927@brdpdcsitapur.com","STUDENT","ACTIVE","--","BRDP20230927","Shivangi Agrahari","Ravi Agrahari","9961670738","B.Tech CSE","2023-2026","5","Mohali, Uttar Pradesh","ACTIVE","25000","25000","0","25000","25000","0","25000","25000","0","25000","25000","0","25000","0","25000","25000","0","25000","150000","100000","50000","PARTIAL","CALL IMMEDIATELY (DUE: ₹50000)"
"928","user_gen_928","brdp20260928@brdpdcsitapur.com","STUDENT","ACTIVE","--","BRDP20260928","Suresh Kashyap","Laxmi Kashyap","9591425630","MCA","2026-2029","1","Biswan, Uttar Pradesh","ACTIVE","30000","30000","0","30000","0","30000","30000","0","30000","30000","0","30000","30000","0","30000","30000","0","30000","180000","30000","150000","PARTIAL","CALL IMMEDIATELY (DUE: ₹150000)"
"929","user_gen_929","brdp20250929@brdpdcsitapur.com","STUDENT","ACTIVE","--","BRDP20250929","Rohan Prajapati","Pari Prajapati","9617276415","MCA","2025-2028","2","Maholi, Uttar Pradesh","ACTIVE","30000","30000","0","30000","0","30000","30000","0","30000","30000","0","30000","30000","0","30000","30000","0","30000","180000","30000","150000","PARTIAL","CALL IMMEDIATELY (DUE: ₹150000)"
"930","user_gen_930","brdp20240930@brdpdcsitapur.com","STUDENT","ACTIVE","--","BRDP20240930","Rahul Maurya","Suman Maurya","9863484678","BCA","2024-2027","3","Mohali, Uttar Pradesh","ACTIVE","20000","20000","0","20000","20000","0","20000","15000","5000","20000","0","20000","20000","0","20000","20000","0","20000","120000","55000","65000","PARTIAL","CALL IMMEDIATELY (DUE: ₹65000)"
"931","user_gen_931","brdp20250931@brdpdcsitapur.com","STUDENT","ACTIVE","--","BRDP20250931","Aarav Giri","Mahek Giri","9195224372","MCA","2025-2028","2","Mohali, Uttar Pradesh","ACTIVE","30000","30000","0","30000","17000","13000","30000","0","30000","30000","0","30000","30000","0","30000","30000","0","30000","180000","47000","133000","PARTIAL","CALL IMMEDIATELY (DUE: ₹133000)"
"932","user_gen_932","brdp20260932@brdpdcsitapur.com","STUDENT","ACTIVE","--","BRDP20260932","Ajay Verma","Sonika Verma","9473152557","BCA","2026-2029","1","Khairabad, Uttar Pradesh","ACTIVE","20000","0","20000","20000","0","20000","20000","0","20000","20000","0","20000","20000","0","20000","20000","0","20000","120000","0","120000","PENDING","CALL IMMEDIATELY (DUE: ₹120000)"
"933","user_gen_933","brdp20250933@brdpdcsitapur.com","STUDENT","ACTIVE","--","BRDP20250933","Sunil Dwivedi","Dharmendra Dwivedi","9478271886","B.Sc","2025-2028","2","Sitapur Sadar, Uttar Pradesh","ACTIVE","5000","5000","0","5000","3500","1500","5000","0","5000","5000","0","5000","5000","0","5000","5000","0","5000","30000","8500","21500","PARTIAL","CALL IMMEDIATELY (DUE: ₹21500)"
"934","user_gen_934","brdp20240934@brdpdcsitapur.com","STUDENT","ACTIVE","--","BRDP20240934","Ajay Kashyap","Anjali Kashyap","9310557161","MCA","2024-2027","3","Kanpur, Uttar Pradesh","ACTIVE","30000","30000","0","30000","30000","0","30000","30000","0","30000","0","30000","30000","0","30000","30000","0","30000","180000","90000","90000","PARTIAL","CALL IMMEDIATELY (DUE: ₹90000)"
"935","user_gen_935","brdp20240935@brdpdcsitapur.com","STUDENT","ACTIVE","--","BRDP20240935","Manoj Kashyap","Alok Kashyap","9257783079","B.Tech CSE","2024-2027","3","Maholi, Uttar Pradesh","DELETED","25000","25000","0","25000","25000","0","25000","18000","7000","25000","0","25000","25000","0","25000","25000","0","25000","150000","68000","82000","PARTIAL","CALL IMMEDIATELY (DUE: ₹82000)"
"936","user_gen_936","brdp20230936@brdpdcsitapur.com","STUDENT","ACTIVE","--","BRDP20230936","Amit Maurya","Sani Maurya","9755999285","BA","2023-2026","5","Mohali, Uttar Pradesh","ACTIVE","3000","3000","0","3000","3000","0","3000","3000","0","3000","3000","0","3000","0","3000","3000","0","3000","18000","12000","6000","PARTIAL","CALL IMMEDIATELY (DUE: ₹6000)"
"937","user_gen_937","brdp20240937@brdpdcsitapur.com","STUDENT","ACTIVE","--","BRDP20240937","Pooja Pal","Priya Pal","9119628036","BBA","2024-2027","3","Mohali, Uttar Pradesh","ACTIVE","22000","22000","0","22000","22000","0","22000","15500","6500","22000","0","22000","22000","0","22000","22000","0","22000","132000","59500","72500","PARTIAL","CALL IMMEDIATELY (DUE: ₹72500)"
"938","user_gen_938","brdp20250938@brdpdcsitapur.com","STUDENT","ACTIVE","--","BRDP20250938","Mahek Rajpoot","Nainsi Rajpoot","9778298783","B.Tech CSE","2025-2028","2","Sitapur Sadar, Uttar Pradesh","ACTIVE","25000","25000","0","25000","25000","0","25000","0","25000","25000","0","25000","25000","0","25000","25000","0","25000","150000","50000","100000","PARTIAL","CALL IMMEDIATELY (DUE: ₹100000)"
"939","user_gen_939","brdp20250939@brdpdcsitapur.com","STUDENT","ACTIVE","--","BRDP20250939","Saumya Mishra","Manoj Mishra","9743126862","MCA","2025-2028","2","Sitapur Sadar, Uttar Pradesh","ACTIVE","30000","30000","0","30000","24000","6000","30000","0","30000","30000","0","30000","30000","0","30000","30000","0","30000","180000","54000","126000","PARTIAL","CALL IMMEDIATELY (DUE: ₹126000)"
"940","user_gen_940","brdp20240940@brdpdcsitapur.com","STUDENT","ACTIVE","--","BRDP20240940","Pankaj Verma","Roshani Verma","9962640485","B.Tech CSE","2024-2027","3","Biswan, Uttar Pradesh","ACTIVE","25000","25000","0","25000","25000","0","25000","18000","7000","25000","0","25000","25000","0","25000","25000","0","25000","150000","68000","82000","PARTIAL","CALL IMMEDIATELY (DUE: ₹82000)"
"941","user_gen_941","brdp20250941@brdpdcsitapur.com","STUDENT","ACTIVE","--","BRDP20250941","Dharmendra Chaurasiya","Sonu Chaurasiya","9889955229","BA","2025-2028","2","Biswan, Uttar Pradesh","ACTIVE","3000","3000","0","3000","3000","0","3000","0","3000","3000","0","3000","3000","0","3000","3000","0","3000","18000","6000","12000","PARTIAL","CALL IMMEDIATELY (DUE: ₹12000)"
"942","user_gen_942","brdp20240942@brdpdcsitapur.com","STUDENT","ACTIVE","--","BRDP20240942","Naimish Kashyap","Neha Kashyap","9658469172","BA","2024-2027","3","Sitapur, Uttar Pradesh","ACTIVE","3000","3000","0","3000","3000","0","3000","1000","2000","3000","0","3000","3000","0","3000","3000","0","3000","18000","7000","11000","PARTIAL","CALL IMMEDIATELY (DUE: ₹11000)"
"943","user_gen_943","brdp20260943@brdpdcsitapur.com","STUDENT","ACTIVE","--","BRDP20260943","Sani Prajapati","Kavita Prajapati","9146841248","MCA","2026-2029","1","Khairabad, Uttar Pradesh","ACTIVE","30000","0","30000","30000","0","30000","30000","0","30000","30000","0","30000","30000","0","30000","30000","0","30000","180000","0","180000","PENDING","CALL IMMEDIATELY (DUE: ₹180000)"
"944","user_gen_944","brdp20250944@brdpdcsitapur.com","STUDENT","ACTIVE","--","BRDP20250944","Aarti Singh","Shivangi Singh","9224439914","B.Tech CSE","2025-2028","2","Misrikh, Uttar Pradesh","ACTIVE","25000","25000","0","25000","9000","16000","25000","0","25000","25000","0","25000","25000","0","25000","25000","0","25000","150000","34000","116000","PARTIAL","CALL IMMEDIATELY (DUE: ₹116000)"
"945","user_gen_945","brdp20240945@brdpdcsitapur.com","STUDENT","ACTIVE","--","BRDP20240945","Rekha Jaiswal","Sangita Jaiswal","9381496470","BCA","2024-2027","3","Patna, Uttar Pradesh","ACTIVE","20000","20000","0","20000","20000","0","20000","13500","6500","20000","0","20000","20000","0","20000","20000","0","20000","120000","53500","66500","PARTIAL","CALL IMMEDIATELY (DUE: ₹66500)"
"946","user_gen_946","brdp20250946@brdpdcsitapur.com","STUDENT","ACTIVE","--","BRDP20250946","Dharmendra Tripathi","Geeta Tripathi","9860094467","B.Tech CSE","2025-2028","2","Mohali, Uttar Pradesh","ACTIVE","25000","25000","0","25000","9500","15500","25000","0","25000","25000","0","25000","25000","0","25000","25000","0","25000","150000","34500","115500","PARTIAL","CALL IMMEDIATELY (DUE: ₹115500)"
"947","user_gen_947","brdp20250947@brdpdcsitapur.com","STUDENT","ACTIVE","--","BRDP20250947","Rajesh Yadav","Pari Yadav","9825173798","MCA","2025-2028","2","Lucknow, Uttar Pradesh","ACTIVE","30000","30000","0","30000","19000","11000","30000","0","30000","30000","0","30000","30000","0","30000","30000","0","30000","180000","49000","131000","PARTIAL","CALL IMMEDIATELY (DUE: ₹131000)"
"948","user_gen_948","brdp20240948@brdpdcsitapur.com","STUDENT","ACTIVE","--","BRDP20240948","Sani Tripathi","Sarita Tripathi","9828241139","BBA","2024-2027","3","Biswan, Uttar Pradesh","ACTIVE","22000","22000","0","22000","22000","0","22000","22000","0","22000","0","22000","22000","0","22000","22000","0","22000","132000","66000","66000","PARTIAL","CALL IMMEDIATELY (DUE: ₹66000)"
"949","user_gen_949","brdp20260949@brdpdcsitapur.com","STUDENT","ACTIVE","--","BRDP20260949","Adarsh Verma","Sanjay Verma","9367124047","B.Sc","2026-2029","1","Khairabad, Uttar Pradesh","ACTIVE","5000","5000","0","5000","0","5000","5000","0","5000","5000","0","5000","5000","0","5000","5000","0","5000","30000","5000","25000","PARTIAL","CALL IMMEDIATELY (DUE: ₹25000)"
"950","user_gen_950","brdp20260950@brdpdcsitapur.com","STUDENT","ACTIVE","--","BRDP20260950","Suresh Sharma","Manoj Sharma","9409735534","MCA","2026-2029","1","Sitapur, Uttar Pradesh","ACTIVE","30000","30000","0","30000","0","30000","30000","0","30000","30000","0","30000","30000","0","30000","30000","0","30000","180000","30000","150000","PARTIAL","CALL IMMEDIATELY (DUE: ₹150000)"
"951","user_gen_951","brdp20230951@brdpdcsitapur.com","STUDENT","ACTIVE","--","BRDP20230951","Ayush Mishra","Anjali Mishra","9754233434","BA","2023-2026","5","Lakhimpur Kheri, Uttar Pradesh","ACTIVE","3000","3000","0","3000","3000","0","3000","3000","0","3000","3000","0","3000","3000","0","3000","0","3000","18000","15000","3000","PARTIAL","CALL IMMEDIATELY (DUE: ₹3000)"
"952","user_gen_952","brdp20240952@brdpdcsitapur.com","STUDENT","ACTIVE","--","BRDP20240952","Pari Gupta","Mahek Gupta","9690807616","BBA","2024-2027","3","Laharpur, Uttar Pradesh","ACTIVE","22000","22000","0","22000","22000","0","22000","12500","9500","22000","0","22000","22000","0","22000","22000","0","22000","132000","56500","75500","PARTIAL","CALL IMMEDIATELY (DUE: ₹75500)"
"953","user_gen_953","brdp20250953@brdpdcsitapur.com","STUDENT","ACTIVE","--","BRDP20250953","Anamika Jaiswal","Anjali Jaiswal","9712761442","MCA","2025-2028","2","Biswan, Uttar Pradesh","ACTIVE","30000","30000","0","30000","30000","0","30000","0","30000","30000","0","30000","30000","0","30000","30000","0","30000","180000","60000","120000","PARTIAL","CALL IMMEDIATELY (DUE: ₹120000)"
"954","user_gen_954","brdp20230954@brdpdcsitapur.com","STUDENT","ACTIVE","--","BRDP20230954","Priya Mishra","Rahul Mishra","9835214623","BA","2023-2026","5","Sidhauli, Uttar Pradesh","ACTIVE","3000","3000","0","3000","3000","0","3000","3000","0","3000","3000","0","3000","3000","0","3000","0","3000","18000","15000","3000","PARTIAL","CALL IMMEDIATELY (DUE: ₹3000)"
"955","user_gen_955","brdp20230955@brdpdcsitapur.com","STUDENT","ACTIVE","--","BRDP20230955","Seema Mishra","Abhishek Mishra","9699137737","BBA","2023-2026","5","Laharpur, Uttar Pradesh","ACTIVE","22000","22000","0","22000","22000","0","22000","22000","0","22000","22000","0","22000","0","22000","22000","0","22000","132000","88000","44000","PARTIAL","CALL IMMEDIATELY (DUE: ₹44000)"
"956","user_gen_956","brdp20250956@brdpdcsitapur.com","STUDENT","ACTIVE","--","BRDP20250956","Asha Kumar","Anjali Kumar","9846179601","MCA","2025-2028","2","Misrikh, Uttar Pradesh","ACTIVE","30000","30000","0","30000","24000","6000","30000","0","30000","30000","0","30000","30000","0","30000","30000","0","30000","180000","54000","126000","PARTIAL","CALL IMMEDIATELY (DUE: ₹126000)"
"957","user_gen_957","brdp20260957@brdpdcsitapur.com","STUDENT","ACTIVE","--","BRDP20260957","Ananya Kumar","Aarav Kumar","9552691167","B.Sc","2026-2029","1","Sitapur, Uttar Pradesh","ACTIVE","5000","5000","0","5000","0","5000","5000","0","5000","5000","0","5000","5000","0","5000","5000","0","5000","30000","5000","25000","PARTIAL","CALL IMMEDIATELY (DUE: ₹25000)"
"958","user_gen_958","brdp20230958@brdpdcsitapur.com","STUDENT","ACTIVE","--","BRDP20230958","Ritu Mishra","Anjali Mishra","9223337530","BA","2023-2026","5","Mohali, Uttar Pradesh","ACTIVE","3000","3000","0","3000","3000","0","3000","3000","0","3000","3000","0","3000","0","3000","3000","0","3000","18000","12000","6000","PARTIAL","CALL IMMEDIATELY (DUE: ₹6000)"
"959","user_gen_959","brdp20260959@brdpdcsitapur.com","STUDENT","ACTIVE","--","BRDP20260959","Pankaj Pal","Aarya Pal","9365675642","MCA","2026-2029","1","Lakhimpur Kheri, Uttar Pradesh","ACTIVE","30000","0","30000","30000","0","30000","30000","0","30000","30000","0","30000","30000","0","30000","30000","0","30000","180000","0","180000","PENDING","CALL IMMEDIATELY (DUE: ₹180000)"
"960","user_gen_960","brdp20260960@brdpdcsitapur.com","STUDENT","ACTIVE","--","BRDP20260960","Meena Tiwari","Aarav Tiwari","9342515215","BBA","2026-2029","1","Mohali, Uttar Pradesh","ACTIVE","22000","0","22000","22000","0","22000","22000","0","22000","22000","0","22000","22000","0","22000","22000","0","22000","132000","0","132000","PENDING","CALL IMMEDIATELY (DUE: ₹132000)"
"961","user_gen_961","brdp20230961@brdpdcsitapur.com","STUDENT","ACTIVE","--","BRDP20230961","Iliyash Prajapati","Divanshi Prajapati","9793135546","B.Sc","2023-2026","5","Sidhauli, Uttar Pradesh","ACTIVE","5000","5000","0","5000","5000","0","5000","5000","0","5000","5000","0","5000","5000","0","5000","0","5000","30000","25000","5000","PARTIAL","CALL IMMEDIATELY (DUE: ₹5000)"
"962","user_gen_962","brdp20250962@brdpdcsitapur.com","STUDENT","ACTIVE","--","BRDP20250962","Kamlesh Pal","Usha Pal","9742784733","MCA","2025-2028","2","Laharpur, Uttar Pradesh","ACTIVE","30000","30000","0","30000","30000","0","30000","0","30000","30000","0","30000","30000","0","30000","30000","0","30000","180000","60000","120000","PARTIAL","CALL IMMEDIATELY (DUE: ₹120000)"
"963","user_gen_963","brdp20260963@brdpdcsitapur.com","STUDENT","ACTIVE","--","BRDP20260963","Roshani Pal","Sanjay Pal","9686652154","BA","2026-2029","1","Lucknow, Uttar Pradesh","ACTIVE","3000","0","3000","3000","0","3000","3000","0","3000","3000","0","3000","3000","0","3000","3000","0","3000","18000","0","18000","PENDING","CALL IMMEDIATELY (DUE: ₹18000)"
"964","user_gen_964","brdp20230964@brdpdcsitapur.com","STUDENT","ACTIVE","--","BRDP20230964","Saumya Pal","Ankul Pal","9357979667","MCA","2023-2026","5","Mohali, Uttar Pradesh","ACTIVE","30000","30000","0","30000","30000","0","30000","30000","0","30000","30000","0","30000","30000","0","30000","0","30000","180000","150000","30000","PARTIAL","CALL IMMEDIATELY (DUE: ₹30000)"
"965","user_gen_965","brdp20240965@brdpdcsitapur.com","STUDENT","ACTIVE","--","BRDP20240965","Rashi Chaurasiya","Saumya Chaurasiya","9489362199","MCA","2024-2027","3","Lucknow, Uttar Pradesh","DELETED","30000","30000","0","30000","30000","0","30000","19500","10500","30000","0","30000","30000","0","30000","30000","0","30000","180000","79500","100500","PARTIAL","CALL IMMEDIATELY (DUE: ₹100500)"
"966","user_gen_966","brdp20250966@brdpdcsitapur.com","STUDENT","ACTIVE","--","BRDP20250966","Avneesh Kanaujiya","Subhendu Kanaujiya","9725839762","BCA","2025-2028","2","Kanpur, Uttar Pradesh","DELETED","20000","20000","0","20000","10000","10000","20000","0","20000","20000","0","20000","20000","0","20000","20000","0","20000","120000","30000","90000","PARTIAL","CALL IMMEDIATELY (DUE: ₹90000)"
"967","user_gen_967","brdp20240967@brdpdcsitapur.com","STUDENT","ACTIVE","--","BRDP20240967","Satish Srivastava","Pinku Srivastava","9880191762","BCA","2024-2027","3","Biswan, Uttar Pradesh","ACTIVE","20000","20000","0","20000","20000","0","20000","20000","0","20000","0","20000","20000","0","20000","20000","0","20000","120000","60000","60000","PARTIAL","CALL IMMEDIATELY (DUE: ₹60000)"
"968","user_gen_968","brdp20250968@brdpdcsitapur.com","STUDENT","ACTIVE","--","BRDP20250968","Aarav Shukla","Neha Shukla","9816669766","BA","2025-2028","2","Sitapur, Uttar Pradesh","ACTIVE","3000","3000","0","3000","3000","0","3000","0","3000","3000","0","3000","3000","0","3000","3000","0","3000","18000","6000","12000","PARTIAL","CALL IMMEDIATELY (DUE: ₹12000)"
"969","user_gen_969","brdp20230969@brdpdcsitapur.com","STUDENT","ACTIVE","--","BRDP20230969","Ravi Pandey","Suresh Pandey","9135228623","B.Tech CSE","2023-2026","5","Patna, Uttar Pradesh","ACTIVE","25000","25000","0","25000","25000","0","25000","25000","0","25000","25000","0","25000","16000","9000","25000","0","25000","150000","116000","34000","PARTIAL","CALL IMMEDIATELY (DUE: ₹34000)"
"970","user_gen_970","brdp20250970@brdpdcsitapur.com","STUDENT","ACTIVE","--","BRDP20250970","Ankul Mishra","Ravi Mishra","9783696008","BBA","2025-2028","2","Misrikh, Uttar Pradesh","ACTIVE","22000","22000","0","22000","22000","0","22000","0","22000","22000","0","22000","22000","0","22000","22000","0","22000","132000","44000","88000","PARTIAL","CALL IMMEDIATELY (DUE: ₹88000)"
"971","user_gen_971","brdp20240971@brdpdcsitapur.com","STUDENT","ACTIVE","--","BRDP20240971","Ashish Giri","Iliyash Giri","9363364411","BA","2024-2027","3","Lucknow, Uttar Pradesh","ACTIVE","3000","3000","0","3000","3000","0","3000","2000","1000","3000","0","3000","3000","0","3000","3000","0","3000","18000","8000","10000","PARTIAL","CALL IMMEDIATELY (DUE: ₹10000)"
"972","user_gen_972","brdp20230972@brdpdcsitapur.com","STUDENT","ACTIVE","--","BRDP20230972","Aarti Gautam","Geeta Gautam","9983021004","MCA","2023-2026","5","Misrikh, Uttar Pradesh","ACTIVE","30000","30000","0","30000","30000","0","30000","30000","0","30000","30000","0","30000","15500","14500","30000","0","30000","180000","135500","44500","PARTIAL","CALL IMMEDIATELY (DUE: ₹44500)"
"973","user_gen_973","brdp20230973@brdpdcsitapur.com","STUDENT","ACTIVE","--","BRDP20230973","Deepak Maurya","Ramesh Maurya","9222743384","BCA","2023-2026","5","Khairabad, Uttar Pradesh","ACTIVE","20000","20000","0","20000","20000","0","20000","20000","0","20000","20000","0","20000","15000","5000","20000","0","20000","120000","95000","25000","PARTIAL","CALL IMMEDIATELY (DUE: ₹25000)"
"974","user_gen_974","brdp20260974@brdpdcsitapur.com","STUDENT","ACTIVE","--","BRDP20260974","Anjali Gautam","Anita Gautam","9952807624","BA","2026-2029","1","Lucknow, Uttar Pradesh","ACTIVE","3000","0","3000","3000","0","3000","3000","0","3000","3000","0","3000","3000","0","3000","3000","0","3000","18000","0","18000","PENDING","CALL IMMEDIATELY (DUE: ₹18000)"
"975","user_gen_975","brdp20230975@brdpdcsitapur.com","STUDENT","ACTIVE","--","BRDP20230975","Rajesh Devi","Ananya Devi","9463523957","MCA","2023-2026","5","Mohali, Uttar Pradesh","ACTIVE","30000","30000","0","30000","30000","0","30000","30000","0","30000","30000","0","30000","22000","8000","30000","0","30000","180000","142000","38000","PARTIAL","CALL IMMEDIATELY (DUE: ₹38000)"
"976","user_gen_976","brdp20250976@brdpdcsitapur.com","STUDENT","ACTIVE","--","BRDP20250976","Rohan Yadav","Yashee Yadav","9638618397","BCA","2025-2028","2","Kanpur, Uttar Pradesh","ACTIVE","20000","20000","0","20000","20000","0","20000","0","20000","20000","0","20000","20000","0","20000","20000","0","20000","120000","40000","80000","PARTIAL","CALL IMMEDIATELY (DUE: ₹80000)"
"977","user_gen_977","brdp20240977@brdpdcsitapur.com","STUDENT","ACTIVE","--","BRDP20240977","Deepika Rajpoot","Priya Rajpoot","9214888082","BBA","2024-2027","3","Khairabad, Uttar Pradesh","ACTIVE","22000","22000","0","22000","22000","0","22000","22000","0","22000","0","22000","22000","0","22000","22000","0","22000","132000","66000","66000","PARTIAL","CALL IMMEDIATELY (DUE: ₹66000)"
"978","user_gen_978","brdp20250978@brdpdcsitapur.com","STUDENT","ACTIVE","--","BRDP20250978","Ashutosh Rajpoot","Divyanshi Rajpoot","9582146869","B.Tech CSE","2025-2028","2","Kanpur, Uttar Pradesh","ACTIVE","25000","25000","0","25000","11000","14000","25000","0","25000","25000","0","25000","25000","0","25000","25000","0","25000","150000","36000","114000","PARTIAL","CALL IMMEDIATELY (DUE: ₹114000)"
"979","user_gen_979","brdp20250979@brdpdcsitapur.com","STUDENT","ACTIVE","--","BRDP20250979","Sunil Giri","Adarsh Giri","9759929345","BCA","2025-2028","2","Patna, Uttar Pradesh","ACTIVE","20000","20000","0","20000","20000","0","20000","0","20000","20000","0","20000","20000","0","20000","20000","0","20000","120000","40000","80000","PARTIAL","CALL IMMEDIATELY (DUE: ₹80000)"
"980","user_gen_980","brdp20230980@brdpdcsitapur.com","STUDENT","ACTIVE","--","BRDP20230980","Ashutosh Mishra","Shivani Mishra","9915374408","MCA","2023-2026","5","Lucknow, Uttar Pradesh","ACTIVE","30000","30000","0","30000","30000","0","30000","30000","0","30000","30000","0","30000","30000","0","30000","0","30000","180000","150000","30000","PARTIAL","CALL IMMEDIATELY (DUE: ₹30000)"
"981","user_gen_981","brdp20250981@brdpdcsitapur.com","STUDENT","ACTIVE","--","BRDP20250981","Sunil Rajpoot","Aditya Rajpoot","9175910794","BCA","2025-2028","2","Laharpur, Uttar Pradesh","ACTIVE","20000","20000","0","20000","14500","5500","20000","0","20000","20000","0","20000","20000","0","20000","20000","0","20000","120000","34500","85500","PARTIAL","CALL IMMEDIATELY (DUE: ₹85500)"
"982","user_gen_982","brdp20230982@brdpdcsitapur.com","STUDENT","ACTIVE","--","BRDP20230982","Priya Sharma","Sunita Sharma","9858854040","B.Tech CSE","2023-2026","5","Misrikh, Uttar Pradesh","ACTIVE","25000","25000","0","25000","25000","0","25000","25000","0","25000","25000","0","25000","25000","0","25000","0","25000","150000","125000","25000","PARTIAL","CALL IMMEDIATELY (DUE: ₹25000)"
"983","user_gen_983","brdp20260983@brdpdcsitapur.com","STUDENT","ACTIVE","--","BRDP20260983","Deepak Khan","Sanjay Khan","9958204777","BCA","2026-2029","1","Sitapur Sadar, Uttar Pradesh","ACTIVE","20000","20000","0","20000","0","20000","20000","0","20000","20000","0","20000","20000","0","20000","20000","0","20000","120000","20000","100000","PARTIAL","CALL IMMEDIATELY (DUE: ₹100000)"
"984","user_gen_984","brdp20250984@brdpdcsitapur.com","STUDENT","ACTIVE","--","BRDP20250984","Yashee Dwivedi","Sangita Dwivedi","9197480109","BBA","2025-2028","2","Mohali, Uttar Pradesh","ACTIVE","22000","22000","0","22000","10500","11500","22000","0","22000","22000","0","22000","22000","0","22000","22000","0","22000","132000","32500","99500","PARTIAL","CALL IMMEDIATELY (DUE: ₹99500)"
"985","user_gen_985","brdp20230985@brdpdcsitapur.com","STUDENT","ACTIVE","--","BRDP20230985","Anjali Dubey","Ayush Dubey","9355150158","B.Tech CSE","2023-2026","5","Mohali, Uttar Pradesh","ACTIVE","25000","25000","0","25000","25000","0","25000","25000","0","25000","25000","0","25000","9000","16000","25000","0","25000","150000","109000","41000","PARTIAL","CALL IMMEDIATELY (DUE: ₹41000)"
"986","user_gen_986","brdp20250986@brdpdcsitapur.com","STUDENT","ACTIVE","--","BRDP20250986","Meena Saini","Nainsi Saini","9805128173","B.Tech CSE","2025-2028","2","Sidhauli, Uttar Pradesh","ACTIVE","25000","25000","0","25000","25000","0","25000","0","25000","25000","0","25000","25000","0","25000","25000","0","25000","150000","50000","100000","PARTIAL","CALL IMMEDIATELY (DUE: ₹100000)"
"987","user_gen_987","brdp20260987@brdpdcsitapur.com","STUDENT","ACTIVE","--","BRDP20260987","Alok Dwivedi","Ajay Dwivedi","9232727384","BA","2026-2029","1","Hargaon, Uttar Pradesh","DELETED","3000","3000","0","3000","0","3000","3000","0","3000","3000","0","3000","3000","0","3000","3000","0","3000","18000","3000","15000","PARTIAL","CALL IMMEDIATELY (DUE: ₹15000)"
"988","user_gen_988","brdp20260988@brdpdcsitapur.com","STUDENT","ACTIVE","--","BRDP20260988","Ananya Khan","Abhishek Khan","9164583801","BCA","2026-2029","1","Misrikh, Uttar Pradesh","ACTIVE","20000","20000","0","20000","0","20000","20000","0","20000","20000","0","20000","20000","0","20000","20000","0","20000","120000","20000","100000","PARTIAL","CALL IMMEDIATELY (DUE: ₹100000)"
"989","user_gen_989","brdp20250989@brdpdcsitapur.com","STUDENT","ACTIVE","--","BRDP20250989","Manoj Agrahari","Avneesh Agrahari","9860996581","B.Sc","2025-2028","2","Sidhauli, Uttar Pradesh","ACTIVE","5000","5000","0","5000","0","5000","5000","0","5000","5000","0","5000","5000","0","5000","5000","0","5000","30000","5000","25000","PARTIAL","CALL IMMEDIATELY (DUE: ₹25000)"
"990","user_gen_990","brdp20260990@brdpdcsitapur.com","STUDENT","ACTIVE","--","BRDP20260990","Manish Pandey","Sunil Pandey","9456612305","BA","2026-2029","1","Misrikh, Uttar Pradesh","ACTIVE","3000","1000","2000","3000","0","3000","3000","0","3000","3000","0","3000","3000","0","3000","3000","0","3000","18000","1000","17000","PARTIAL","CALL IMMEDIATELY (DUE: ₹17000)"
"991","user_gen_991","brdp20250991@brdpdcsitapur.com","STUDENT","ACTIVE","--","BRDP20250991","Priya Yadav","Dharmendra Yadav","9524550814","MCA","2025-2028","2","Lakhimpur Kheri, Uttar Pradesh","ACTIVE","30000","30000","0","30000","30000","0","30000","0","30000","30000","0","30000","30000","0","30000","30000","0","30000","180000","60000","120000","PARTIAL","CALL IMMEDIATELY (DUE: ₹120000)"
"992","user_gen_992","brdp20250992@brdpdcsitapur.com","STUDENT","ACTIVE","--","BRDP20250992","Sandeep Maurya","Subhendu Maurya","9163554525","B.Tech CSE","2025-2028","2","Sitapur Sadar, Uttar Pradesh","ACTIVE","25000","25000","0","25000","18000","7000","25000","0","25000","25000","0","25000","25000","0","25000","25000","0","25000","150000","43000","107000","PARTIAL","CALL IMMEDIATELY (DUE: ₹107000)"
"993","user_gen_993","brdp20240993@brdpdcsitapur.com","STUDENT","ACTIVE","--","BRDP20240993","Meena Dwivedi","Aarti Dwivedi","9491268817","B.Tech CSE","2024-2027","3","Misrikh, Uttar Pradesh","ACTIVE","25000","25000","0","25000","25000","0","25000","8000","17000","25000","0","25000","25000","0","25000","25000","0","25000","150000","58000","92000","PARTIAL","CALL IMMEDIATELY (DUE: ₹92000)"
"994","user_gen_994","brdp20250994@brdpdcsitapur.com","STUDENT","ACTIVE","--","BRDP20250994","Vinay Mishra","Vivek Mishra","9398497023","BA","2025-2028","2","Sitapur, Uttar Pradesh","ACTIVE","3000","3000","0","3000","1500","1500","3000","0","3000","3000","0","3000","3000","0","3000","3000","0","3000","18000","4500","13500","PARTIAL","CALL IMMEDIATELY (DUE: ₹13500)"
"995","user_gen_995","brdp20250995@brdpdcsitapur.com","STUDENT","ACTIVE","--","BRDP20250995","Saumya Gupta","Priya Gupta","9728387943","BA","2025-2028","2","Sitapur, Uttar Pradesh","ACTIVE","3000","3000","0","3000","0","3000","3000","0","3000","3000","0","3000","3000","0","3000","3000","0","3000","18000","3000","15000","PARTIAL","CALL IMMEDIATELY (DUE: ₹15000)"
"996","user_gen_996","brdp20260996@brdpdcsitapur.com","STUDENT","ACTIVE","--","BRDP20260996","Anjali Mishra","Yashee Mishra","9287790478","BBA","2026-2029","1","Lucknow, Uttar Pradesh","ACTIVE","22000","22000","0","22000","0","22000","22000","0","22000","22000","0","22000","22000","0","22000","22000","0","22000","132000","22000","110000","PARTIAL","CALL IMMEDIATELY (DUE: ₹110000)"
"997","user_gen_997","brdp20250997@brdpdcsitapur.com","STUDENT","ACTIVE","--","BRDP20250997","Divanshi Paswan","Pinku Paswan","9254778463","B.Sc","2025-2028","2","Misrikh, Uttar Pradesh","ACTIVE","5000","5000","0","5000","5000","0","5000","0","5000","5000","0","5000","5000","0","5000","5000","0","5000","30000","10000","20000","PARTIAL","CALL IMMEDIATELY (DUE: ₹20000)"
"998","user_gen_998","brdp20240998@brdpdcsitapur.com","STUDENT","ACTIVE","--","BRDP20240998","Divyanshi Maurya","Ritu Maurya","9495946873","B.Sc","2024-2027","3","Misrikh, Uttar Pradesh","ACTIVE","5000","5000","0","5000","5000","0","5000","5000","0","5000","0","5000","5000","0","5000","5000","0","5000","30000","15000","15000","PARTIAL","CALL IMMEDIATELY (DUE: ₹15000)"
"999","user_gen_999","brdp20250999@brdpdcsitapur.com","STUDENT","ACTIVE","--","BRDP20250999","Pari Dwivedi","Pinku Dwivedi","9488665903","B.Sc","2025-2028","2","Khairabad, Uttar Pradesh","ACTIVE","5000","5000","0","5000","0","5000","5000","0","5000","5000","0","5000","5000","0","5000","5000","0","5000","30000","5000","25000","PARTIAL","CALL IMMEDIATELY (DUE: ₹25000)"
"1000","user_gen_1000","brdp20261000@brdpdcsitapur.com","STUDENT","ACTIVE","--","BRDP20261000","Neha Dubey","Deepak Dubey","9634700528","BCA","2026-2029","1","Sitapur, Uttar Pradesh","ACTIVE","20000","9500","10500","20000","0","20000","20000","0","20000","20000","0","20000","20000","0","20000","20000","0","20000","120000","9500","110500","PARTIAL","CALL IMMEDIATELY (DUE: ₹110500)"
"1001","user_gen_1001","brdp20261001@brdpdcsitapur.com","STUDENT","ACTIVE","--","BRDP20261001","Pushpendra Pandey","Sunita Pandey","9359192056","BA","2026-2029","1","Sitapur Sadar, Uttar Pradesh","ACTIVE","3000","0","3000","3000","0","3000","3000","0","3000","3000","0","3000","3000","0","3000","3000","0","3000","18000","0","18000","PENDING","CALL IMMEDIATELY (DUE: ₹18000)"
"1002","user_gen_1002","brdp20261002@brdpdcsitapur.com","STUDENT","ACTIVE","--","BRDP20261002","Vikas Srivastava","Sangita Srivastava","9489945842","B.Sc","2026-2029","1","Laharpur, Uttar Pradesh","DELETED","5000","0","5000","5000","0","5000","5000","0","5000","5000","0","5000","5000","0","5000","5000","0","5000","30000","0","30000","PENDING","CALL IMMEDIATELY (DUE: ₹30000)"
"1003","user_gen_1003","brdp20261003@brdpdcsitapur.com","STUDENT","ACTIVE","--","BRDP20261003","Pooja Dubey","Laxmi Dubey","9968316110","B.Tech CSE","2026-2029","1","Lucknow, Uttar Pradesh","ACTIVE","25000","25000","0","25000","0","25000","25000","0","25000","25000","0","25000","25000","0","25000","25000","0","25000","150000","25000","125000","PARTIAL","CALL IMMEDIATELY (DUE: ₹125000)"
"1004","user_gen_1004","brdp20261004@brdpdcsitapur.com","STUDENT","ACTIVE","--","BRDP20261004","Vivek Devi","Shivangi Devi","9357572305","BCA","2026-2029","1","Khairabad, Uttar Pradesh","ACTIVE","20000","14500","5500","20000","0","20000","20000","0","20000","20000","0","20000","20000","0","20000","20000","0","20000","120000","14500","105500","PARTIAL","CALL IMMEDIATELY (DUE: ₹105500)"
"1005","user_gen_1005","brdp20251005@brdpdcsitapur.com","STUDENT","ACTIVE","--","BRDP20251005","Deepa Tripathi","Vikas Tripathi","9132290080","MCA","2025-2028","2","Sidhauli, Uttar Pradesh","ACTIVE","30000","30000","0","30000","30000","0","30000","0","30000","30000","0","30000","30000","0","30000","30000","0","30000","180000","60000","120000","PARTIAL","CALL IMMEDIATELY (DUE: ₹120000)"
"1006","user_gen_1006","brdp20231006@brdpdcsitapur.com","STUDENT","ACTIVE","--","BRDP20231006","Prateek Mishra","Subhendu Mishra","9708622450","BBA","2023-2026","5","Khairabad, Uttar Pradesh","ACTIVE","22000","22000","0","22000","22000","0","22000","22000","0","22000","22000","0","22000","14500","7500","22000","0","22000","132000","102500","29500","PARTIAL","CALL IMMEDIATELY (DUE: ₹29500)"
"1007","user_gen_1007","brdp20231007@brdpdcsitapur.com","STUDENT","ACTIVE","--","BRDP20231007","Pushpendra Shukla","Priya Shukla","9129981191","BBA","2023-2026","5","Biswan, Uttar Pradesh","ACTIVE","22000","22000","0","22000","22000","0","22000","22000","0","22000","22000","0","22000","10000","12000","22000","0","22000","132000","98000","34000","PARTIAL","CALL IMMEDIATELY (DUE: ₹34000)"
"1008","user_gen_1008","brdp20231008@brdpdcsitapur.com","STUDENT","ACTIVE","--","BRDP20231008","Avneesh Kashyap","Priya Kashyap","9328257144","B.Tech CSE","2023-2026","5","Maholi, Uttar Pradesh","ACTIVE","25000","25000","0","25000","25000","0","25000","25000","0","25000","25000","0","25000","0","25000","25000","0","25000","150000","100000","50000","PARTIAL","CALL IMMEDIATELY (DUE: ₹50000)"
"1009","user_gen_1009","brdp20251009@brdpdcsitapur.com","STUDENT","ACTIVE","--","BRDP20251009","Geeta Pandey","Rahul Pandey","9662669084","BBA","2025-2028","2","Sitapur, Uttar Pradesh","ACTIVE","22000","22000","0","22000","0","22000","22000","0","22000","22000","0","22000","22000","0","22000","22000","0","22000","132000","22000","110000","PARTIAL","CALL IMMEDIATELY (DUE: ₹110000)"
"1010","user_gen_1010","brdp20241010@brdpdcsitapur.com","STUDENT","ACTIVE","--","BRDP20241010","Rekha Rathour","Manish Rathour","9594870169","B.Tech CSE","2024-2027","3","Lucknow, Uttar Pradesh","ACTIVE","25000","25000","0","25000","25000","0","25000","0","25000","25000","0","25000","25000","0","25000","25000","0","25000","150000","50000","100000","PARTIAL","CALL IMMEDIATELY (DUE: ₹100000)"
"1011","user_gen_1011","brdp20261011@brdpdcsitapur.com","STUDENT","ACTIVE","--","BRDP20261011","Sunita Pandey","Anjali Pandey","9848237193","BA","2026-2029","1","Laharpur, Uttar Pradesh","ACTIVE","3000","0","3000","3000","0","3000","3000","0","3000","3000","0","3000","3000","0","3000","3000","0","3000","18000","0","18000","PENDING","CALL IMMEDIATELY (DUE: ₹18000)"
"1012","user_gen_1012","brdp20231012@brdpdcsitapur.com","STUDENT","ACTIVE","--","BRDP20231012","Prateek Tripathi","Dipanshi Tripathi","9619484146","B.Tech CSE","2023-2026","5","Biswan, Uttar Pradesh","ACTIVE","25000","25000","0","25000","25000","0","25000","25000","0","25000","25000","0","25000","16500","8500","25000","0","25000","150000","116500","33500","PARTIAL","CALL IMMEDIATELY (DUE: ₹33500)"
"1013","user_gen_1013","brdp20231013@brdpdcsitapur.com","STUDENT","ACTIVE","--","BRDP20231013","Rashi Gupta","Sarita Gupta","9291853663","BBA","2023-2026","5","Patna, Uttar Pradesh","ACTIVE","22000","22000","0","22000","22000","0","22000","22000","0","22000","22000","0","22000","13500","8500","22000","0","22000","132000","101500","30500","PARTIAL","CALL IMMEDIATELY (DUE: ₹30500)"
"1014","user_gen_1014","brdp20231014@brdpdcsitapur.com","STUDENT","ACTIVE","--","BRDP20231014","Priya Rajpoot","Saurabh Rajpoot","9622159937","BBA","2023-2026","5","Hargaon, Uttar Pradesh","ACTIVE","22000","22000","0","22000","22000","0","22000","22000","0","22000","22000","0","22000","0","22000","22000","0","22000","132000","88000","44000","PARTIAL","CALL IMMEDIATELY (DUE: ₹44000)"
"1015","user_gen_1015","brdp20251015@brdpdcsitapur.com","STUDENT","ACTIVE","--","BRDP20251015","Amit Prajapati","Prateek Prajapati","9582211471","B.Tech CSE","2025-2028","2","Lakhimpur Kheri, Uttar Pradesh","ACTIVE","25000","25000","0","25000","0","25000","25000","0","25000","25000","0","25000","25000","0","25000","25000","0","25000","150000","25000","125000","PARTIAL","CALL IMMEDIATELY (DUE: ₹125000)"
"1016","user_gen_1016","brdp20241016@brdpdcsitapur.com","STUDENT","ACTIVE","--","BRDP20241016","Yashee Sharma","Manish Sharma","9111667350","BBA","2024-2027","3","Biswan, Uttar Pradesh","ACTIVE","22000","22000","0","22000","22000","0","22000","22000","0","22000","0","22000","22000","0","22000","22000","0","22000","132000","66000","66000","PARTIAL","CALL IMMEDIATELY (DUE: ₹66000)"
"1017","user_gen_1017","brdp20261017@brdpdcsitapur.com","STUDENT","ACTIVE","--","BRDP20261017","Suman Tiwari","Vijay Tiwari","9437275464","MCA","2026-2029","1","Sidhauli, Uttar Pradesh","ACTIVE","30000","30000","0","30000","0","30000","30000","0","30000","30000","0","30000","30000","0","30000","30000","0","30000","180000","30000","150000","PARTIAL","CALL IMMEDIATELY (DUE: ₹150000)"
"1018","user_gen_1018","brdp20251018@brdpdcsitapur.com","STUDENT","ACTIVE","--","BRDP20251018","Sangita Gupta","Vivek Gupta","9349558785","B.Tech CSE","2025-2028","2","Misrikh, Uttar Pradesh","DELETED","25000","25000","0","25000","25000","0","25000","0","25000","25000","0","25000","25000","0","25000","25000","0","25000","150000","50000","100000","PARTIAL","CALL IMMEDIATELY (DUE: ₹100000)"
"1019","user_gen_1019","brdp20261019@brdpdcsitapur.com","STUDENT","ACTIVE","--","BRDP20261019","Kavita Verma","Raj Verma","9331032808","B.Sc","2026-2029","1","Hargaon, Uttar Pradesh","ACTIVE","5000","5000","0","5000","0","5000","5000","0","5000","5000","0","5000","5000","0","5000","5000","0","5000","30000","5000","25000","PARTIAL","CALL IMMEDIATELY (DUE: ₹25000)"
"1020","user_gen_1020","brdp20251020@brdpdcsitapur.com","STUDENT","ACTIVE","--","BRDP20251020","Vijay Maurya","Ritu Maurya","9871207728","B.Sc","2025-2028","2","Lakhimpur Kheri, Uttar Pradesh","ACTIVE","5000","5000","0","5000","3000","2000","5000","0","5000","5000","0","5000","5000","0","5000","5000","0","5000","30000","8000","22000","PARTIAL","CALL IMMEDIATELY (DUE: ₹22000)"
"1021","user_gen_1021","brdp20241021@brdpdcsitapur.com","STUDENT","ACTIVE","--","BRDP20241021","Shivangi Kumar","Divanshi Kumar","9734966460","B.Tech CSE","2024-2027","3","Kanpur, Uttar Pradesh","ACTIVE","25000","25000","0","25000","25000","0","25000","17000","8000","25000","0","25000","25000","0","25000","25000","0","25000","150000","67000","83000","PARTIAL","CALL IMMEDIATELY (DUE: ₹83000)"
"1022","user_gen_1022","brdp20231022@brdpdcsitapur.com","STUDENT","ACTIVE","--","BRDP20231022","Usha Sharma","Vinay Sharma","9354468784","B.Tech CSE","2023-2026","5","Khairabad, Uttar Pradesh","ACTIVE","25000","25000","0","25000","25000","0","25000","25000","0","25000","25000","0","25000","11500","13500","25000","0","25000","150000","111500","38500","PARTIAL","CALL IMMEDIATELY (DUE: ₹38500)"
"1023","user_gen_1023","brdp20261023@brdpdcsitapur.com","STUDENT","ACTIVE","--","BRDP20261023","Seema Jaiswal","Aarya Jaiswal","9544765879","BBA","2026-2029","1","Maholi, Uttar Pradesh","ACTIVE","22000","22000","0","22000","0","22000","22000","0","22000","22000","0","22000","22000","0","22000","22000","0","22000","132000","22000","110000","PARTIAL","CALL IMMEDIATELY (DUE: ₹110000)"
"1024","user_gen_1024","brdp20261024@brdpdcsitapur.com","STUDENT","ACTIVE","--","BRDP20261024","Sandeep Kashyap","Geeta Kashyap","9761867012","BBA","2026-2029","1","Kanpur, Uttar Pradesh","ACTIVE","22000","8000","14000","22000","0","22000","22000","0","22000","22000","0","22000","22000","0","22000","22000","0","22000","132000","8000","124000","PARTIAL","CALL IMMEDIATELY (DUE: ₹124000)"
"1025","user_gen_1025","brdp20231025@brdpdcsitapur.com","STUDENT","ACTIVE","--","BRDP20231025","Rohan Tripathi","Divanshi Tripathi","9721232574","MCA","2023-2026","5","Maholi, Uttar Pradesh","ACTIVE","30000","30000","0","30000","30000","0","30000","30000","0","30000","30000","0","30000","15500","14500","30000","0","30000","180000","135500","44500","PARTIAL","CALL IMMEDIATELY (DUE: ₹44500)"
"1026","user_gen_1026","brdp20251026@brdpdcsitapur.com","STUDENT","ACTIVE","--","BRDP20251026","Sangita Sharma","Suresh Sharma","9970143294","BA","2025-2028","2","Patna, Uttar Pradesh","ACTIVE","3000","3000","0","3000","3000","0","3000","0","3000","3000","0","3000","3000","0","3000","3000","0","3000","18000","6000","12000","PARTIAL","CALL IMMEDIATELY (DUE: ₹12000)"
"1027","user_gen_1027","brdp20241027@brdpdcsitapur.com","STUDENT","ACTIVE","--","BRDP20241027","Roshani Mishra","Rashi Mishra","9951380297","BA","2024-2027","3","Laharpur, Uttar Pradesh","ACTIVE","3000","3000","0","3000","3000","0","3000","2000","1000","3000","0","3000","3000","0","3000","3000","0","3000","18000","8000","10000","PARTIAL","CALL IMMEDIATELY (DUE: ₹10000)"
"1028","user_gen_1028","brdp20261028@brdpdcsitapur.com","STUDENT","ACTIVE","--","BRDP20261028","Deepika Rajpoot","Sanjay Rajpoot","9266688244","MCA","2026-2029","1","Kanpur, Uttar Pradesh","ACTIVE","30000","16500","13500","30000","0","30000","30000","0","30000","30000","0","30000","30000","0","30000","30000","0","30000","180000","16500","163500","PARTIAL","CALL IMMEDIATELY (DUE: ₹163500)"
"1029","user_gen_1029","brdp20261029@brdpdcsitapur.com","STUDENT","ACTIVE","--","BRDP20261029","Manish Dwivedi","Pari Dwivedi","9172655986","B.Sc","2026-2029","1","Lucknow, Uttar Pradesh","ACTIVE","5000","3500","1500","5000","0","5000","5000","0","5000","5000","0","5000","5000","0","5000","5000","0","5000","30000","3500","26500","PARTIAL","CALL IMMEDIATELY (DUE: ₹26500)"
"1030","user_gen_1030","brdp20241030@brdpdcsitapur.com","STUDENT","ACTIVE","--","BRDP20241030","Sonika Kashyap","Ashish Kashyap","9588676015","BCA","2024-2027","3","Patna, Uttar Pradesh","ACTIVE","20000","20000","0","20000","20000","0","20000","20000","0","20000","0","20000","20000","0","20000","20000","0","20000","120000","60000","60000","PARTIAL","CALL IMMEDIATELY (DUE: ₹60000)"
"1031","user_gen_1031","brdp20251031@brdpdcsitapur.com","STUDENT","ACTIVE","--","BRDP20251031","Sonu Verma","Adarsh Verma","9280116706","MCA","2025-2028","2","Kanpur, Uttar Pradesh","ACTIVE","30000","30000","0","30000","15000","15000","30000","0","30000","30000","0","30000","30000","0","30000","30000","0","30000","180000","45000","135000","PARTIAL","CALL IMMEDIATELY (DUE: ₹135000)"
"1032","user_gen_1032","brdp20251032@brdpdcsitapur.com","STUDENT","ACTIVE","--","BRDP20251032","Sanjay Jaiswal","Rekha Jaiswal","9949678082","BBA","2025-2028","2","Mohali, Uttar Pradesh","ACTIVE","22000","22000","0","22000","12500","9500","22000","0","22000","22000","0","22000","22000","0","22000","22000","0","22000","132000","34500","97500","PARTIAL","CALL IMMEDIATELY (DUE: ₹97500)"
"1033","user_gen_1033","brdp20251033@brdpdcsitapur.com","STUDENT","ACTIVE","--","BRDP20251033","Pankaj Rajpoot","Avneesh Rajpoot","9525017990","B.Sc","2025-2028","2","Khairabad, Uttar Pradesh","ACTIVE","5000","5000","0","5000","1500","3500","5000","0","5000","5000","0","5000","5000","0","5000","5000","0","5000","30000","6500","23500","PARTIAL","CALL IMMEDIATELY (DUE: ₹23500)"
"1034","user_gen_1034","brdp20231034@brdpdcsitapur.com","STUDENT","ACTIVE","--","BRDP20231034","Vivek Kanaujiya","Roshani Kanaujiya","9672366921","MCA","2023-2026","5","Sitapur Sadar, Uttar Pradesh","DELETED","30000","30000","0","30000","30000","0","30000","30000","0","30000","30000","0","30000","19000","11000","30000","0","30000","180000","139000","41000","PARTIAL","CALL IMMEDIATELY (DUE: ₹41000)"
"1035","user_gen_1035","brdp20241035@brdpdcsitapur.com","STUDENT","ACTIVE","--","BRDP20241035","Rekha Sharma","Sunita Sharma","9853935718","MCA","2024-2027","3","Mohali, Uttar Pradesh","ACTIVE","30000","30000","0","30000","30000","0","30000","12000","18000","30000","0","30000","30000","0","30000","30000","0","30000","180000","72000","108000","PARTIAL","CALL IMMEDIATELY (DUE: ₹108000)"
"1036","user_gen_1036","brdp20241036@brdpdcsitapur.com","STUDENT","ACTIVE","--","BRDP20241036","Pushpendra Khan","Aarya Khan","9904377804","B.Sc","2024-2027","3","Patna, Uttar Pradesh","ACTIVE","5000","5000","0","5000","5000","0","5000","5000","0","5000","0","5000","5000","0","5000","5000","0","5000","30000","15000","15000","PARTIAL","CALL IMMEDIATELY (DUE: ₹15000)"
"1037","user_gen_1037","brdp20231037@brdpdcsitapur.com","STUDENT","ACTIVE","--","BRDP20231037","Pankaj Pal","Suman Pal","9100869200","MCA","2023-2026","5","Biswan, Uttar Pradesh","ACTIVE","30000","30000","0","30000","30000","0","30000","30000","0","30000","30000","0","30000","17000","13000","30000","0","30000","180000","137000","43000","PARTIAL","CALL IMMEDIATELY (DUE: ₹43000)"
"1038","user_gen_1038","brdp20261038@brdpdcsitapur.com","STUDENT","ACTIVE","--","BRDP20261038","Vijay Devi","Sanjay Devi","9135637000","B.Sc","2026-2029","1","Maholi, Uttar Pradesh","ACTIVE","5000","3000","2000","5000","0","5000","5000","0","5000","5000","0","5000","5000","0","5000","5000","0","5000","30000","3000","27000","PARTIAL","CALL IMMEDIATELY (DUE: ₹27000)"
"1039","user_gen_1039","brdp20231039@brdpdcsitapur.com","STUDENT","ACTIVE","--","BRDP20231039","Ananya Saini","Sangita Saini","9734153622","B.Tech CSE","2023-2026","5","Patna, Uttar Pradesh","ACTIVE","25000","25000","0","25000","25000","0","25000","25000","0","25000","25000","0","25000","25000","0","25000","0","25000","150000","125000","25000","PARTIAL","CALL IMMEDIATELY (DUE: ₹25000)"
"1040","user_gen_1040","brdp20231040@brdpdcsitapur.com","STUDENT","ACTIVE","--","BRDP20231040","Ritu Mishra","Manoj Mishra","9705485941","B.Tech CSE","2023-2026","5","Sidhauli, Uttar Pradesh","ACTIVE","25000","25000","0","25000","25000","0","25000","25000","0","25000","25000","0","25000","0","25000","25000","0","25000","150000","100000","50000","PARTIAL","CALL IMMEDIATELY (DUE: ₹50000)"
"1041","user_gen_1041","brdp20261041@brdpdcsitapur.com","STUDENT","ACTIVE","--","BRDP20261041","Divyanshi Jaiswal","Pinku Jaiswal","9798589770","MCA","2026-2029","1","Khairabad, Uttar Pradesh","ACTIVE","30000","30000","0","30000","0","30000","30000","0","30000","30000","0","30000","30000","0","30000","30000","0","30000","180000","30000","150000","PARTIAL","CALL IMMEDIATELY (DUE: ₹150000)"
"1042","user_gen_1042","brdp20231042@brdpdcsitapur.com","STUDENT","ACTIVE","--","BRDP20231042","Rohan Sharma","Aarya Sharma","9736159119","B.Sc","2023-2026","5","Sitapur, Uttar Pradesh","ACTIVE","5000","5000","0","5000","5000","0","5000","5000","0","5000","5000","0","5000","3500","1500","5000","0","5000","30000","23500","6500","PARTIAL","CALL IMMEDIATELY (DUE: ₹6500)"
"1043","user_gen_1043","brdp20241043@brdpdcsitapur.com","STUDENT","ACTIVE","--","BRDP20241043","Kamlesh Gupta","Satish Gupta","9969851063","BA","2024-2027","3","Maholi, Uttar Pradesh","ACTIVE","3000","3000","0","3000","3000","0","3000","3000","0","3000","0","3000","3000","0","3000","3000","0","3000","18000","9000","9000","PARTIAL","CALL IMMEDIATELY (DUE: ₹9000)"
"1044","user_gen_1044","brdp20261044@brdpdcsitapur.com","STUDENT","ACTIVE","--","BRDP20261044","Pushpendra Mishra","Sunita Mishra","9835585523","BA","2026-2029","1","Laharpur, Uttar Pradesh","ACTIVE","3000","3000","0","3000","0","3000","3000","0","3000","3000","0","3000","3000","0","3000","3000","0","3000","18000","3000","15000","PARTIAL","CALL IMMEDIATELY (DUE: ₹15000)"
"1045","user_gen_1045","brdp20231045@brdpdcsitapur.com","STUDENT","ACTIVE","--","BRDP20231045","Shivani Dwivedi","Pooja Dwivedi","9192930352","B.Tech CSE","2023-2026","5","Lakhimpur Kheri, Uttar Pradesh","ACTIVE","25000","25000","0","25000","25000","0","25000","25000","0","25000","25000","0","25000","25000","0","25000","0","25000","150000","125000","25000","PARTIAL","CALL IMMEDIATELY (DUE: ₹25000)"
"1046","user_gen_1046","brdp20231046@brdpdcsitapur.com","STUDENT","ACTIVE","--","BRDP20231046","Laxmi Pal","Priya Pal","9336026471","BCA","2023-2026","5","Hargaon, Uttar Pradesh","ACTIVE","20000","20000","0","20000","20000","0","20000","20000","0","20000","20000","0","20000","6500","13500","20000","0","20000","120000","86500","33500","PARTIAL","CALL IMMEDIATELY (DUE: ₹33500)"
"1047","user_gen_1047","brdp20241047@brdpdcsitapur.com","STUDENT","ACTIVE","--","BRDP20241047","Subhendu Yadav","Gudiya Yadav","9540520623","BBA","2024-2027","3","Patna, Uttar Pradesh","ACTIVE","22000","22000","0","22000","22000","0","22000","7500","14500","22000","0","22000","22000","0","22000","22000","0","22000","132000","51500","80500","PARTIAL","CALL IMMEDIATELY (DUE: ₹80500)"
"1048","user_gen_1048","brdp20251048@brdpdcsitapur.com","STUDENT","ACTIVE","--","BRDP20251048","Sanjay Jaiswal","Rashi Jaiswal","9819679882","MCA","2025-2028","2","Laharpur, Uttar Pradesh","ACTIVE","30000","30000","0","30000","18500","11500","30000","0","30000","30000","0","30000","30000","0","30000","30000","0","30000","180000","48500","131500","PARTIAL","CALL IMMEDIATELY (DUE: ₹131500)"
"1049","user_gen_1049","brdp20241049@brdpdcsitapur.com","STUDENT","ACTIVE","--","BRDP20241049","Adarsh Gupta","Pooja Gupta","9435252296","MCA","2024-2027","3","Sitapur Sadar, Uttar Pradesh","ACTIVE","30000","30000","0","30000","30000","0","30000","11000","19000","30000","0","30000","30000","0","30000","30000","0","30000","180000","71000","109000","PARTIAL","CALL IMMEDIATELY (DUE: ₹109000)"
"1050","user_gen_1050","brdp20261050@brdpdcsitapur.com","STUDENT","ACTIVE","--","BRDP20261050","Shivangi Dwivedi","Vishal Dwivedi","9824650026","MCA","2026-2029","1","Misrikh, Uttar Pradesh","ACTIVE","30000","18000","12000","30000","0","30000","30000","0","30000","30000","0","30000","30000","0","30000","30000","0","30000","180000","18000","162000","PARTIAL","CALL IMMEDIATELY (DUE: ₹162000)"
"1051","user_gen_1051","brdp20231051@brdpdcsitapur.com","STUDENT","ACTIVE","--","BRDP20231051","Meena Singh","Rahul Singh","9519137107","MCA","2023-2026","5","Sitapur Sadar, Uttar Pradesh","ACTIVE","30000","30000","0","30000","30000","0","30000","30000","0","30000","30000","0","30000","0","30000","30000","0","30000","180000","120000","60000","PARTIAL","CALL IMMEDIATELY (DUE: ₹60000)"
"1052","user_gen_1052","brdp20251052@brdpdcsitapur.com","STUDENT","ACTIVE","--","BRDP20251052","Pinku Pandey","Yashee Pandey","9206905479","MCA","2025-2028","2","Kanpur, Uttar Pradesh","ACTIVE","30000","30000","0","30000","19000","11000","30000","0","30000","30000","0","30000","30000","0","30000","30000","0","30000","180000","49000","131000","PARTIAL","CALL IMMEDIATELY (DUE: ₹131000)"
"1053","user_gen_1053","brdp20261053@brdpdcsitapur.com","STUDENT","ACTIVE","--","BRDP20261053","Pushpendra Srivastava","Shivangi Srivastava","9267398670","BCA","2026-2029","1","Mohali, Uttar Pradesh","ACTIVE","20000","12000","8000","20000","0","20000","20000","0","20000","20000","0","20000","20000","0","20000","20000","0","20000","120000","12000","108000","PARTIAL","CALL IMMEDIATELY (DUE: ₹108000)"
"1054","user_gen_1054","brdp20251054@brdpdcsitapur.com","STUDENT","ACTIVE","--","BRDP20251054","Ashutosh Mishra","Deepa Mishra","9572532114","B.Tech CSE","2025-2028","2","Mohali, Uttar Pradesh","ACTIVE","25000","25000","0","25000","25000","0","25000","0","25000","25000","0","25000","25000","0","25000","25000","0","25000","150000","50000","100000","PARTIAL","CALL IMMEDIATELY (DUE: ₹100000)"
"1055","user_gen_1055","brdp20261055@brdpdcsitapur.com","STUDENT","ACTIVE","--","BRDP20261055","Sani Maurya","Saumya Maurya","9275515150","BA","2026-2029","1","Lucknow, Uttar Pradesh","ACTIVE","3000","3000","0","3000","0","3000","3000","0","3000","3000","0","3000","3000","0","3000","3000","0","3000","18000","3000","15000","PARTIAL","CALL IMMEDIATELY (DUE: ₹15000)"
"1056","user_gen_1056","brdp20261056@brdpdcsitapur.com","STUDENT","ACTIVE","--","BRDP20261056","Pooja Tripathi","Vivek Tripathi","9390226472","BCA","2026-2029","1","Laharpur, Uttar Pradesh","ACTIVE","20000","15000","5000","20000","0","20000","20000","0","20000","20000","0","20000","20000","0","20000","20000","0","20000","120000","15000","105000","PARTIAL","CALL IMMEDIATELY (DUE: ₹105000)"
"1057","user_gen_1057","brdp20251057@brdpdcsitapur.com","STUDENT","ACTIVE","--","BRDP20251057","Pankaj Pal","Kavita Pal","9870274218","B.Sc","2025-2028","2","Khairabad, Uttar Pradesh","ACTIVE","5000","5000","0","5000","2500","2500","5000","0","5000","5000","0","5000","5000","0","5000","5000","0","5000","30000","7500","22500","PARTIAL","CALL IMMEDIATELY (DUE: ₹22500)"
"1058","user_gen_1058","brdp20241058@brdpdcsitapur.com","STUDENT","ACTIVE","--","BRDP20241058","Vinod Chaurasiya","Rashi Chaurasiya","9840234952","BCA","2024-2027","3","Hargaon, Uttar Pradesh","ACTIVE","20000","20000","0","20000","20000","0","20000","10000","10000","20000","0","20000","20000","0","20000","20000","0","20000","120000","50000","70000","PARTIAL","CALL IMMEDIATELY (DUE: ₹70000)"
"1059","user_gen_1059","brdp20231059@brdpdcsitapur.com","STUDENT","ACTIVE","--","BRDP20231059","Sani Prajapati","Ayush Prajapati","9226094664","BCA","2023-2026","5","Kanpur, Uttar Pradesh","ACTIVE","20000","20000","0","20000","20000","0","20000","20000","0","20000","20000","0","20000","20000","0","20000","0","20000","120000","100000","20000","PARTIAL","CALL IMMEDIATELY (DUE: ₹20000)"
"1060","user_gen_1060","brdp20241060@brdpdcsitapur.com","STUDENT","ACTIVE","--","BRDP20241060","Shivangi Maurya","Seema Maurya","9857527211","BBA","2024-2027","3","Lucknow, Uttar Pradesh","ACTIVE","22000","22000","0","22000","22000","0","22000","0","22000","22000","0","22000","22000","0","22000","22000","0","22000","132000","44000","88000","PARTIAL","CALL IMMEDIATELY (DUE: ₹88000)"
"1061","user_gen_1061","brdp20261061@brdpdcsitapur.com","STUDENT","ACTIVE","--","BRDP20261061","Laxmi Saini","Sunita Saini","9785104621","BBA","2026-2029","1","Sitapur Sadar, Uttar Pradesh","ACTIVE","22000","0","22000","22000","0","22000","22000","0","22000","22000","0","22000","22000","0","22000","22000","0","22000","132000","0","132000","PENDING","CALL IMMEDIATELY (DUE: ₹132000)"
"1062","user_gen_1062","brdp20241062@brdpdcsitapur.com","STUDENT","ACTIVE","--","BRDP20241062","Deepika Kanaujiya","Rohan Kanaujiya","9374246025","BA","2024-2027","3","Biswan, Uttar Pradesh","ACTIVE","3000","3000","0","3000","3000","0","3000","2000","1000","3000","0","3000","3000","0","3000","3000","0","3000","18000","8000","10000","PARTIAL","CALL IMMEDIATELY (DUE: ₹10000)"
"1063","user_gen_1063","brdp20261063@brdpdcsitapur.com","STUDENT","ACTIVE","--","BRDP20261063","Deepika Tripathi","Sunita Tripathi","9756584653","MCA","2026-2029","1","Sitapur Sadar, Uttar Pradesh","ACTIVE","30000","30000","0","30000","0","30000","30000","0","30000","30000","0","30000","30000","0","30000","30000","0","30000","180000","30000","150000","PARTIAL","CALL IMMEDIATELY (DUE: ₹150000)"
"1064","user_gen_1064","brdp20241064@brdpdcsitapur.com","STUDENT","ACTIVE","--","BRDP20241064","Meena Khan","Rohan Khan","9955538395","BCA","2024-2027","3","Hargaon, Uttar Pradesh","ACTIVE","20000","20000","0","20000","20000","0","20000","0","20000","20000","0","20000","20000","0","20000","20000","0","20000","120000","40000","80000","PARTIAL","CALL IMMEDIATELY (DUE: ₹80000)"
"1065","user_gen_1065","brdp20251065@brdpdcsitapur.com","STUDENT","ACTIVE","--","BRDP20251065","Pari Paswan","Avneesh Paswan","9527353959","B.Sc","2025-2028","2","Sitapur, Uttar Pradesh","ACTIVE","5000","5000","0","5000","0","5000","5000","0","5000","5000","0","5000","5000","0","5000","5000","0","5000","30000","5000","25000","PARTIAL","CALL IMMEDIATELY (DUE: ₹25000)"
"1066","user_gen_1066","brdp20251066@brdpdcsitapur.com","STUDENT","ACTIVE","--","BRDP20251066","Asha Srivastava","Ajay Srivastava","9907733389","B.Tech CSE","2025-2028","2","Lucknow, Uttar Pradesh","ACTIVE","25000","25000","0","25000","0","25000","25000","0","25000","25000","0","25000","25000","0","25000","25000","0","25000","150000","25000","125000","PARTIAL","CALL IMMEDIATELY (DUE: ₹125000)"
"1067","user_gen_1067","brdp20231067@brdpdcsitapur.com","STUDENT","ACTIVE","--","BRDP20231067","Ajay Pal","Avneesh Pal","9751475242","BBA","2023-2026","5","Laharpur, Uttar Pradesh","ACTIVE","22000","22000","0","22000","22000","0","22000","22000","0","22000","22000","0","22000","7000","15000","22000","0","22000","132000","95000","37000","PARTIAL","CALL IMMEDIATELY (DUE: ₹37000)"
"1068","user_gen_1068","brdp20261068@brdpdcsitapur.com","STUDENT","ACTIVE","--","BRDP20261068","Asha Dubey","Aarti Dubey","9633100604","B.Tech CSE","2026-2029","1","Lucknow, Uttar Pradesh","ACTIVE","25000","7500","17500","25000","0","25000","25000","0","25000","25000","0","25000","25000","0","25000","25000","0","25000","150000","7500","142500","PARTIAL","CALL IMMEDIATELY (DUE: ₹142500)"
"1069","user_gen_1069","brdp20231069@brdpdcsitapur.com","STUDENT","ACTIVE","--","BRDP20231069","Shivani Verma","Deepika Verma","9148883487","B.Sc","2023-2026","5","Lucknow, Uttar Pradesh","ACTIVE","5000","5000","0","5000","5000","0","5000","5000","0","5000","5000","0","5000","2000","3000","5000","0","5000","30000","22000","8000","PARTIAL","CALL IMMEDIATELY (DUE: ₹8000)"
"1070","user_gen_1070","brdp20261070@brdpdcsitapur.com","STUDENT","ACTIVE","--","BRDP20261070","Vivek Kumar","Geeta Kumar","9319702297","BA","2026-2029","1","Khairabad, Uttar Pradesh","ACTIVE","3000","1000","2000","3000","0","3000","3000","0","3000","3000","0","3000","3000","0","3000","3000","0","3000","18000","1000","17000","PARTIAL","CALL IMMEDIATELY (DUE: ₹17000)"
"1071","user_gen_1071","brdp20231071@brdpdcsitapur.com","STUDENT","ACTIVE","--","BRDP20231071","Usha Khan","Deepika Khan","9270312047","BCA","2023-2026","5","Sitapur Sadar, Uttar Pradesh","ACTIVE","20000","20000","0","20000","20000","0","20000","20000","0","20000","20000","0","20000","0","20000","20000","0","20000","120000","80000","40000","PARTIAL","CALL IMMEDIATELY (DUE: ₹40000)"
"1072","user_gen_1072","brdp20231072@brdpdcsitapur.com","STUDENT","ACTIVE","--","BRDP20231072","Ananya Tripathi","Ayush Tripathi","9184503564","BCA","2023-2026","5","Maholi, Uttar Pradesh","ACTIVE","20000","20000","0","20000","20000","0","20000","20000","0","20000","20000","0","20000","20000","0","20000","0","20000","120000","100000","20000","PARTIAL","CALL IMMEDIATELY (DUE: ₹20000)"
"1073","user_gen_1073","brdp20251073@brdpdcsitapur.com","STUDENT","ACTIVE","--","BRDP20251073","Vijay Sharma","Divyanshi Sharma","9620844113","BBA","2025-2028","2","Sitapur, Uttar Pradesh","ACTIVE","22000","22000","0","22000","22000","0","22000","0","22000","22000","0","22000","22000","0","22000","22000","0","22000","132000","44000","88000","PARTIAL","CALL IMMEDIATELY (DUE: ₹88000)"
"1074","user_gen_1074","brdp20251074@brdpdcsitapur.com","STUDENT","ACTIVE","--","BRDP20251074","Adarsh Shukla","Pinku Shukla","9505702125","B.Sc","2025-2028","2","Sitapur, Uttar Pradesh","ACTIVE","5000","5000","0","5000","5000","0","5000","0","5000","5000","0","5000","5000","0","5000","5000","0","5000","30000","10000","20000","PARTIAL","CALL IMMEDIATELY (DUE: ₹20000)"
"1075","user_gen_1075","brdp20251075@brdpdcsitapur.com","STUDENT","ACTIVE","--","BRDP20251075","Sani Giri","Rohan Giri","9424176029","B.Sc","2025-2028","2","Sidhauli, Uttar Pradesh","ACTIVE","5000","5000","0","5000","2000","3000","5000","0","5000","5000","0","5000","5000","0","5000","5000","0","5000","30000","7000","23000","PARTIAL","CALL IMMEDIATELY (DUE: ₹23000)"
"1076","user_gen_1076","brdp20231076@brdpdcsitapur.com","STUDENT","ACTIVE","--","BRDP20231076","Ankul Saini","Ashish Saini","9544073419","B.Sc","2023-2026","5","Khairabad, Uttar Pradesh","ACTIVE","5000","5000","0","5000","5000","0","5000","5000","0","5000","5000","0","5000","5000","0","5000","0","5000","30000","25000","5000","PARTIAL","CALL IMMEDIATELY (DUE: ₹5000)"
"1077","user_gen_1077","brdp20231077@brdpdcsitapur.com","STUDENT","ACTIVE","--","BRDP20231077","Sandeep Srivastava","Geeta Srivastava","9398725637","BBA","2023-2026","5","Laharpur, Uttar Pradesh","ACTIVE","22000","22000","0","22000","22000","0","22000","22000","0","22000","22000","0","22000","12000","10000","22000","0","22000","132000","100000","32000","PARTIAL","CALL IMMEDIATELY (DUE: ₹32000)"
"1078","user_gen_1078","brdp20231078@brdpdcsitapur.com","STUDENT","ACTIVE","--","BRDP20231078","Aditya Chaurasiya","Sarita Chaurasiya","9987783043","B.Sc","2023-2026","5","Khairabad, Uttar Pradesh","ACTIVE","5000","5000","0","5000","5000","0","5000","5000","0","5000","5000","0","5000","0","5000","5000","0","5000","30000","20000","10000","PARTIAL","CALL IMMEDIATELY (DUE: ₹10000)"
"1079","user_gen_1079","brdp20261079@brdpdcsitapur.com","STUDENT","ACTIVE","--","BRDP20261079","Aarav Devi","Sandeep Devi","9805047917","BBA","2026-2029","1","Mohali, Uttar Pradesh","ACTIVE","22000","0","22000","22000","0","22000","22000","0","22000","22000","0","22000","22000","0","22000","22000","0","22000","132000","0","132000","PENDING","CALL IMMEDIATELY (DUE: ₹132000)"
"1080","user_gen_1080","brdp20251080@brdpdcsitapur.com","STUDENT","ACTIVE","--","BRDP20251080","Ramesh Chaurasiya","Sandeep Chaurasiya","9122758402","B.Sc","2025-2028","2","Maholi, Uttar Pradesh","ACTIVE","5000","5000","0","5000","4000","1000","5000","0","5000","5000","0","5000","5000","0","5000","5000","0","5000","30000","9000","21000","PARTIAL","CALL IMMEDIATELY (DUE: ₹21000)"
"1081","user_gen_1081","brdp20231081@brdpdcsitapur.com","STUDENT","ACTIVE","--","BRDP20231081","Pushpendra Kashyap","Ashish Kashyap","9593638132","B.Sc","2023-2026","5","Biswan, Uttar Pradesh","ACTIVE","5000","5000","0","5000","5000","0","5000","5000","0","5000","5000","0","5000","3000","2000","5000","0","5000","30000","23000","7000","PARTIAL","CALL IMMEDIATELY (DUE: ₹7000)"
"1082","user_gen_1082","brdp20231082@brdpdcsitapur.com","STUDENT","ACTIVE","--","BRDP20231082","Ajay Srivastava","Satish Srivastava","9627150533","B.Tech CSE","2023-2026","5","Lakhimpur Kheri, Uttar Pradesh","ACTIVE","25000","25000","0","25000","25000","0","25000","25000","0","25000","25000","0","25000","0","25000","25000","0","25000","150000","100000","50000","PARTIAL","CALL IMMEDIATELY (DUE: ₹50000)"
"1083","user_gen_1083","brdp20231083@brdpdcsitapur.com","STUDENT","ACTIVE","--","BRDP20231083","Avneesh Khan","Vinay Khan","9801349330","BCA","2023-2026","5","Laharpur, Uttar Pradesh","ACTIVE","20000","20000","0","20000","20000","0","20000","20000","0","20000","20000","0","20000","20000","0","20000","0","20000","120000","100000","20000","PARTIAL","CALL IMMEDIATELY (DUE: ₹20000)"
"1084","user_gen_1084","brdp20261084@brdpdcsitapur.com","STUDENT","ACTIVE","--","BRDP20261084","Aditya Giri","Rashi Giri","9198898742","MCA","2026-2029","1","Maholi, Uttar Pradesh","ACTIVE","30000","23000","7000","30000","0","30000","30000","0","30000","30000","0","30000","30000","0","30000","30000","0","30000","180000","23000","157000","PARTIAL","CALL IMMEDIATELY (DUE: ₹157000)"
"1085","user_gen_1085","brdp20241085@brdpdcsitapur.com","STUDENT","ACTIVE","--","BRDP20241085","Diwakar Gupta","Aarti Gupta","9714766113","B.Tech CSE","2024-2027","3","Kanpur, Uttar Pradesh","ACTIVE","25000","25000","0","25000","25000","0","25000","13500","11500","25000","0","25000","25000","0","25000","25000","0","25000","150000","63500","86500","PARTIAL","CALL IMMEDIATELY (DUE: ₹86500)"
"1086","user_gen_1086","brdp20231086@brdpdcsitapur.com","STUDENT","ACTIVE","--","BRDP20231086","Anita Saini","Subhendu Saini","9704989833","BCA","2023-2026","5","Khairabad, Uttar Pradesh","ACTIVE","20000","20000","0","20000","20000","0","20000","20000","0","20000","20000","0","20000","0","20000","20000","0","20000","120000","80000","40000","PARTIAL","CALL IMMEDIATELY (DUE: ₹40000)"
"1087","user_gen_1087","brdp20241087@brdpdcsitapur.com","STUDENT","ACTIVE","--","BRDP20241087","Aditya Sharma","Diwakar Sharma","9879909387","MCA","2024-2027","3","Sitapur, Uttar Pradesh","ACTIVE","30000","30000","0","30000","30000","0","30000","23500","6500","30000","0","30000","30000","0","30000","30000","0","30000","180000","83500","96500","PARTIAL","CALL IMMEDIATELY (DUE: ₹96500)"
"1088","user_gen_1088","brdp20251088@brdpdcsitapur.com","STUDENT","ACTIVE","--","BRDP20251088","Alok Prajapati","Iliyash Prajapati","9336558543","B.Tech CSE","2025-2028","2","Laharpur, Uttar Pradesh","ACTIVE","25000","25000","0","25000","13000","12000","25000","0","25000","25000","0","25000","25000","0","25000","25000","0","25000","150000","38000","112000","PARTIAL","CALL IMMEDIATELY (DUE: ₹112000)"
"1089","user_gen_1089","brdp20261089@brdpdcsitapur.com","STUDENT","ACTIVE","--","BRDP20261089","Abhishek Rajpoot","Aarya Rajpoot","9838103693","B.Sc","2026-2029","1","Laharpur, Uttar Pradesh","ACTIVE","5000","5000","0","5000","0","5000","5000","0","5000","5000","0","5000","5000","0","5000","5000","0","5000","30000","5000","25000","PARTIAL","CALL IMMEDIATELY (DUE: ₹25000)"
"1090","user_gen_1090","brdp20251090@brdpdcsitapur.com","STUDENT","ACTIVE","--","BRDP20251090","Prateek Yadav","Vinod Yadav","9331670320","B.Sc","2025-2028","2","Patna, Uttar Pradesh","ACTIVE","5000","5000","0","5000","5000","0","5000","0","5000","5000","0","5000","5000","0","5000","5000","0","5000","30000","10000","20000","PARTIAL","CALL IMMEDIATELY (DUE: ₹20000)"
"1091","user_gen_1091","brdp20231091@brdpdcsitapur.com","STUDENT","ACTIVE","--","BRDP20231091","Saurabh Sharma","Ravi Sharma","9831414126","BA","2023-2026","5","Kanpur, Uttar Pradesh","ACTIVE","3000","3000","0","3000","3000","0","3000","3000","0","3000","3000","0","3000","3000","0","3000","0","3000","18000","15000","3000","PARTIAL","CALL IMMEDIATELY (DUE: ₹3000)"
"1092","user_gen_1092","brdp20261092@brdpdcsitapur.com","STUDENT","ACTIVE","--","BRDP20261092","Pankaj Chaurasiya","Rekha Chaurasiya","9138031345","BA","2026-2029","1","Kanpur, Uttar Pradesh","ACTIVE","3000","2000","1000","3000","0","3000","3000","0","3000","3000","0","3000","3000","0","3000","3000","0","3000","18000","2000","16000","PARTIAL","CALL IMMEDIATELY (DUE: ₹16000)"
"1093","user_gen_1093","brdp20231093@brdpdcsitapur.com","STUDENT","ACTIVE","--","BRDP20231093","Aditya Chaurasiya","Geeta Chaurasiya","9961915793","B.Tech CSE","2023-2026","5","Mohali, Uttar Pradesh","ACTIVE","25000","25000","0","25000","25000","0","25000","25000","0","25000","25000","0","25000","15500","9500","25000","0","25000","150000","115500","34500","PARTIAL","CALL IMMEDIATELY (DUE: ₹34500)"
"1094","user_gen_1094","brdp20261094@brdpdcsitapur.com","STUDENT","ACTIVE","--","BRDP20261094","Deepak Rathour","Rahul Rathour","9675176539","B.Tech CSE","2026-2029","1","Lucknow, Uttar Pradesh","ACTIVE","25000","25000","0","25000","0","25000","25000","0","25000","25000","0","25000","25000","0","25000","25000","0","25000","150000","25000","125000","PARTIAL","CALL IMMEDIATELY (DUE: ₹125000)"
"1095","user_gen_1095","brdp20261095@brdpdcsitapur.com","STUDENT","ACTIVE","--","BRDP20261095","Adarsh Rathour","Gudiya Rathour","9644190686","MCA","2026-2029","1","Misrikh, Uttar Pradesh","ACTIVE","30000","14500","15500","30000","0","30000","30000","0","30000","30000","0","30000","30000","0","30000","30000","0","30000","180000","14500","165500","PARTIAL","CALL IMMEDIATELY (DUE: ₹165500)"
"1096","user_gen_1096","brdp20261096@brdpdcsitapur.com","STUDENT","ACTIVE","--","BRDP20261096","Pushpendra Devi","Seema Devi","9450622237","MCA","2026-2029","1","Maholi, Uttar Pradesh","ACTIVE","30000","19500","10500","30000","0","30000","30000","0","30000","30000","0","30000","30000","0","30000","30000","0","30000","180000","19500","160500","PARTIAL","CALL IMMEDIATELY (DUE: ₹160500)"
"1097","user_gen_1097","brdp20251097@brdpdcsitapur.com","STUDENT","ACTIVE","--","BRDP20251097","Aditya Rajpoot","Shivani Rajpoot","9568182270","BA","2025-2028","2","Lucknow, Uttar Pradesh","ACTIVE","3000","3000","0","3000","3000","0","3000","0","3000","3000","0","3000","3000","0","3000","3000","0","3000","18000","6000","12000","PARTIAL","CALL IMMEDIATELY (DUE: ₹12000)"
"1098","user_gen_1098","brdp20261098@brdpdcsitapur.com","STUDENT","ACTIVE","--","BRDP20261098","Kavita Rathour","Neha Rathour","9345659674","MCA","2026-2029","1","Mohali, Uttar Pradesh","ACTIVE","30000","21000","9000","30000","0","30000","30000","0","30000","30000","0","30000","30000","0","30000","30000","0","30000","180000","21000","159000","PARTIAL","CALL IMMEDIATELY (DUE: ₹159000)"
"1099","user_gen_1099","brdp20251099@brdpdcsitapur.com","STUDENT","ACTIVE","--","BRDP20251099","Dibya Gupta","Divyanshi Gupta","9370359681","BA","2025-2028","2","Sitapur, Uttar Pradesh","ACTIVE","3000","3000","0","3000","2000","1000","3000","0","3000","3000","0","3000","3000","0","3000","3000","0","3000","18000","5000","13000","PARTIAL","CALL IMMEDIATELY (DUE: ₹13000)"
"1100","user_gen_1100","brdp20261100@brdpdcsitapur.com","STUDENT","ACTIVE","--","BRDP20261100","Ankul Paswan","Rashi Paswan","9848083978","BA","2026-2029","1","Kanpur, Uttar Pradesh","ACTIVE","3000","2000","1000","3000","0","3000","3000","0","3000","3000","0","3000","3000","0","3000","3000","0","3000","18000","2000","16000","PARTIAL","CALL IMMEDIATELY (DUE: ₹16000)"
"1101","user_gen_1101","brdp20241101@brdpdcsitapur.com","STUDENT","ACTIVE","--","BRDP20241101","Dharmendra Tiwari","Neha Tiwari","9453539227","B.Sc","2024-2027","3","Kanpur, Uttar Pradesh","ACTIVE","5000","5000","0","5000","5000","0","5000","3000","2000","5000","0","5000","5000","0","5000","5000","0","5000","30000","13000","17000","PARTIAL","CALL IMMEDIATELY (DUE: ₹17000)"
"1102","user_gen_1102","brdp20251102@brdpdcsitapur.com","STUDENT","ACTIVE","--","BRDP20251102","Kavita Pal","Sanjay Pal","9130168383","B.Sc","2025-2028","2","Maholi, Uttar Pradesh","ACTIVE","5000","5000","0","5000","0","5000","5000","0","5000","5000","0","5000","5000","0","5000","5000","0","5000","30000","5000","25000","PARTIAL","CALL IMMEDIATELY (DUE: ₹25000)"
"1103","user_gen_1103","brdp20241103@brdpdcsitapur.com","STUDENT","ACTIVE","--","BRDP20241103","Sarita Paswan","Usha Paswan","9278701430","B.Sc","2024-2027","3","Sidhauli, Uttar Pradesh","ACTIVE","5000","5000","0","5000","5000","0","5000","1500","3500","5000","0","5000","5000","0","5000","5000","0","5000","30000","11500","18500","PARTIAL","CALL IMMEDIATELY (DUE: ₹18500)"
"1104","user_gen_1104","brdp20241104@brdpdcsitapur.com","STUDENT","ACTIVE","--","BRDP20241104","Nainsi Srivastava","Laxmi Srivastava","9786032123","BCA","2024-2027","3","Khairabad, Uttar Pradesh","ACTIVE","20000","20000","0","20000","20000","0","20000","0","20000","20000","0","20000","20000","0","20000","20000","0","20000","120000","40000","80000","PARTIAL","CALL IMMEDIATELY (DUE: ₹80000)"
"1105","user_gen_1105","brdp20251105@brdpdcsitapur.com","STUDENT","ACTIVE","--","BRDP20251105","Rahul Yadav","Anita Yadav","9751718606","B.Tech CSE","2025-2028","2","Khairabad, Uttar Pradesh","ACTIVE","25000","25000","0","25000","13500","11500","25000","0","25000","25000","0","25000","25000","0","25000","25000","0","25000","150000","38500","111500","PARTIAL","CALL IMMEDIATELY (DUE: ₹111500)"
"1106","user_gen_1106","brdp20241106@brdpdcsitapur.com","STUDENT","ACTIVE","--","BRDP20241106","Naimish Jaiswal","Sonika Jaiswal","9141837036","B.Sc","2024-2027","3","Kanpur, Uttar Pradesh","ACTIVE","5000","5000","0","5000","5000","0","5000","5000","0","5000","0","5000","5000","0","5000","5000","0","5000","30000","15000","15000","PARTIAL","CALL IMMEDIATELY (DUE: ₹15000)"
"1107","user_gen_1107","brdp20241107@brdpdcsitapur.com","STUDENT","ACTIVE","--","BRDP20241107","Ashutosh Sharma","Sani Sharma","9997530555","B.Tech CSE","2024-2027","3","Hargaon, Uttar Pradesh","ACTIVE","25000","25000","0","25000","25000","0","25000","25000","0","25000","0","25000","25000","0","25000","25000","0","25000","150000","75000","75000","PARTIAL","CALL IMMEDIATELY (DUE: ₹75000)"
"1108","user_gen_1108","brdp20241108@brdpdcsitapur.com","STUDENT","ACTIVE","--","BRDP20241108","Suresh Maurya","Pooja Maurya","9486052598","B.Sc","2024-2027","3","Mohali, Uttar Pradesh","ACTIVE","5000","5000","0","5000","5000","0","5000","5000","0","5000","0","5000","5000","0","5000","5000","0","5000","30000","15000","15000","PARTIAL","CALL IMMEDIATELY (DUE: ₹15000)"
"1109","user_gen_1109","brdp20241109@brdpdcsitapur.com","STUDENT","ACTIVE","--","BRDP20241109","Pooja Dubey","Deepa Dubey","9792616383","B.Sc","2024-2027","3","Lucknow, Uttar Pradesh","DELETED","5000","5000","0","5000","5000","0","5000","5000","0","5000","0","5000","5000","0","5000","5000","0","5000","30000","15000","15000","PARTIAL","CALL IMMEDIATELY (DUE: ₹15000)"
"1110","user_gen_1110","brdp20251110@brdpdcsitapur.com","STUDENT","ACTIVE","--","BRDP20251110","Saumya Paswan","Ananya Paswan","9893022283","B.Sc","2025-2028","2","Misrikh, Uttar Pradesh","ACTIVE","5000","5000","0","5000","4000","1000","5000","0","5000","5000","0","5000","5000","0","5000","5000","0","5000","30000","9000","21000","PARTIAL","CALL IMMEDIATELY (DUE: ₹21000)"
"1111","user_gen_1111","brdp20261111@brdpdcsitapur.com","STUDENT","ACTIVE","--","BRDP20261111","Aarav Verma","Geeta Verma","9233197871","BBA","2026-2029","1","Sitapur Sadar, Uttar Pradesh","ACTIVE","22000","15000","7000","22000","0","22000","22000","0","22000","22000","0","22000","22000","0","22000","22000","0","22000","132000","15000","117000","PARTIAL","CALL IMMEDIATELY (DUE: ₹117000)"
"1112","user_gen_1112","brdp20231112@brdpdcsitapur.com","STUDENT","ACTIVE","--","BRDP20231112","Deepa Chaurasiya","Saurabh Chaurasiya","9334834176","BCA","2023-2026","5","Lakhimpur Kheri, Uttar Pradesh","ACTIVE","20000","20000","0","20000","20000","0","20000","20000","0","20000","20000","0","20000","14500","5500","20000","0","20000","120000","94500","25500","PARTIAL","CALL IMMEDIATELY (DUE: ₹25500)"
"1113","user_gen_1113","brdp20231113@brdpdcsitapur.com","STUDENT","ACTIVE","--","BRDP20231113","Nainsi Prajapati","Suresh Prajapati","9131095260","BBA","2023-2026","5","Hargaon, Uttar Pradesh","ACTIVE","22000","22000","0","22000","22000","0","22000","22000","0","22000","22000","0","22000","22000","0","22000","0","22000","132000","110000","22000","PARTIAL","CALL IMMEDIATELY (DUE: ₹22000)"
"1114","user_gen_1114","brdp20251114@brdpdcsitapur.com","STUDENT","ACTIVE","--","BRDP20251114","Vikas Paswan","Ajay Paswan","9125545838","BBA","2025-2028","2","Lucknow, Uttar Pradesh","ACTIVE","22000","22000","0","22000","10500","11500","22000","0","22000","22000","0","22000","22000","0","22000","22000","0","22000","132000","32500","99500","PARTIAL","CALL IMMEDIATELY (DUE: ₹99500)"
"1115","user_gen_1115","brdp20241115@brdpdcsitapur.com","STUDENT","ACTIVE","--","BRDP20241115","Ashutosh Kanaujiya","Divanshi Kanaujiya","9260125010","BA","2024-2027","3","Biswan, Uttar Pradesh","ACTIVE","3000","3000","0","3000","3000","0","3000","3000","0","3000","0","3000","3000","0","3000","3000","0","3000","18000","9000","9000","PARTIAL","CALL IMMEDIATELY (DUE: ₹9000)"
"1116","user_gen_1116","brdp20241116@brdpdcsitapur.com","STUDENT","ACTIVE","--","BRDP20241116","Saurabh Kumar","Asha Kumar","9312719460","B.Sc","2024-2027","3","Lucknow, Uttar Pradesh","ACTIVE","5000","5000","0","5000","5000","0","5000","0","5000","5000","0","5000","5000","0","5000","5000","0","5000","30000","10000","20000","PARTIAL","CALL IMMEDIATELY (DUE: ₹20000)"
"1117","user_gen_1117","brdp20251117@brdpdcsitapur.com","STUDENT","ACTIVE","--","BRDP20251117","Manoj Singh","Ajay Singh","9427212622","BCA","2025-2028","2","Sitapur, Uttar Pradesh","ACTIVE","20000","20000","0","20000","9000","11000","20000","0","20000","20000","0","20000","20000","0","20000","20000","0","20000","120000","29000","91000","PARTIAL","CALL IMMEDIATELY (DUE: ₹91000)"
"1118","user_gen_1118","brdp20241118@brdpdcsitapur.com","STUDENT","ACTIVE","--","BRDP20241118","Vijay Giri","Deepak Giri","9390234412","BBA","2024-2027","3","Lakhimpur Kheri, Uttar Pradesh","ACTIVE","22000","22000","0","22000","22000","0","22000","12000","10000","22000","0","22000","22000","0","22000","22000","0","22000","132000","56000","76000","PARTIAL","CALL IMMEDIATELY (DUE: ₹76000)"
"1119","user_gen_1119","brdp20261119@brdpdcsitapur.com","STUDENT","ACTIVE","--","BRDP20261119","Priya Prajapati","Amit Prajapati","9609832839","BA","2026-2029","1","Misrikh, Uttar Pradesh","ACTIVE","3000","1000","2000","3000","0","3000","3000","0","3000","3000","0","3000","3000","0","3000","3000","0","3000","18000","1000","17000","PARTIAL","CALL IMMEDIATELY (DUE: ₹17000)"
"1120","user_gen_1120","brdp20261120@brdpdcsitapur.com","STUDENT","ACTIVE","--","BRDP20261120","Prateek Kanaujiya","Vishal Kanaujiya","9896525211","BA","2026-2029","1","Misrikh, Uttar Pradesh","ACTIVE","3000","3000","0","3000","0","3000","3000","0","3000","3000","0","3000","3000","0","3000","3000","0","3000","18000","3000","15000","PARTIAL","CALL IMMEDIATELY (DUE: ₹15000)"
"1121","user_gen_1121","brdp20241121@brdpdcsitapur.com","STUDENT","ACTIVE","--","BRDP20241121","Manoj Saini","Sanjay Saini","9842110763","BA","2024-2027","3","Kanpur, Uttar Pradesh","ACTIVE","3000","3000","0","3000","3000","0","3000","1000","2000","3000","0","3000","3000","0","3000","3000","0","3000","18000","7000","11000","PARTIAL","CALL IMMEDIATELY (DUE: ₹11000)"
"1122","user_gen_1122","brdp20261122@brdpdcsitapur.com","STUDENT","ACTIVE","--","BRDP20261122","Rashi Gautam","Roshani Gautam","9876422386","B.Sc","2026-2029","1","Sitapur, Uttar Pradesh","ACTIVE","5000","2500","2500","5000","0","5000","5000","0","5000","5000","0","5000","5000","0","5000","5000","0","5000","30000","2500","27500","PARTIAL","CALL IMMEDIATELY (DUE: ₹27500)"
"1123","user_gen_1123","brdp20241123@brdpdcsitapur.com","STUDENT","ACTIVE","--","BRDP20241123","Gudiya Pal","Amit Pal","9860026875","BCA","2024-2027","3","Misrikh, Uttar Pradesh","ACTIVE","20000","20000","0","20000","20000","0","20000","13000","7000","20000","0","20000","20000","0","20000","20000","0","20000","120000","53000","67000","PARTIAL","CALL IMMEDIATELY (DUE: ₹67000)"
"1124","user_gen_1124","brdp20251124@brdpdcsitapur.com","STUDENT","ACTIVE","--","BRDP20251124","Rohan Paswan","Seema Paswan","9906133120","BA","2025-2028","2","Biswan, Uttar Pradesh","ACTIVE","3000","3000","0","3000","1500","1500","3000","0","3000","3000","0","3000","3000","0","3000","3000","0","3000","18000","4500","13500","PARTIAL","CALL IMMEDIATELY (DUE: ₹13500)"
"1125","user_gen_1125","brdp20251125@brdpdcsitapur.com","STUDENT","ACTIVE","--","BRDP20251125","Neha Giri","Iliyash Giri","9812511527","B.Tech CSE","2025-2028","2","Patna, Uttar Pradesh","ACTIVE","25000","25000","0","25000","9000","16000","25000","0","25000","25000","0","25000","25000","0","25000","25000","0","25000","150000","34000","116000","PARTIAL","CALL IMMEDIATELY (DUE: ₹116000)"
"1126","user_gen_1126","brdp20251126@brdpdcsitapur.com","STUDENT","ACTIVE","--","BRDP20251126","Alok Kashyap","Rohan Kashyap","9891319898","BCA","2025-2028","2","Maholi, Uttar Pradesh","ACTIVE","20000","20000","0","20000","7000","13000","20000","0","20000","20000","0","20000","20000","0","20000","20000","0","20000","120000","27000","93000","PARTIAL","CALL IMMEDIATELY (DUE: ₹93000)"
"1127","user_gen_1127","brdp20241127@brdpdcsitapur.com","STUDENT","ACTIVE","--","BRDP20241127","Raj Pandey","Geeta Pandey","9691856666","B.Sc","2024-2027","3","Khairabad, Uttar Pradesh","ACTIVE","5000","5000","0","5000","5000","0","5000","0","5000","5000","0","5000","5000","0","5000","5000","0","5000","30000","10000","20000","PARTIAL","CALL IMMEDIATELY (DUE: ₹20000)"
"1128","user_gen_1128","brdp20261128@brdpdcsitapur.com","STUDENT","ACTIVE","--","BRDP20261128","Suman Shukla","Aarya Shukla","9224488822","BA","2026-2029","1","Misrikh, Uttar Pradesh","ACTIVE","3000","0","3000","3000","0","3000","3000","0","3000","3000","0","3000","3000","0","3000","3000","0","3000","18000","0","18000","PENDING","CALL IMMEDIATELY (DUE: ₹18000)"
"1129","user_gen_1129","brdp20241129@brdpdcsitapur.com","STUDENT","ACTIVE","--","BRDP20241129","Ananya Khan","Rahul Khan","9181461589","BCA","2024-2027","3","Hargaon, Uttar Pradesh","ACTIVE","20000","20000","0","20000","20000","0","20000","11500","8500","20000","0","20000","20000","0","20000","20000","0","20000","120000","51500","68500","PARTIAL","CALL IMMEDIATELY (DUE: ₹68500)"
"1130","user_gen_1130","brdp20231130@brdpdcsitapur.com","STUDENT","ACTIVE","--","BRDP20231130","Geeta Prajapati","Diwakar Prajapati","9620996426","B.Sc","2023-2026","5","Sitapur Sadar, Uttar Pradesh","ACTIVE","5000","5000","0","5000","5000","0","5000","5000","0","5000","5000","0","5000","5000","0","5000","0","5000","30000","25000","5000","PARTIAL","CALL IMMEDIATELY (DUE: ₹5000)"
"1131","user_gen_1131","brdp20261131@brdpdcsitapur.com","STUDENT","ACTIVE","--","BRDP20261131","Asha Devi","Sarita Devi","9342872206","B.Tech CSE","2026-2029","1","Biswan, Uttar Pradesh","ACTIVE","25000","25000","0","25000","0","25000","25000","0","25000","25000","0","25000","25000","0","25000","25000","0","25000","150000","25000","125000","PARTIAL","CALL IMMEDIATELY (DUE: ₹125000)"
"1132","user_gen_1132","brdp20251132@brdpdcsitapur.com","STUDENT","ACTIVE","--","BRDP20251132","Pooja Jaiswal","Iliyash Jaiswal","9330329920","B.Tech CSE","2025-2028","2","Misrikh, Uttar Pradesh","ACTIVE","25000","25000","0","25000","25000","0","25000","0","25000","25000","0","25000","25000","0","25000","25000","0","25000","150000","50000","100000","PARTIAL","CALL IMMEDIATELY (DUE: ₹100000)"
"1133","user_gen_1133","brdp20251133@brdpdcsitapur.com","STUDENT","ACTIVE","--","BRDP20251133","Rashi Tripathi","Ashutosh Tripathi","9936275974","BCA","2025-2028","2","Maholi, Uttar Pradesh","ACTIVE","20000","20000","0","20000","15500","4500","20000","0","20000","20000","0","20000","20000","0","20000","20000","0","20000","120000","35500","84500","PARTIAL","CALL IMMEDIATELY (DUE: ₹84500)"
"1134","user_gen_1134","brdp20261134@brdpdcsitapur.com","STUDENT","ACTIVE","--","BRDP20261134","Ramesh Verma","Sangita Verma","9597877994","BA","2026-2029","1","Sitapur Sadar, Uttar Pradesh","ACTIVE","3000","2500","500","3000","0","3000","3000","0","3000","3000","0","3000","3000","0","3000","3000","0","3000","18000","2500","15500","PARTIAL","CALL IMMEDIATELY (DUE: ₹15500)"
"1135","user_gen_1135","brdp20231135@brdpdcsitapur.com","STUDENT","ACTIVE","--","BRDP20231135","Manoj Agrahari","Ayush Agrahari","9454434122","B.Sc","2023-2026","5","Khairabad, Uttar Pradesh","ACTIVE","5000","5000","0","5000","5000","0","5000","5000","0","5000","5000","0","5000","0","5000","5000","0","5000","30000","20000","10000","PARTIAL","CALL IMMEDIATELY (DUE: ₹10000)"
"1136","user_gen_1136","brdp20231136@brdpdcsitapur.com","STUDENT","ACTIVE","--","BRDP20231136","Dharmendra Pal","Priya Pal","9928869922","BCA","2023-2026","5","Maholi, Uttar Pradesh","ACTIVE","20000","20000","0","20000","20000","0","20000","20000","0","20000","20000","0","20000","0","20000","20000","0","20000","120000","80000","40000","PARTIAL","CALL IMMEDIATELY (DUE: ₹40000)"
"1137","user_gen_1137","brdp20261137@brdpdcsitapur.com","STUDENT","ACTIVE","--","BRDP20261137","Alok Giri","Amit Giri","9241234765","MCA","2026-2029","1","Hargaon, Uttar Pradesh","ACTIVE","30000","0","30000","30000","0","30000","30000","0","30000","30000","0","30000","30000","0","30000","30000","0","30000","180000","0","180000","PENDING","CALL IMMEDIATELY (DUE: ₹180000)"
"1138","user_gen_1138","brdp20261138@brdpdcsitapur.com","STUDENT","ACTIVE","--","BRDP20261138","Seema Sharma","Sangita Sharma","9634812716","MCA","2026-2029","1","Lakhimpur Kheri, Uttar Pradesh","ACTIVE","30000","30000","0","30000","0","30000","30000","0","30000","30000","0","30000","30000","0","30000","30000","0","30000","180000","30000","150000","PARTIAL","CALL IMMEDIATELY (DUE: ₹150000)"
"1139","user_gen_1139","brdp20231139@brdpdcsitapur.com","STUDENT","ACTIVE","--","BRDP20231139","Saurabh Yadav","Anita Yadav","9903353440","BA","2023-2026","5","Khairabad, Uttar Pradesh","ACTIVE","3000","3000","0","3000","3000","0","3000","3000","0","3000","3000","0","3000","1000","2000","3000","0","3000","18000","13000","5000","PARTIAL","CALL IMMEDIATELY (DUE: ₹5000)"
"1140","user_gen_1140","brdp20241140@brdpdcsitapur.com","STUDENT","ACTIVE","--","BRDP20241140","Amit Jaiswal","Anamika Jaiswal","9601870155","BA","2024-2027","3","Sitapur, Uttar Pradesh","ACTIVE","3000","3000","0","3000","3000","0","3000","3000","0","3000","0","3000","3000","0","3000","3000","0","3000","18000","9000","9000","PARTIAL","CALL IMMEDIATELY (DUE: ₹9000)"
"1141","user_gen_1141","brdp20231141@brdpdcsitapur.com","STUDENT","ACTIVE","--","BRDP20231141","Alok Gupta","Adarsh Gupta","9797713601","MCA","2023-2026","5","Khairabad, Uttar Pradesh","ACTIVE","30000","30000","0","30000","30000","0","30000","30000","0","30000","30000","0","30000","11000","19000","30000","0","30000","180000","131000","49000","PARTIAL","CALL IMMEDIATELY (DUE: ₹49000)"
"1142","user_gen_1142","brdp20241142@brdpdcsitapur.com","STUDENT","ACTIVE","--","BRDP20241142","Ayush Gautam","Asha Gautam","9270977464","B.Sc","2024-2027","3","Sidhauli, Uttar Pradesh","ACTIVE","5000","5000","0","5000","5000","0","5000","0","5000","5000","0","5000","5000","0","5000","5000","0","5000","30000","10000","20000","PARTIAL","CALL IMMEDIATELY (DUE: ₹20000)"
"1143","user_gen_1143","brdp20261143@brdpdcsitapur.com","STUDENT","ACTIVE","--","BRDP20261143","Ajay Tripathi","Ankul Tripathi","9971743067","BCA","2026-2029","1","Khairabad, Uttar Pradesh","ACTIVE","20000","13500","6500","20000","0","20000","20000","0","20000","20000","0","20000","20000","0","20000","20000","0","20000","120000","13500","106500","PARTIAL","CALL IMMEDIATELY (DUE: ₹106500)"
"1144","user_gen_1144","brdp20261144@brdpdcsitapur.com","STUDENT","ACTIVE","--","BRDP20261144","Rahul Kashyap","Ashutosh Kashyap","9145211029","B.Tech CSE","2026-2029","1","Lucknow, Uttar Pradesh","ACTIVE","25000","13000","12000","25000","0","25000","25000","0","25000","25000","0","25000","25000","0","25000","25000","0","25000","150000","13000","137000","PARTIAL","CALL IMMEDIATELY (DUE: ₹137000)"
"1145","user_gen_1145","brdp20241145@brdpdcsitapur.com","STUDENT","ACTIVE","--","BRDP20241145","Divyanshi Dubey","Ashish Dubey","9172158442","B.Sc","2024-2027","3","Laharpur, Uttar Pradesh","ACTIVE","5000","5000","0","5000","5000","0","5000","5000","0","5000","0","5000","5000","0","5000","5000","0","5000","30000","15000","15000","PARTIAL","CALL IMMEDIATELY (DUE: ₹15000)"
"1146","user_gen_1146","brdp20231146@brdpdcsitapur.com","STUDENT","ACTIVE","--","BRDP20231146","Rahul Agrahari","Pushpendra Agrahari","9979174260","BBA","2023-2026","5","Lucknow, Uttar Pradesh","ACTIVE","22000","22000","0","22000","22000","0","22000","22000","0","22000","22000","0","22000","22000","0","22000","0","22000","132000","110000","22000","PARTIAL","CALL IMMEDIATELY (DUE: ₹22000)"
"1147","user_gen_1147","brdp20251147@brdpdcsitapur.com","STUDENT","ACTIVE","--","BRDP20251147","Roshani Saini","Laxmi Saini","9305741761","B.Tech CSE","2025-2028","2","Laharpur, Uttar Pradesh","ACTIVE","25000","25000","0","25000","25000","0","25000","0","25000","25000","0","25000","25000","0","25000","25000","0","25000","150000","50000","100000","PARTIAL","CALL IMMEDIATELY (DUE: ₹100000)"
"1148","user_gen_1148","brdp20261148@brdpdcsitapur.com","STUDENT","ACTIVE","--","BRDP20261148","Sonika Gautam","Aarti Gautam","9384354438","MCA","2026-2029","1","Sitapur, Uttar Pradesh","ACTIVE","30000","0","30000","30000","0","30000","30000","0","30000","30000","0","30000","30000","0","30000","30000","0","30000","180000","0","180000","PENDING","CALL IMMEDIATELY (DUE: ₹180000)"
"1149","user_gen_1149","brdp20261149@brdpdcsitapur.com","STUDENT","ACTIVE","--","BRDP20261149","Naimish Singh","Vishal Singh","9674195707","MCA","2026-2029","1","Lucknow, Uttar Pradesh","ACTIVE","30000","30000","0","30000","0","30000","30000","0","30000","30000","0","30000","30000","0","30000","30000","0","30000","180000","30000","150000","PARTIAL","CALL IMMEDIATELY (DUE: ₹150000)"
"1150","user_gen_1150","brdp20241150@brdpdcsitapur.com","STUDENT","ACTIVE","--","BRDP20241150","Priya Dwivedi","Satish Dwivedi","9966230086","B.Sc","2024-2027","3","Khairabad, Uttar Pradesh","ACTIVE","5000","5000","0","5000","5000","0","5000","5000","0","5000","0","5000","5000","0","5000","5000","0","5000","30000","15000","15000","PARTIAL","CALL IMMEDIATELY (DUE: ₹15000)"
"1151","user_gen_1151","brdp20261151@brdpdcsitapur.com","STUDENT","ACTIVE","--","BRDP20261151","Alok Agrahari","Vishal Agrahari","9402494563","BA","2026-2029","1","Hargaon, Uttar Pradesh","ACTIVE","3000","0","3000","3000","0","3000","3000","0","3000","3000","0","3000","3000","0","3000","3000","0","3000","18000","0","18000","PENDING","CALL IMMEDIATELY (DUE: ₹18000)"
"1152","user_gen_1152","brdp20241152@brdpdcsitapur.com","STUDENT","ACTIVE","--","BRDP20241152","Vikas Rajpoot","Deepak Rajpoot","9277872806","BBA","2024-2027","3","Kanpur, Uttar Pradesh","ACTIVE","22000","22000","0","22000","22000","0","22000","22000","0","22000","0","22000","22000","0","22000","22000","0","22000","132000","66000","66000","PARTIAL","CALL IMMEDIATELY (DUE: ₹66000)"
"1153","user_gen_1153","brdp20231153@brdpdcsitapur.com","STUDENT","ACTIVE","--","BRDP20231153","Aditya Kumar","Saumya Kumar","9133762606","B.Sc","2023-2026","5","Mohali, Uttar Pradesh","ACTIVE","5000","5000","0","5000","5000","0","5000","5000","0","5000","5000","0","5000","5000","0","5000","0","5000","30000","25000","5000","PARTIAL","CALL IMMEDIATELY (DUE: ₹5000)"
"1154","user_gen_1154","brdp20231154@brdpdcsitapur.com","STUDENT","ACTIVE","--","BRDP20231154","Divanshi Tripathi","Laxmi Tripathi","9489719518","BCA","2023-2026","5","Mohali, Uttar Pradesh","ACTIVE","20000","20000","0","20000","20000","0","20000","20000","0","20000","20000","0","20000","0","20000","20000","0","20000","120000","80000","40000","PARTIAL","CALL IMMEDIATELY (DUE: ₹40000)"
"1155","user_gen_1155","brdp20241155@brdpdcsitapur.com","STUDENT","ACTIVE","--","BRDP20241155","Avneesh Pal","Sonu Pal","9300393394","MCA","2024-2027","3","Maholi, Uttar Pradesh","ACTIVE","30000","30000","0","30000","30000","0","30000","30000","0","30000","0","30000","30000","0","30000","30000","0","30000","180000","90000","90000","PARTIAL","CALL IMMEDIATELY (DUE: ₹90000)"
"1156","user_gen_1156","brdp20241156@brdpdcsitapur.com","STUDENT","ACTIVE","--","BRDP20241156","Ashish Dwivedi","Usha Dwivedi","9971412685","BCA","2024-2027","3","Maholi, Uttar Pradesh","ACTIVE","20000","20000","0","20000","20000","0","20000","8000","12000","20000","0","20000","20000","0","20000","20000","0","20000","120000","48000","72000","PARTIAL","CALL IMMEDIATELY (DUE: ₹72000)"
"1157","user_gen_1157","brdp20241157@brdpdcsitapur.com","STUDENT","ACTIVE","--","BRDP20241157","Prateek Giri","Shivangi Giri","9703388952","BCA","2024-2027","3","Lakhimpur Kheri, Uttar Pradesh","ACTIVE","20000","20000","0","20000","20000","0","20000","0","20000","20000","0","20000","20000","0","20000","20000","0","20000","120000","40000","80000","PARTIAL","CALL IMMEDIATELY (DUE: ₹80000)"
"1158","user_gen_1158","brdp20261158@brdpdcsitapur.com","STUDENT","ACTIVE","--","BRDP20261158","Amit Jaiswal","Pankaj Jaiswal","9598927519","BBA","2026-2029","1","Sitapur Sadar, Uttar Pradesh","ACTIVE","22000","22000","0","22000","0","22000","22000","0","22000","22000","0","22000","22000","0","22000","22000","0","22000","132000","22000","110000","PARTIAL","CALL IMMEDIATELY (DUE: ₹110000)"
"1159","user_gen_1159","brdp20261159@brdpdcsitapur.com","STUDENT","ACTIVE","--","BRDP20261159","Satish Gautam","Satish Gautam","9568542437","B.Sc","2026-2029","1","Lakhimpur Kheri, Uttar Pradesh","ACTIVE","5000","3500","1500","5000","0","5000","5000","0","5000","5000","0","5000","5000","0","5000","5000","0","5000","30000","3500","26500","PARTIAL","CALL IMMEDIATELY (DUE: ₹26500)"
"1160","user_gen_1160","brdp20231160@brdpdcsitapur.com","STUDENT","ACTIVE","--","BRDP20231160","Ritu Gautam","Alok Gautam","9353411417","BBA","2023-2026","5","Misrikh, Uttar Pradesh","ACTIVE","22000","22000","0","22000","22000","0","22000","22000","0","22000","22000","0","22000","10000","12000","22000","0","22000","132000","98000","34000","PARTIAL","CALL IMMEDIATELY (DUE: ₹34000)"
"1161","user_gen_1161","brdp20231161@brdpdcsitapur.com","STUDENT","ACTIVE","--","BRDP20231161","Iliyash Sharma","Sangita Sharma","9950227797","MCA","2023-2026","5","Kanpur, Uttar Pradesh","ACTIVE","30000","30000","0","30000","30000","0","30000","30000","0","30000","30000","0","30000","20500","9500","30000","0","30000","180000","140500","39500","PARTIAL","CALL IMMEDIATELY (DUE: ₹39500)"
"1162","user_gen_1162","brdp20251162@brdpdcsitapur.com","STUDENT","ACTIVE","--","BRDP20251162","Manoj Rajpoot","Ankul Rajpoot","9825359339","B.Sc","2025-2028","2","Lucknow, Uttar Pradesh","ACTIVE","5000","5000","0","5000","5000","0","5000","0","5000","5000","0","5000","5000","0","5000","5000","0","5000","30000","10000","20000","PARTIAL","CALL IMMEDIATELY (DUE: ₹20000)"
"1163","user_gen_1163","brdp20231163@brdpdcsitapur.com","STUDENT","ACTIVE","--","BRDP20231163","Pinku Dwivedi","Aarav Dwivedi","9797602840","B.Sc","2023-2026","5","Lucknow, Uttar Pradesh","ACTIVE","5000","5000","0","5000","5000","0","5000","5000","0","5000","5000","0","5000","5000","0","5000","0","5000","30000","25000","5000","PARTIAL","CALL IMMEDIATELY (DUE: ₹5000)"
"1164","user_gen_1164","brdp20261164@brdpdcsitapur.com","STUDENT","ACTIVE","--","BRDP20261164","Ankul Devi","Shivani Devi","9778307685","MCA","2026-2029","1","Misrikh, Uttar Pradesh","ACTIVE","30000","10000","20000","30000","0","30000","30000","0","30000","30000","0","30000","30000","0","30000","30000","0","30000","180000","10000","170000","PARTIAL","CALL IMMEDIATELY (DUE: ₹170000)"
"1165","user_gen_1165","brdp20231165@brdpdcsitapur.com","STUDENT","ACTIVE","--","BRDP20231165","Meena Chaurasiya","Subhendu Chaurasiya","9557650262","BA","2023-2026","5","Patna, Uttar Pradesh","ACTIVE","3000","3000","0","3000","3000","0","3000","3000","0","3000","3000","0","3000","2000","1000","3000","0","3000","18000","14000","4000","PARTIAL","CALL IMMEDIATELY (DUE: ₹4000)"
"1166","user_gen_1166","brdp20251166@brdpdcsitapur.com","STUDENT","ACTIVE","--","BRDP20251166","Sangita Saini","Kamlesh Saini","9154032812","BBA","2025-2028","2","Sidhauli, Uttar Pradesh","ACTIVE","22000","22000","0","22000","17000","5000","22000","0","22000","22000","0","22000","22000","0","22000","22000","0","22000","132000","39000","93000","PARTIAL","CALL IMMEDIATELY (DUE: ₹93000)"
"1167","user_gen_1167","brdp20241167@brdpdcsitapur.com","STUDENT","ACTIVE","--","BRDP20241167","Saumya Prajapati","Anita Prajapati","9931380595","BCA","2024-2027","3","Patna, Uttar Pradesh","DELETED","20000","20000","0","20000","20000","0","20000","20000","0","20000","0","20000","20000","0","20000","20000","0","20000","120000","60000","60000","PARTIAL","CALL IMMEDIATELY (DUE: ₹60000)"
"1168","user_gen_1168","brdp20251168@brdpdcsitapur.com","STUDENT","ACTIVE","--","BRDP20251168","Subhendu Saini","Sanjay Saini","9880260206","B.Sc","2025-2028","2","Sitapur, Uttar Pradesh","ACTIVE","5000","5000","0","5000","2500","2500","5000","0","5000","5000","0","5000","5000","0","5000","5000","0","5000","30000","7500","22500","PARTIAL","CALL IMMEDIATELY (DUE: ₹22500)"
"1169","user_gen_1169","brdp20251169@brdpdcsitapur.com","STUDENT","ACTIVE","--","BRDP20251169","Subhendu Kashyap","Geeta Kashyap","9247920340","MCA","2025-2028","2","Mohali, Uttar Pradesh","ACTIVE","30000","30000","0","30000","12000","18000","30000","0","30000","30000","0","30000","30000","0","30000","30000","0","30000","180000","42000","138000","PARTIAL","CALL IMMEDIATELY (DUE: ₹138000)"
"1170","user_gen_1170","brdp20241170@brdpdcsitapur.com","STUDENT","ACTIVE","--","BRDP20241170","Sanjay Khan","Suresh Khan","9414874896","BBA","2024-2027","3","Lucknow, Uttar Pradesh","ACTIVE","22000","22000","0","22000","22000","0","22000","22000","0","22000","0","22000","22000","0","22000","22000","0","22000","132000","66000","66000","PARTIAL","CALL IMMEDIATELY (DUE: ₹66000)"
"1171","user_gen_1171","brdp20241171@brdpdcsitapur.com","STUDENT","ACTIVE","--","BRDP20241171","Avneesh Yadav","Sunita Yadav","9402927088","B.Sc","2024-2027","3","Laharpur, Uttar Pradesh","ACTIVE","5000","5000","0","5000","5000","0","5000","5000","0","5000","0","5000","5000","0","5000","5000","0","5000","30000","15000","15000","PARTIAL","CALL IMMEDIATELY (DUE: ₹15000)"
"1172","user_gen_1172","brdp20251172@brdpdcsitapur.com","STUDENT","ACTIVE","--","BRDP20251172","Pinku Gautam","Roshani Gautam","9405814849","BA","2025-2028","2","Khairabad, Uttar Pradesh","ACTIVE","3000","3000","0","3000","3000","0","3000","0","3000","3000","0","3000","3000","0","3000","3000","0","3000","18000","6000","12000","PARTIAL","CALL IMMEDIATELY (DUE: ₹12000)"
"1173","user_gen_1173","brdp20261173@brdpdcsitapur.com","STUDENT","ACTIVE","--","BRDP20261173","Dibya Devi","Divyanshi Devi","9767285456","BCA","2026-2029","1","Kanpur, Uttar Pradesh","ACTIVE","20000","0","20000","20000","0","20000","20000","0","20000","20000","0","20000","20000","0","20000","20000","0","20000","120000","0","120000","PENDING","CALL IMMEDIATELY (DUE: ₹120000)"
"1174","user_gen_1174","brdp20251174@brdpdcsitapur.com","STUDENT","ACTIVE","--","BRDP20251174","Suman Khan","Anita Khan","9906505374","B.Tech CSE","2025-2028","2","Lakhimpur Kheri, Uttar Pradesh","ACTIVE","25000","25000","0","25000","8500","16500","25000","0","25000","25000","0","25000","25000","0","25000","25000","0","25000","150000","33500","116500","PARTIAL","CALL IMMEDIATELY (DUE: ₹116500)"
"1175","user_gen_1175","brdp20241175@brdpdcsitapur.com","STUDENT","ACTIVE","--","BRDP20241175","Kamlesh Maurya","Divyanshi Maurya","9710541140","B.Sc","2024-2027","3","Hargaon, Uttar Pradesh","ACTIVE","5000","5000","0","5000","5000","0","5000","0","5000","5000","0","5000","5000","0","5000","5000","0","5000","30000","10000","20000","PARTIAL","CALL IMMEDIATELY (DUE: ₹20000)"
"1176","user_gen_1176","brdp20241176@brdpdcsitapur.com","STUDENT","ACTIVE","--","BRDP20241176","Satish Pandey","Satish Pandey","9365392690","BA","2024-2027","3","Khairabad, Uttar Pradesh","ACTIVE","3000","3000","0","3000","3000","0","3000","1500","1500","3000","0","3000","3000","0","3000","3000","0","3000","18000","7500","10500","PARTIAL","CALL IMMEDIATELY (DUE: ₹10500)"
"1177","user_gen_1177","brdp20231177@brdpdcsitapur.com","STUDENT","ACTIVE","--","BRDP20231177","Kamlesh Shukla","Yashee Shukla","9442920698","BBA","2023-2026","5","Sitapur, Uttar Pradesh","ACTIVE","22000","22000","0","22000","22000","0","22000","22000","0","22000","22000","0","22000","10000","12000","22000","0","22000","132000","98000","34000","PARTIAL","CALL IMMEDIATELY (DUE: ₹34000)"
"1178","user_gen_1178","brdp20251178@brdpdcsitapur.com","STUDENT","ACTIVE","--","BRDP20251178","Ashutosh Tiwari","Vinay Tiwari","9352448002","BA","2025-2028","2","Khairabad, Uttar Pradesh","ACTIVE","3000","3000","0","3000","3000","0","3000","0","3000","3000","0","3000","3000","0","3000","3000","0","3000","18000","6000","12000","PARTIAL","CALL IMMEDIATELY (DUE: ₹12000)"
"1179","user_gen_1179","brdp20241179@brdpdcsitapur.com","STUDENT","ACTIVE","--","BRDP20241179","Roshani Mishra","Satish Mishra","9484159681","BBA","2024-2027","3","Sitapur, Uttar Pradesh","ACTIVE","22000","22000","0","22000","22000","0","22000","0","22000","22000","0","22000","22000","0","22000","22000","0","22000","132000","44000","88000","PARTIAL","CALL IMMEDIATELY (DUE: ₹88000)"
"1180","user_gen_1180","brdp20241180@brdpdcsitapur.com","STUDENT","ACTIVE","--","BRDP20241180","Suresh Kashyap","Seema Kashyap","9978192299","BA","2024-2027","3","Mohali, Uttar Pradesh","ACTIVE","3000","3000","0","3000","3000","0","3000","3000","0","3000","0","3000","3000","0","3000","3000","0","3000","18000","9000","9000","PARTIAL","CALL IMMEDIATELY (DUE: ₹9000)"
"1181","user_gen_1181","brdp20231181@brdpdcsitapur.com","STUDENT","ACTIVE","--","BRDP20231181","Divanshi Dwivedi","Nainsi Dwivedi","9805768711","MCA","2023-2026","5","Kanpur, Uttar Pradesh","ACTIVE","30000","30000","0","30000","30000","0","30000","30000","0","30000","30000","0","30000","0","30000","30000","0","30000","180000","120000","60000","PARTIAL","CALL IMMEDIATELY (DUE: ₹60000)"
"1182","user_gen_1182","brdp20241182@brdpdcsitapur.com","STUDENT","ACTIVE","--","BRDP20241182","Satish Pandey","Abhishek Pandey","9730750331","BBA","2024-2027","3","Lakhimpur Kheri, Uttar Pradesh","ACTIVE","22000","22000","0","22000","22000","0","22000","9000","13000","22000","0","22000","22000","0","22000","22000","0","22000","132000","53000","79000","PARTIAL","CALL IMMEDIATELY (DUE: ₹79000)"
"1183","user_gen_1183","brdp20241183@brdpdcsitapur.com","STUDENT","ACTIVE","--","BRDP20241183","Sanjay Devi","Rashi Devi","9229812826","B.Sc","2024-2027","3","Lucknow, Uttar Pradesh","ACTIVE","5000","5000","0","5000","5000","0","5000","5000","0","5000","0","5000","5000","0","5000","5000","0","5000","30000","15000","15000","PARTIAL","CALL IMMEDIATELY (DUE: ₹15000)"
"1184","user_gen_1184","brdp20231184@brdpdcsitapur.com","STUDENT","ACTIVE","--","BRDP20231184","Usha Khan","Adarsh Khan","9839421619","BBA","2023-2026","5","Sitapur, Uttar Pradesh","ACTIVE","22000","22000","0","22000","22000","0","22000","22000","0","22000","22000","0","22000","0","22000","22000","0","22000","132000","88000","44000","PARTIAL","CALL IMMEDIATELY (DUE: ₹44000)"
"1185","user_gen_1185","brdp20261185@brdpdcsitapur.com","STUDENT","ACTIVE","--","BRDP20261185","Usha Devi","Suman Devi","9859946736","BBA","2026-2029","1","Mohali, Uttar Pradesh","ACTIVE","22000","22000","0","22000","0","22000","22000","0","22000","22000","0","22000","22000","0","22000","22000","0","22000","132000","22000","110000","PARTIAL","CALL IMMEDIATELY (DUE: ₹110000)"
"1186","user_gen_1186","brdp20261186@brdpdcsitapur.com","STUDENT","ACTIVE","--","BRDP20261186","Raj Tripathi","Neha Tripathi","9693083924","B.Tech CSE","2026-2029","1","Sitapur Sadar, Uttar Pradesh","ACTIVE","25000","25000","0","25000","0","25000","25000","0","25000","25000","0","25000","25000","0","25000","25000","0","25000","150000","25000","125000","PARTIAL","CALL IMMEDIATELY (DUE: ₹125000)"
"1187","user_gen_1187","brdp20231187@brdpdcsitapur.com","STUDENT","ACTIVE","--","BRDP20231187","Sonika Gautam","Sunil Gautam","9233282293","B.Sc","2023-2026","5","Lakhimpur Kheri, Uttar Pradesh","DELETED","5000","5000","0","5000","5000","0","5000","5000","0","5000","5000","0","5000","5000","0","5000","0","5000","30000","25000","5000","PARTIAL","CALL IMMEDIATELY (DUE: ₹5000)"
"1188","user_gen_1188","brdp20261188@brdpdcsitapur.com","STUDENT","ACTIVE","--","BRDP20261188","Sonu Gautam","Ayush Gautam","9803791110","B.Tech CSE","2026-2029","1","Biswan, Uttar Pradesh","ACTIVE","25000","11500","13500","25000","0","25000","25000","0","25000","25000","0","25000","25000","0","25000","25000","0","25000","150000","11500","138500","PARTIAL","CALL IMMEDIATELY (DUE: ₹138500)"
"1189","user_gen_1189","brdp20261189@brdpdcsitapur.com","STUDENT","ACTIVE","--","BRDP20261189","Abhishek Gupta","Nainsi Gupta","9435015748","B.Tech CSE","2026-2029","1","Lakhimpur Kheri, Uttar Pradesh","DELETED","25000","25000","0","25000","0","25000","25000","0","25000","25000","0","25000","25000","0","25000","25000","0","25000","150000","25000","125000","PARTIAL","CALL IMMEDIATELY (DUE: ₹125000)"
"1190","user_gen_1190","brdp20241190@brdpdcsitapur.com","STUDENT","ACTIVE","--","BRDP20241190","Dibya Kumar","Aarav Kumar","9768231724","BBA","2024-2027","3","Patna, Uttar Pradesh","ACTIVE","22000","22000","0","22000","22000","0","22000","8000","14000","22000","0","22000","22000","0","22000","22000","0","22000","132000","52000","80000","PARTIAL","CALL IMMEDIATELY (DUE: ₹80000)"
"1191","user_gen_1191","brdp20261191@brdpdcsitapur.com","STUDENT","ACTIVE","--","BRDP20261191","Dharmendra Chaurasiya","Ayush Chaurasiya","9312498224","MCA","2026-2029","1","Khairabad, Uttar Pradesh","ACTIVE","30000","30000","0","30000","0","30000","30000","0","30000","30000","0","30000","30000","0","30000","30000","0","30000","180000","30000","150000","PARTIAL","CALL IMMEDIATELY (DUE: ₹150000)"
"1192","user_gen_1192","brdp20231192@brdpdcsitapur.com","STUDENT","ACTIVE","--","BRDP20231192","Deepak Gautam","Raj Gautam","9752860679","BA","2023-2026","5","Hargaon, Uttar Pradesh","ACTIVE","3000","3000","0","3000","3000","0","3000","3000","0","3000","3000","0","3000","3000","0","3000","0","3000","18000","15000","3000","PARTIAL","CALL IMMEDIATELY (DUE: ₹3000)"
"1193","user_gen_1193","brdp20261193@brdpdcsitapur.com","STUDENT","ACTIVE","--","BRDP20261193","Dipanshi Verma","Pankaj Verma","9509486014","BBA","2026-2029","1","Sitapur Sadar, Uttar Pradesh","ACTIVE","22000","22000","0","22000","0","22000","22000","0","22000","22000","0","22000","22000","0","22000","22000","0","22000","132000","22000","110000","PARTIAL","CALL IMMEDIATELY (DUE: ₹110000)"
"1194","user_gen_1194","brdp20241194@brdpdcsitapur.com","STUDENT","ACTIVE","--","BRDP20241194","Anita Prajapati","Aditya Prajapati","9754867569","BBA","2024-2027","3","Kanpur, Uttar Pradesh","ACTIVE","22000","22000","0","22000","22000","0","22000","22000","0","22000","0","22000","22000","0","22000","22000","0","22000","132000","66000","66000","PARTIAL","CALL IMMEDIATELY (DUE: ₹66000)"
"1195","user_gen_1195","brdp20241195@brdpdcsitapur.com","STUDENT","ACTIVE","--","BRDP20241195","Geeta Khan","Adarsh Khan","9918365449","B.Sc","2024-2027","3","Misrikh, Uttar Pradesh","ACTIVE","5000","5000","0","5000","5000","0","5000","2500","2500","5000","0","5000","5000","0","5000","5000","0","5000","30000","12500","17500","PARTIAL","CALL IMMEDIATELY (DUE: ₹17500)"
"1196","user_gen_1196","brdp20231196@brdpdcsitapur.com","STUDENT","ACTIVE","--","BRDP20231196","Vivek Devi","Ashish Devi","9167964377","MCA","2023-2026","5","Khairabad, Uttar Pradesh","ACTIVE","30000","30000","0","30000","30000","0","30000","30000","0","30000","30000","0","30000","0","30000","30000","0","30000","180000","120000","60000","PARTIAL","CALL IMMEDIATELY (DUE: ₹60000)"
"1197","user_gen_1197","brdp20241197@brdpdcsitapur.com","STUDENT","ACTIVE","--","BRDP20241197","Ayush Singh","Saurabh Singh","9642610630","B.Sc","2024-2027","3","Lucknow, Uttar Pradesh","ACTIVE","5000","5000","0","5000","5000","0","5000","5000","0","5000","0","5000","5000","0","5000","5000","0","5000","30000","15000","15000","PARTIAL","CALL IMMEDIATELY (DUE: ₹15000)"
"1198","user_gen_1198","brdp20231198@brdpdcsitapur.com","STUDENT","ACTIVE","--","BRDP20231198","Vijay Verma","Diwakar Verma","9746969914","B.Sc","2023-2026","5","Lakhimpur Kheri, Uttar Pradesh","ACTIVE","5000","5000","0","5000","5000","0","5000","5000","0","5000","5000","0","5000","2000","3000","5000","0","5000","30000","22000","8000","PARTIAL","CALL IMMEDIATELY (DUE: ₹8000)"
"1199","user_gen_1199","brdp20251199@brdpdcsitapur.com","STUDENT","ACTIVE","--","BRDP20251199","Vikas Gupta","Divanshi Gupta","9511286739","B.Tech CSE","2025-2028","2","Hargaon, Uttar Pradesh","ACTIVE","25000","25000","0","25000","25000","0","25000","0","25000","25000","0","25000","25000","0","25000","25000","0","25000","150000","50000","100000","PARTIAL","CALL IMMEDIATELY (DUE: ₹100000)"
"1200","user_gen_1200","brdp20241200@brdpdcsitapur.com","STUDENT","ACTIVE","--","BRDP20241200","Aarav Saini","Aarya Saini","9862771137","BBA","2024-2027","3","Sitapur Sadar, Uttar Pradesh","ACTIVE","22000","22000","0","22000","22000","0","22000","0","22000","22000","0","22000","22000","0","22000","22000","0","22000","132000","44000","88000","PARTIAL","CALL IMMEDIATELY (DUE: ₹88000)"
"1201","user_gen_1201","brdp20231201@brdpdcsitapur.com","STUDENT","ACTIVE","--","BRDP20231201","Sandeep Paswan","Amit Paswan","9928387902","B.Sc","2023-2026","5","Laharpur, Uttar Pradesh","ACTIVE","5000","5000","0","5000","5000","0","5000","5000","0","5000","5000","0","5000","0","5000","5000","0","5000","30000","20000","10000","PARTIAL","CALL IMMEDIATELY (DUE: ₹10000)"
"1202","user_gen_1202","brdp20261202@brdpdcsitapur.com","STUDENT","ACTIVE","--","BRDP20261202","Neha Singh","Ramesh Singh","9670930076","BCA","2026-2029","1","Khairabad, Uttar Pradesh","ACTIVE","20000","20000","0","20000","0","20000","20000","0","20000","20000","0","20000","20000","0","20000","20000","0","20000","120000","20000","100000","PARTIAL","CALL IMMEDIATELY (DUE: ₹100000)"
"1203","user_gen_1203","brdp20231203@brdpdcsitapur.com","STUDENT","ACTIVE","--","BRDP20231203","Vinod Dubey","Ashish Dubey","9533579994","B.Sc","2023-2026","5","Maholi, Uttar Pradesh","ACTIVE","5000","5000","0","5000","5000","0","5000","5000","0","5000","5000","0","5000","5000","0","5000","0","5000","30000","25000","5000","PARTIAL","CALL IMMEDIATELY (DUE: ₹5000)"
"1204","user_gen_1204","brdp20261204@brdpdcsitapur.com","STUDENT","ACTIVE","--","BRDP20261204","Pooja Kumar","Sandeep Kumar","9133428319","BCA","2026-2029","1","Sidhauli, Uttar Pradesh","ACTIVE","20000","20000","0","20000","0","20000","20000","0","20000","20000","0","20000","20000","0","20000","20000","0","20000","120000","20000","100000","PARTIAL","CALL IMMEDIATELY (DUE: ₹100000)"
"1205","user_gen_1205","brdp20231205@brdpdcsitapur.com","STUDENT","ACTIVE","--","BRDP20231205","Alok Kumar","Naimish Kumar","9320409467","BA","2023-2026","5","Patna, Uttar Pradesh","ACTIVE","3000","3000","0","3000","3000","0","3000","3000","0","3000","3000","0","3000","2000","1000","3000","0","3000","18000","14000","4000","PARTIAL","CALL IMMEDIATELY (DUE: ₹4000)"
"1206","user_gen_1206","brdp20231206@brdpdcsitapur.com","STUDENT","ACTIVE","--","BRDP20231206","Manish Saini","Suresh Saini","9650406498","BBA","2023-2026","5","Kanpur, Uttar Pradesh","ACTIVE","22000","22000","0","22000","22000","0","22000","22000","0","22000","22000","0","22000","22000","0","22000","0","22000","132000","110000","22000","PARTIAL","CALL IMMEDIATELY (DUE: ₹22000)"
"1207","user_gen_1207","brdp20241207@brdpdcsitapur.com","STUDENT","ACTIVE","--","BRDP20241207","Nainsi Dubey","Saumya Dubey","9136146374","BBA","2024-2027","3","Sitapur, Uttar Pradesh","ACTIVE","22000","22000","0","22000","22000","0","22000","22000","0","22000","0","22000","22000","0","22000","22000","0","22000","132000","66000","66000","PARTIAL","CALL IMMEDIATELY (DUE: ₹66000)"
"1208","user_gen_1208","brdp20231208@brdpdcsitapur.com","STUDENT","ACTIVE","--","BRDP20231208","Rahul Kashyap","Pari Kashyap","9471721220","MCA","2023-2026","5","Khairabad, Uttar Pradesh","ACTIVE","30000","30000","0","30000","30000","0","30000","30000","0","30000","30000","0","30000","30000","0","30000","0","30000","180000","150000","30000","PARTIAL","CALL IMMEDIATELY (DUE: ₹30000)"
"1209","user_gen_1209","brdp20231209@brdpdcsitapur.com","STUDENT","ACTIVE","--","BRDP20231209","Seema Gupta","Ravi Gupta","9298184858","BBA","2023-2026","5","Kanpur, Uttar Pradesh","ACTIVE","22000","22000","0","22000","22000","0","22000","22000","0","22000","22000","0","22000","22000","0","22000","0","22000","132000","110000","22000","PARTIAL","CALL IMMEDIATELY (DUE: ₹22000)"
"1210","user_gen_1210","brdp20251210@brdpdcsitapur.com","STUDENT","ACTIVE","--","BRDP20251210","Iliyash Prajapati","Raj Prajapati","9508142148","BCA","2025-2028","2","Misrikh, Uttar Pradesh","ACTIVE","20000","20000","0","20000","10500","9500","20000","0","20000","20000","0","20000","20000","0","20000","20000","0","20000","120000","30500","89500","PARTIAL","CALL IMMEDIATELY (DUE: ₹89500)"
"1211","user_gen_1211","brdp20251211@brdpdcsitapur.com","STUDENT","ACTIVE","--","BRDP20251211","Rohan Rajpoot","Usha Rajpoot","9662549501","MCA","2025-2028","2","Mohali, Uttar Pradesh","ACTIVE","30000","30000","0","30000","30000","0","30000","0","30000","30000","0","30000","30000","0","30000","30000","0","30000","180000","60000","120000","PARTIAL","CALL IMMEDIATELY (DUE: ₹120000)"
"1212","user_gen_1212","brdp20241212@brdpdcsitapur.com","STUDENT","ACTIVE","--","BRDP20241212","Priya Prajapati","Sanjay Prajapati","9530696198","B.Tech CSE","2024-2027","3","Maholi, Uttar Pradesh","ACTIVE","25000","25000","0","25000","25000","0","25000","25000","0","25000","0","25000","25000","0","25000","25000","0","25000","150000","75000","75000","PARTIAL","CALL IMMEDIATELY (DUE: ₹75000)"
"1213","user_gen_1213","brdp20231213@brdpdcsitapur.com","STUDENT","ACTIVE","--","BRDP20231213","Mahek Pal","Ravi Pal","9761433196","MCA","2023-2026","5","Laharpur, Uttar Pradesh","ACTIVE","30000","30000","0","30000","30000","0","30000","30000","0","30000","30000","0","30000","18000","12000","30000","0","30000","180000","138000","42000","PARTIAL","CALL IMMEDIATELY (DUE: ₹42000)"
"1214","user_gen_1214","brdp20261214@brdpdcsitapur.com","STUDENT","ACTIVE","--","BRDP20261214","Vikas Tripathi","Vinod Tripathi","9971038661","BBA","2026-2029","1","Sidhauli, Uttar Pradesh","ACTIVE","22000","22000","0","22000","0","22000","22000","0","22000","22000","0","22000","22000","0","22000","22000","0","22000","132000","22000","110000","PARTIAL","CALL IMMEDIATELY (DUE: ₹110000)"
"1215","user_gen_1215","brdp20231215@brdpdcsitapur.com","STUDENT","ACTIVE","--","BRDP20231215","Priya Srivastava","Pari Srivastava","9677252766","BA","2023-2026","5","Sitapur, Uttar Pradesh","ACTIVE","3000","3000","0","3000","3000","0","3000","3000","0","3000","3000","0","3000","3000","0","3000","0","3000","18000","15000","3000","PARTIAL","CALL IMMEDIATELY (DUE: ₹3000)"
"1216","user_gen_1216","brdp20261216@brdpdcsitapur.com","STUDENT","ACTIVE","--","BRDP20261216","Aarti Yadav","Anita Yadav","9696471234","B.Tech CSE","2026-2029","1","Khairabad, Uttar Pradesh","ACTIVE","25000","0","25000","25000","0","25000","25000","0","25000","25000","0","25000","25000","0","25000","25000","0","25000","150000","0","150000","PENDING","CALL IMMEDIATELY (DUE: ₹150000)"
"1217","user_gen_1217","brdp20261217@brdpdcsitapur.com","STUDENT","ACTIVE","--","BRDP20261217","Ajay Dubey","Saurabh Dubey","9457550518","MCA","2026-2029","1","Sidhauli, Uttar Pradesh","ACTIVE","30000","30000","0","30000","0","30000","30000","0","30000","30000","0","30000","30000","0","30000","30000","0","30000","180000","30000","150000","PARTIAL","CALL IMMEDIATELY (DUE: ₹150000)"
"1218","user_gen_1218","brdp20251218@brdpdcsitapur.com","STUDENT","ACTIVE","--","BRDP20251218","Roshani Rajpoot","Sonika Rajpoot","9439167033","MCA","2025-2028","2","Lakhimpur Kheri, Uttar Pradesh","ACTIVE","30000","30000","0","30000","10000","20000","30000","0","30000","30000","0","30000","30000","0","30000","30000","0","30000","180000","40000","140000","PARTIAL","CALL IMMEDIATELY (DUE: ₹140000)"
"1219","user_gen_1219","brdp20231219@brdpdcsitapur.com","STUDENT","ACTIVE","--","BRDP20231219","Ananya Kashyap","Saurabh Kashyap","9384543470","BA","2023-2026","5","Khairabad, Uttar Pradesh","ACTIVE","3000","3000","0","3000","3000","0","3000","3000","0","3000","3000","0","3000","1500","1500","3000","0","3000","18000","13500","4500","PARTIAL","CALL IMMEDIATELY (DUE: ₹4500)"
"1220","user_gen_1220","brdp20251220@brdpdcsitapur.com","STUDENT","ACTIVE","--","BRDP20251220","Satish Srivastava","Meena Srivastava","9652964830","BBA","2025-2028","2","Kanpur, Uttar Pradesh","ACTIVE","22000","22000","0","22000","11500","10500","22000","0","22000","22000","0","22000","22000","0","22000","22000","0","22000","132000","33500","98500","PARTIAL","CALL IMMEDIATELY (DUE: ₹98500)"
"1221","user_gen_1221","brdp20261221@brdpdcsitapur.com","STUDENT","ACTIVE","--","BRDP20261221","Dharmendra Agrahari","Shivam Agrahari","9565866771","BCA","2026-2029","1","Misrikh, Uttar Pradesh","ACTIVE","20000","20000","0","20000","0","20000","20000","0","20000","20000","0","20000","20000","0","20000","20000","0","20000","120000","20000","100000","PARTIAL","CALL IMMEDIATELY (DUE: ₹100000)"
"1222","user_gen_1222","brdp20231222@brdpdcsitapur.com","STUDENT","ACTIVE","--","BRDP20231222","Ritu Kashyap","Sanjay Kashyap","9995877551","B.Sc","2023-2026","5","Khairabad, Uttar Pradesh","ACTIVE","5000","5000","0","5000","5000","0","5000","5000","0","5000","5000","0","5000","2500","2500","5000","0","5000","30000","22500","7500","PARTIAL","CALL IMMEDIATELY (DUE: ₹7500)"
"1223","user_gen_1223","brdp20241223@brdpdcsitapur.com","STUDENT","ACTIVE","--","BRDP20241223","Pinku Shukla","Rajesh Shukla","9858968871","BA","2024-2027","3","Sitapur, Uttar Pradesh","ACTIVE","3000","3000","0","3000","3000","0","3000","2000","1000","3000","0","3000","3000","0","3000","3000","0","3000","18000","8000","10000","PARTIAL","CALL IMMEDIATELY (DUE: ₹10000)"
"1224","user_gen_1224","brdp20241224@brdpdcsitapur.com","STUDENT","ACTIVE","--","BRDP20241224","Asha Verma","Sonu Verma","9119886567","B.Sc","2024-2027","3","Lucknow, Uttar Pradesh","ACTIVE","5000","5000","0","5000","5000","0","5000","5000","0","5000","0","5000","5000","0","5000","5000","0","5000","30000","15000","15000","PARTIAL","CALL IMMEDIATELY (DUE: ₹15000)"
"1225","user_gen_1225","brdp20241225@brdpdcsitapur.com","STUDENT","ACTIVE","--","BRDP20241225","Ashish Maurya","Ravi Maurya","9684864544","BCA","2024-2027","3","Sitapur, Uttar Pradesh","ACTIVE","20000","20000","0","20000","20000","0","20000","8500","11500","20000","0","20000","20000","0","20000","20000","0","20000","120000","48500","71500","PARTIAL","CALL IMMEDIATELY (DUE: ₹71500)"
"1226","user_gen_1226","brdp20251226@brdpdcsitapur.com","STUDENT","ACTIVE","--","BRDP20251226","Adarsh Rathour","Amit Rathour","9324928342","B.Tech CSE","2025-2028","2","Misrikh, Uttar Pradesh","ACTIVE","25000","25000","0","25000","13500","11500","25000","0","25000","25000","0","25000","25000","0","25000","25000","0","25000","150000","38500","111500","PARTIAL","CALL IMMEDIATELY (DUE: ₹111500)"
"1227","user_gen_1227","brdp20261227@brdpdcsitapur.com","STUDENT","ACTIVE","--","BRDP20261227","Shivam Giri","Vishal Giri","9380779593","BBA","2026-2029","1","Sitapur, Uttar Pradesh","ACTIVE","22000","22000","0","22000","0","22000","22000","0","22000","22000","0","22000","22000","0","22000","22000","0","22000","132000","22000","110000","PARTIAL","CALL IMMEDIATELY (DUE: ₹110000)"
"1228","user_gen_1228","brdp20261228@brdpdcsitapur.com","STUDENT","ACTIVE","--","BRDP20261228","Saumya Gautam","Pankaj Gautam","9330574022","B.Sc","2026-2029","1","Maholi, Uttar Pradesh","ACTIVE","5000","3000","2000","5000","0","5000","5000","0","5000","5000","0","5000","5000","0","5000","5000","0","5000","30000","3000","27000","PARTIAL","CALL IMMEDIATELY (DUE: ₹27000)"
"1229","user_gen_1229","brdp20241229@brdpdcsitapur.com","STUDENT","ACTIVE","--","BRDP20241229","Adarsh Rathour","Pari Rathour","9840585375","B.Tech CSE","2024-2027","3","Sitapur, Uttar Pradesh","ACTIVE","25000","25000","0","25000","25000","0","25000","0","25000","25000","0","25000","25000","0","25000","25000","0","25000","150000","50000","100000","PARTIAL","CALL IMMEDIATELY (DUE: ₹100000)"
"1230","user_gen_1230","brdp20261230@brdpdcsitapur.com","STUDENT","ACTIVE","--","BRDP20261230","Vinay Pal","Deepika Pal","9752406693","BCA","2026-2029","1","Sitapur, Uttar Pradesh","ACTIVE","20000","11000","9000","20000","0","20000","20000","0","20000","20000","0","20000","20000","0","20000","20000","0","20000","120000","11000","109000","PARTIAL","CALL IMMEDIATELY (DUE: ₹109000)"
"1231","user_gen_1231","brdp20251231@brdpdcsitapur.com","STUDENT","ACTIVE","--","BRDP20251231","Manish Yadav","Priya Yadav","9203203543","BA","2025-2028","2","Mohali, Uttar Pradesh","ACTIVE","3000","3000","0","3000","2000","1000","3000","0","3000","3000","0","3000","3000","0","3000","3000","0","3000","18000","5000","13000","PARTIAL","CALL IMMEDIATELY (DUE: ₹13000)"
"1232","user_gen_1232","brdp20261232@brdpdcsitapur.com","STUDENT","ACTIVE","--","BRDP20261232","Neha Pal","Suman Pal","9528614932","B.Sc","2026-2029","1","Maholi, Uttar Pradesh","ACTIVE","5000","5000","0","5000","0","5000","5000","0","5000","5000","0","5000","5000","0","5000","5000","0","5000","30000","5000","25000","PARTIAL","CALL IMMEDIATELY (DUE: ₹25000)"
"1233","user_gen_1233","brdp20241233@brdpdcsitapur.com","STUDENT","ACTIVE","--","BRDP20241233","Neha Pandey","Sarita Pandey","9765430149","BCA","2024-2027","3","Patna, Uttar Pradesh","ACTIVE","20000","20000","0","20000","20000","0","20000","20000","0","20000","0","20000","20000","0","20000","20000","0","20000","120000","60000","60000","PARTIAL","CALL IMMEDIATELY (DUE: ₹60000)"
"1234","user_gen_1234","brdp20241234@brdpdcsitapur.com","STUDENT","ACTIVE","--","BRDP20241234","Vinay Kashyap","Sunita Kashyap","9266008941","BA","2024-2027","3","Patna, Uttar Pradesh","ACTIVE","3000","3000","0","3000","3000","0","3000","2000","1000","3000","0","3000","3000","0","3000","3000","0","3000","18000","8000","10000","PARTIAL","CALL IMMEDIATELY (DUE: ₹10000)"
"1235","user_gen_1235","brdp20241235@brdpdcsitapur.com","STUDENT","ACTIVE","--","BRDP20241235","Ravi Pal","Abhishek Pal","9406619435","BCA","2024-2027","3","Sidhauli, Uttar Pradesh","ACTIVE","20000","20000","0","20000","20000","0","20000","20000","0","20000","0","20000","20000","0","20000","20000","0","20000","120000","60000","60000","PARTIAL","CALL IMMEDIATELY (DUE: ₹60000)"
"1236","user_gen_1236","brdp20261236@brdpdcsitapur.com","STUDENT","ACTIVE","--","BRDP20261236","Subhendu Pal","Priya Pal","9205592577","BBA","2026-2029","1","Lakhimpur Kheri, Uttar Pradesh","ACTIVE","22000","12500","9500","22000","0","22000","22000","0","22000","22000","0","22000","22000","0","22000","22000","0","22000","132000","12500","119500","PARTIAL","CALL IMMEDIATELY (DUE: ₹119500)"
"1237","user_gen_1237","brdp20261237@brdpdcsitapur.com","STUDENT","ACTIVE","--","BRDP20261237","Saumya Devi","Naimish Devi","9670526740","MCA","2026-2029","1","Lucknow, Uttar Pradesh","ACTIVE","30000","30000","0","30000","0","30000","30000","0","30000","30000","0","30000","30000","0","30000","30000","0","30000","180000","30000","150000","PARTIAL","CALL IMMEDIATELY (DUE: ₹150000)"
"1238","user_gen_1238","brdp20241238@brdpdcsitapur.com","STUDENT","ACTIVE","--","BRDP20241238","Kavita Pal","Saurabh Pal","9956175532","BCA","2024-2027","3","Mohali, Uttar Pradesh","ACTIVE","20000","20000","0","20000","20000","0","20000","7500","12500","20000","0","20000","20000","0","20000","20000","0","20000","120000","47500","72500","PARTIAL","CALL IMMEDIATELY (DUE: ₹72500)"
"1239","user_gen_1239","brdp20241239@brdpdcsitapur.com","STUDENT","ACTIVE","--","BRDP20241239","Ritu Devi","Ajay Devi","9508412581","BA","2024-2027","3","Sitapur Sadar, Uttar Pradesh","ACTIVE","3000","3000","0","3000","3000","0","3000","1500","1500","3000","0","3000","3000","0","3000","3000","0","3000","18000","7500","10500","PARTIAL","CALL IMMEDIATELY (DUE: ₹10500)"
"1240","user_gen_1240","brdp20261240@brdpdcsitapur.com","STUDENT","ACTIVE","--","BRDP20261240","Diwakar Kanaujiya","Shivam Kanaujiya","9525606420","BBA","2026-2029","1","Lakhimpur Kheri, Uttar Pradesh","ACTIVE","22000","22000","0","22000","0","22000","22000","0","22000","22000","0","22000","22000","0","22000","22000","0","22000","132000","22000","110000","PARTIAL","CALL IMMEDIATELY (DUE: ₹110000)"
"1241","user_gen_1241","brdp20251241@brdpdcsitapur.com","STUDENT","ACTIVE","--","BRDP20251241","Pari Dwivedi","Aarti Dwivedi","9304009586","MCA","2025-2028","2","Sidhauli, Uttar Pradesh","ACTIVE","30000","30000","0","30000","19000","11000","30000","0","30000","30000","0","30000","30000","0","30000","30000","0","30000","180000","49000","131000","PARTIAL","CALL IMMEDIATELY (DUE: ₹131000)"
"1242","user_gen_1242","brdp20261242@brdpdcsitapur.com","STUDENT","ACTIVE","--","BRDP20261242","Pinku Verma","Ankul Verma","9351134831","BBA","2026-2029","1","Maholi, Uttar Pradesh","ACTIVE","22000","22000","0","22000","0","22000","22000","0","22000","22000","0","22000","22000","0","22000","22000","0","22000","132000","22000","110000","PARTIAL","CALL IMMEDIATELY (DUE: ₹110000)"
"1243","user_gen_1243","brdp20241243@brdpdcsitapur.com","STUDENT","ACTIVE","--","BRDP20241243","Vivek Prajapati","Ravi Prajapati","9109917350","BA","2024-2027","3","Lucknow, Uttar Pradesh","ACTIVE","3000","3000","0","3000","3000","0","3000","1000","2000","3000","0","3000","3000","0","3000","3000","0","3000","18000","7000","11000","PARTIAL","CALL IMMEDIATELY (DUE: ₹11000)"
"1244","user_gen_1244","brdp20241244@brdpdcsitapur.com","STUDENT","ACTIVE","--","BRDP20241244","Vinay Kumar","Naimish Kumar","9858163352","BA","2024-2027","3","Mohali, Uttar Pradesh","ACTIVE","3000","3000","0","3000","3000","0","3000","2500","500","3000","0","3000","3000","0","3000","3000","0","3000","18000","8500","9500","PARTIAL","CALL IMMEDIATELY (DUE: ₹9500)"
"1245","user_gen_1245","brdp20251245@brdpdcsitapur.com","STUDENT","ACTIVE","--","BRDP20251245","Avneesh Mishra","Satish Mishra","9718236181","BBA","2025-2028","2","Kanpur, Uttar Pradesh","ACTIVE","22000","22000","0","22000","0","22000","22000","0","22000","22000","0","22000","22000","0","22000","22000","0","22000","132000","22000","110000","PARTIAL","CALL IMMEDIATELY (DUE: ₹110000)"
"1246","user_gen_1246","brdp20231246@brdpdcsitapur.com","STUDENT","ACTIVE","--","BRDP20231246","Dharmendra Sharma","Rashi Sharma","9694183864","B.Tech CSE","2023-2026","5","Lucknow, Uttar Pradesh","ACTIVE","25000","25000","0","25000","25000","0","25000","25000","0","25000","25000","0","25000","15000","10000","25000","0","25000","150000","115000","35000","PARTIAL","CALL IMMEDIATELY (DUE: ₹35000)"
"1247","user_gen_1247","brdp20231247@brdpdcsitapur.com","STUDENT","ACTIVE","--","BRDP20231247","Ravi Verma","Suresh Verma","9474463656","B.Sc","2023-2026","5","Khairabad, Uttar Pradesh","ACTIVE","5000","5000","0","5000","5000","0","5000","5000","0","5000","5000","0","5000","4000","1000","5000","0","5000","30000","24000","6000","PARTIAL","CALL IMMEDIATELY (DUE: ₹6000)"
"1248","user_gen_1248","brdp20231248@brdpdcsitapur.com","STUDENT","ACTIVE","--","BRDP20231248","Meena Jaiswal","Roshani Jaiswal","9735890494","BCA","2023-2026","5","Laharpur, Uttar Pradesh","ACTIVE","20000","20000","0","20000","20000","0","20000","20000","0","20000","20000","0","20000","11500","8500","20000","0","20000","120000","91500","28500","PARTIAL","CALL IMMEDIATELY (DUE: ₹28500)"
"1249","user_gen_1249","brdp20261249@brdpdcsitapur.com","STUDENT","ACTIVE","--","BRDP20261249","Geeta Pal","Priya Pal","9561472852","BBA","2026-2029","1","Hargaon, Uttar Pradesh","ACTIVE","22000","0","22000","22000","0","22000","22000","0","22000","22000","0","22000","22000","0","22000","22000","0","22000","132000","0","132000","PENDING","CALL IMMEDIATELY (DUE: ₹132000)"
"1250","user_gen_1250","brdp20251250@brdpdcsitapur.com","STUDENT","ACTIVE","--","BRDP20251250","Seema Tiwari","Sunita Tiwari","9935130325","B.Tech CSE","2025-2028","2","Sitapur Sadar, Uttar Pradesh","ACTIVE","25000","25000","0","25000","25000","0","25000","0","25000","25000","0","25000","25000","0","25000","25000","0","25000","150000","50000","100000","PARTIAL","CALL IMMEDIATELY (DUE: ₹100000)"