"S.No","Roll No","Student Name","Father Name","Phone / Contact","Course","Session","Current Semester","Address","Status"
"1","A-001","Raviraj Kumar Tiwari","Rajesh Kumar","6209464451","--","--","1","123 Main Street, Patna, Bihar - 800001","DELETED"
"2","C-12","Marvin Glenn","Armando Norman","--","--","--","1","Mohali, Punjab, India","DELETED"
"3","C-1205","Gemma Donaldson","Iliana Emerson","--","--","--","1","Ad nisi ab dolorum t","DELETED"
"4","A-10001","Rahu Pant","Mukesh Pant","--","--","--","1","Mohali, Punjab, India","DELETED"
"5","2350524010081","vinay sharma","ram kishor sharma","--","--","--","1","SITAPUR","DELETED"
"6","2350524010081","vinay sharma","ram kishor sharma","--","--","--","1","SITAPUR","DELETED"
"7","2350524010081","vinay sharma","ram kishor sharma","--","--","--","1","SITAPUR","DELETED"
"8","LURNS2600281544","ANJALI","DHANIRAM","--","--","--","1","Vill jagdishpur","ACTIVE"
"9","02","GUDIYA MISHRA ","SHYAM BIHARI","--","--","--","1","SITAPUR","ACTIVE"
"10","0","YASHEE SHUKLA ","PUSHKAR KUMAR SHUKLA ","--","--","--","1","sitapur","ACTIVE"
"11","0","SUBHENDU SHUKLA","PUSHKAR SHUKLA","--","--","--","1","SITAPUR","ACTIVE"
"12","2550521010027","ASHISH RATHOUR","RAM CHANDRA ","--","--","--","1","SITAPUR
SITAPUR","ACTIVE"
"13","03","NAIMISH KUMAR","ASHOK KUMAR","--","--","--","1","SITAPUR
SITAPUR","ACTIVE"
"14","011","SANGITA DEVI","AA","--","--","--","1","SITAPUR
SITAPUR","ACTIVE"
"15","6","ALOK ","SATISH KUMAR ","--","--","--","1","SITAPUR
","ACTIVE"
"16","0","AVNEESH KUMAR ","VIDYA SAGAR ","--","--","--","1","SITAPUR
SITAPUR","ACTIVE"
"17","07","ASHUTOSH SRIVASTAVA","VINOD KUMAR SRIVASTAVA","--","--","--","1","SITAPUR
SITAPUR","ACTIVE"
"18","0","PUSHPENDRA GUPTA","JEETRAN ","--","--","--","1","SITAPUR","ACTIVE"
"19","0","SANI ","BHUPENDRA KUMAR","--","--","--","1","SITAPUR
","ACTIVE"
"20","usha","ashutosh","verma","--","--","--","1","VILL MOHIDDINPUR PO DISTT SITAPUR","DELETED"
"21","12","SAUMYA PAL","ANRUDDH KUMAR ","--","--","--","1","SITAPUR
SITAPUR","ACTIVE"
"22","12","RAJ DWIVEDI","DHEERAJ KUMAR DWIVEDI","--","--","--","1","SITAPUR
SITAPUR","ACTIVE"
"23","13","LAXMI ","RAMLAKHAN ","--","--","--","1","kheri ","ACTIVE"
"24","15","ANAMIKA VERMA ","PRADEEP KUMAR VERMA ","--","--","--","1","sitapur ","ACTIVE"
"25","16","AYUSH KANAUJIYA ","VED PRAKASH ","--","--","--","1","SITAPUR","ACTIVE"
"26","17","ABHISHEK KUMAR ","SAMVARI ","--","--","--","1","sitapur","ACTIVE"
"27","6","ROSHANI DEVI ","RAJKUMAR ","--","--","--","1","SITAPUR ","ACTIVE"
"28","18","PRIYA PANDEY","JAI KUMAR PANDEY","--","--","--","1","SITAPUR
SITAPUR","ACTIVE"
"29","6","NAINSI YADAV","SARVESH KUMAR ","--","--","--","1","SITAPUR
SITAPUR","DELETED"
"30","6","NAINSI YADAV","SARVESH KUMAR ","--","--","--","1","SITAPUR
SITAPUR","ACTIVE"
"31","8","DIVYANSHI ","DHARMENDRA KUMAR ","--","--","--","1","SITAPUR
SITAPUR","ACTIVE"
"32","04","SHIVANI VERMA","SUNEEL KUMAR","--","--","--","1","Vill baddaripurva, shivrukhkala, sadarpur sitapur","ACTIVE"
"33","19","RAVI RAJ","RAM SAGAR","--","--","--","1","sitapur","ACTIVE"
"34","5087-03","DIVANSHI VERMA","RAKESH KUMAR","--","--","--","1","VILL LALAPURWA , INAYATPUR, SITAPUR","ACTIVE"
"35","5087-05","DIBYA BHARTI","VISHNU KUMAR","--","--","--","1","VILL SARAIYA CHALAKAPUR BHUSNA, SITAPUR","ACTIVE"
"36","5087-10","RAVI KUMAR","DINESH KUMAR","--","--","--","1","VILL PAHARAPUR","ACTIVE"
"37","5087-09","SONU","RAM SINGH","--","--","--","1","VILL JINGALABAD, HUSAINPUR SARAIYAN ","ACTIVE"
"38","5087-06","SANDEEP KUMAR","RAM KUMAR","--","--","--","1","VILL HUSAINPUR SARAIYAN MAHIPAT SINGH","ACTIVE"
"39","20","SONIKA RAJPOOT ","RAMCHANDRA  RAJPOOT ","--","--","--","1","sitapur","ACTIVE"
"40","7","SHIVAM ","MAHAVEER ","--","--","--","1","SITAPUR
SITAPUR","ACTIVE"
"41","8","ANKUL KUMAR ","RAJESH KUMAR ","--","--","--","1","SITAPUR
SITAPUR","ACTIVE"
"42","20","vivek ","shiv lal","--","--","--","1","SITAPUR
SITAPUR","ACTIVE"
"43","2450871010030","DIPANSHI","RAMNATH","--","--","--","1","VILL MOCH KALA","DELETED"
"44","2450871010030","DIPANSHI","RAMNATH","--","--","--","1","biswan","DELETED"
"45","2450871010030","DIPANSHI","RAMNATH","--","--","--","5","biswan","ACTIVE"
"46","2450871010095","SHIVANKI VERMA","PRAMOD SARAN","--","--","--","1","SITAPUR","ACTIVE"
"47","2450871010025","DEEPA VERMA","MANOJ KUMAR","--","--","--","1","SITAPUR","ACTIVE"
"48","10","AVNISH KUMAR MISHRA","SATISH MISHRA","--","--","--","1","SITAPUR","ACTIVE"
"49","2450871010055","PANKAJ VERMA","BABURAM","--","--","--","1","SITAPUR","ACTIVE"
"50","21","SAURABH PAL","HANSRAM","--","--","--","1","SITAPUR","ACTIVE"
"51","22","DIWAKAR PANDEY","PRADEEP KUMAR PANDEY","--","--","--","1","sitapur","ACTIVE"
"52","12","MAHEK VERMA ","AJAY KUMAR VERMA ","--","--","--","1","SITAPUR","ACTIVE"
"53","24","AYUSH PANDEY","DAYANIDHI PANDEY","--","--","--","1","SITAPUR","ACTIVE"
"54","13","ADARSH SRIVASTAVA ","SUDHIR KUMAR SRIVASTAVA ","--","--","--","1","SITAPUR","ACTIVE"
"55","26","AARYA VERMA","TARUN KUMAR VERMA ","--","--","--","1","SITAPUR","ACTIVE"
"56","27","PARI GUPTA","DEEPU GUPTA ","--","--","--","1","SITAPUR","ACTIVE"
"57","28","RASHI KANOJIYA ","RAMCHANDRA","--","--","--","1","SITAPUR","ACTIVE"
"58","29","VISHAL SHARMA ","VINOD KUMAR","--","--","--","1","SITAPUR","DELETED"
"59","29","VISHAL SHARMA ","VINOD KUMAR ","--","--","--","1","SITAPUR","ACTIVE"
"60","10089","Test User","Test","--","--","--","1","India","DELETED"
"61","30","PUSHPENDRA","KAPTAN","--","--","--","1","SITAPUR","ACTIVE"
"62","C-006","Marvin Glenn","Armando Norman","--","--","--","1","test address","DELETED"
"63","C-006","Marvin Glenn","Armando Norman","--","--","--","1","tets","DELETED"
"64","31","PRATEEK GUPTA ","ARUN KUMAR GUPTA ","--","--","--","1","SITAPUR","ACTIVE"
"65","31","SHIVAM VERMA","UMASHANKAR","--","--","--","1","SITAPUR","ACTIVE"
"66","14","DEEPIKA","INDRAPAL","--","--","--","1","SITAPUR","ACTIVE"
"67","15"," PINKU KUMAR ","RAJESH KUMAR","--","--","--","1","SITAPUR","ACTIVE"
"68","5087-11","ILIYASH KHAN","PEERU KHAN","--","--","--","1","JAFARPUR KALA, SADARPUR","ACTIVE"
"69","BRDP20260069","Shivam Gupta","Kavita Gupta","9984752089","BA","2026-2029","1","Mohali, Uttar Pradesh","ACTIVE"
"70","BRDP20250070","Pankaj Singh","Manish Singh","9770522019","MCA","2025-2028","2","Lucknow, Uttar Pradesh","ACTIVE"
"71","BRDP20260071","Gudiya Gautam","Laxmi Gautam","9579486248","B.Tech CSE","2026-2029","1","Biswan, Uttar Pradesh","ACTIVE"
"72","BRDP20250072","Dibya Chaurasiya","Anita Chaurasiya","9384892446","MCA","2025-2028","2","Biswan, Uttar Pradesh","ACTIVE"
"73","BRDP20240073","Aarya Yadav","Rohan Yadav","9221721695","BA","2024-2027","3","Mohali, Uttar Pradesh","ACTIVE"
"74","BRDP20260074","Amit Kashyap","Sonika Kashyap","9709908300","BA","2026-2029","1","Khairabad, Uttar Pradesh","ACTIVE"
"75","BRDP20250075","Suman Rajpoot","Aarya Rajpoot","9165266519","MCA","2025-2028","2","Hargaon, Uttar Pradesh","ACTIVE"
"76","BRDP20240076","Vijay Agrahari","Manoj Agrahari","9561099903","BCA","2024-2027","3","Lakhimpur Kheri, Uttar Pradesh","ACTIVE"
"77","BRDP20240077","Shivam Maurya","Aarya Maurya","9497911187","B.Sc","2024-2027","3","Khairabad, Uttar Pradesh","ACTIVE"
"78","BRDP20230078","Prateek Shukla","Shivam Shukla","9993718556","BCA","2023-2026","5","Lucknow, Uttar Pradesh","ACTIVE"
"79","BRDP20230079","Asha Gautam","Sandeep Gautam","9898433055","B.Tech CSE","2023-2026","5","Sidhauli, Uttar Pradesh","ACTIVE"
"80","BRDP20240080","Dibya Pandey","Gudiya Pandey","9125434696","BBA","2024-2027","3","Sitapur, Uttar Pradesh","ACTIVE"
"81","BRDP20260081","Asha Jaiswal","Amit Jaiswal","9411418266","BA","2026-2029","1","Kanpur, Uttar Pradesh","ACTIVE"
"82","BRDP20250082","Divyanshi Saini","Roshani Saini","9249718435","BCA","2025-2028","2","Misrikh, Uttar Pradesh","ACTIVE"
"83","BRDP20260083","Priya Srivastava","Rahul Srivastava","9257562544","B.Tech CSE","2026-2029","1","Kanpur, Uttar Pradesh","ACTIVE"
"84","BRDP20250084","Avneesh Tripathi","Vinay Tripathi","9291891706","MCA","2025-2028","2","Maholi, Uttar Pradesh","ACTIVE"
"85","BRDP20250085","Pushpendra Chaurasiya","Sandeep Chaurasiya","9472647594","B.Tech CSE","2025-2028","2","Mohali, Uttar Pradesh","ACTIVE"
"86","BRDP20230086","Sanjay Gautam","Abhishek Gautam","9210610088","B.Tech CSE","2023-2026","5","Lucknow, Uttar Pradesh","ACTIVE"
"87","BRDP20260087","Asha Prajapati","Deepika Prajapati","9630937764","BBA","2026-2029","1","Lakhimpur Kheri, Uttar Pradesh","ACTIVE"
"88","BRDP20260088","Adarsh Pandey","Pooja Pandey","9659442255","B.Tech CSE","2026-2029","1","Sitapur, Uttar Pradesh","ACTIVE"
"89","BRDP20260089","Raj Tiwari","Vijay Tiwari","9319077205","B.Sc","2026-2029","1","Patna, Uttar Pradesh","ACTIVE"
"90","BRDP20240090","Sani Yadav","Shivam Yadav","9674075874","B.Sc","2024-2027","3","Kanpur, Uttar Pradesh","ACTIVE"
"91","BRDP20260091","Alok Rajpoot","Priya Rajpoot","9348499878","BA","2026-2029","1","Lakhimpur Kheri, Uttar Pradesh","ACTIVE"
"92","BRDP20230092","Anamika Mishra","Yashee Mishra","9170871410","B.Sc","2023-2026","5","Misrikh, Uttar Pradesh","ACTIVE"
"93","BRDP20230093","Vijay Tripathi","Pinku Tripathi","9424027263","B.Tech CSE","2023-2026","5","Biswan, Uttar Pradesh","DELETED"
"94","BRDP20260094","Sanjay Singh","Iliyash Singh","9200401723","BA","2026-2029","1","Sitapur Sadar, Uttar Pradesh","ACTIVE"
"95","BRDP20250095","Shivam Maurya","Manish Maurya","9218266009","B.Tech CSE","2025-2028","2","Sidhauli, Uttar Pradesh","DELETED"
"96","BRDP20250096","Raj Chaurasiya","Geeta Chaurasiya","9294309943","BCA","2025-2028","2","Sitapur Sadar, Uttar Pradesh","ACTIVE"
"97","BRDP20260097","Dharmendra Yadav","Geeta Yadav","9820999737","B.Tech CSE","2026-2029","1","Hargaon, Uttar Pradesh","ACTIVE"
"98","BRDP20240098","Sani Tiwari","Ashutosh Tiwari","9416308788","B.Tech CSE","2024-2027","3","Patna, Uttar Pradesh","ACTIVE"
"99","BRDP20260099","Seema Shukla","Laxmi Shukla","9700731447","B.Tech CSE","2026-2029","1","Maholi, Uttar Pradesh","DELETED"
"100","BRDP20230100","Raj Maurya","Ananya Maurya","9971530400","BBA","2023-2026","5","Lucknow, Uttar Pradesh","ACTIVE"
"101","BRDP20240101","Sarita Jaiswal","Vikas Jaiswal","9264646064","BBA","2024-2027","3","Hargaon, Uttar Pradesh","ACTIVE"
"102","BRDP20240102","Aarti Chaurasiya","Naimish Chaurasiya","9449267915","BBA","2024-2027","3","Sitapur Sadar, Uttar Pradesh","ACTIVE"
"103","BRDP20250103","Roshani Yadav","Roshani Yadav","9750694005","B.Tech CSE","2025-2028","2","Kanpur, Uttar Pradesh","ACTIVE"
"104","BRDP20230104","Sunil Giri","Aarti Giri","9768423872","B.Tech CSE","2023-2026","5","Laharpur, Uttar Pradesh","ACTIVE"
"105","BRDP20240105","Priya Gupta","Sunita Gupta","9815352424","BCA","2024-2027","3","Khairabad, Uttar Pradesh","ACTIVE"
"106","BRDP20240106","Ananya Saini","Ananya Saini","9271643210","BBA","2024-2027","3","Misrikh, Uttar Pradesh","ACTIVE"
"107","BRDP20230107","Satish Rathour","Saurabh Rathour","9818574156","BCA","2023-2026","5","Misrikh, Uttar Pradesh","ACTIVE"
"108","BRDP20260108","Mahek Verma","Neha Verma","9985449744","MCA","2026-2029","1","Biswan, Uttar Pradesh","ACTIVE"
"109","BRDP20260109","Manoj Tripathi","Shivani Tripathi","9903459360","BA","2026-2029","1","Khairabad, Uttar Pradesh","ACTIVE"
"110","BRDP20250110","Sangita Shukla","Alok Shukla","9575947396","BCA","2025-2028","2","Kanpur, Uttar Pradesh","ACTIVE"
"111","BRDP20240111","Pankaj Tiwari","Manish Tiwari","9187675020","B.Sc","2024-2027","3","Kanpur, Uttar Pradesh","ACTIVE"
"112","BRDP20240112","Ajay Kashyap","Rekha Kashyap","9711917302","BCA","2024-2027","3","Laharpur, Uttar Pradesh","ACTIVE"
"113","BRDP20230113","Ritu Maurya","Sanjay Maurya","9252227237","B.Tech CSE","2023-2026","5","Misrikh, Uttar Pradesh","ACTIVE"
"114","BRDP20230114","Deepak Prajapati","Roshani Prajapati","9354592885","MCA","2023-2026","5","Sitapur, Uttar Pradesh","ACTIVE"
"115","BRDP20250115","Avneesh Pandey","Aditya Pandey","9994251949","B.Sc","2025-2028","2","Maholi, Uttar Pradesh","ACTIVE"
"116","BRDP20260116","Shivani Rathour","Meena Rathour","9419445287","BCA","2026-2029","1","Sitapur, Uttar Pradesh","ACTIVE"
"117","BRDP20260117","Raj Pal","Dibya Pal","9601643668","MCA","2026-2029","1","Sitapur, Uttar Pradesh","ACTIVE"
"118","BRDP20230118","Naimish Saini","Gudiya Saini","9240315356","BBA","2023-2026","5","Misrikh, Uttar Pradesh","ACTIVE"
"119","BRDP20230119","Pooja Sharma","Sangita Sharma","9379026954","BBA","2023-2026","5","Patna, Uttar Pradesh","DELETED"
"120","BRDP20260120","Dipanshi Pal","Avneesh Pal","9287683860","B.Tech CSE","2026-2029","1","Kanpur, Uttar Pradesh","ACTIVE"
"121","BRDP20260121","Neha Paswan","Neha Paswan","9921093197","B.Sc","2026-2029","1","Laharpur, Uttar Pradesh","ACTIVE"
"122","BRDP20250122","Pushpendra Agrahari","Suman Agrahari","9753074470","BA","2025-2028","2","Misrikh, Uttar Pradesh","ACTIVE"
"123","BRDP20230123","Sanjay Yadav","Alok Yadav","9670473013","BCA","2023-2026","5","Biswan, Uttar Pradesh","DELETED"
"124","BRDP20240124","Suman Chaurasiya","Shivani Chaurasiya","9994826596","BBA","2024-2027","3","Kanpur, Uttar Pradesh","ACTIVE"
"125","BRDP20250125","Yashee Tiwari","Pankaj Tiwari","9661652717","BBA","2025-2028","2","Patna, Uttar Pradesh","ACTIVE"
"126","BRDP20260126","Sonika Paswan","Sonika Paswan","9188372756","B.Sc","2026-2029","1","Lucknow, Uttar Pradesh","ACTIVE"
"127","BRDP20250127","Kamlesh Agrahari","Deepa Agrahari","9922324887","BA","2025-2028","2","Patna, Uttar Pradesh","ACTIVE"
"128","BRDP20260128","Satish Tripathi","Sonika Tripathi","9161280170","B.Sc","2026-2029","1","Lakhimpur Kheri, Uttar Pradesh","ACTIVE"
"129","BRDP20240129","Ajay Gupta","Divanshi Gupta","9425702887","BBA","2024-2027","3","Sitapur Sadar, Uttar Pradesh","ACTIVE"
"130","BRDP20230130","Anamika Verma","Ananya Verma","9995070457","MCA","2023-2026","5","Misrikh, Uttar Pradesh","ACTIVE"
"131","BRDP20260131","Suresh Maurya","Aditya Maurya","9170467285","BCA","2026-2029","1","Mohali, Uttar Pradesh","ACTIVE"
"132","BRDP20250132","Rashi Srivastava","Sani Srivastava","9801652357","B.Tech CSE","2025-2028","2","Sitapur Sadar, Uttar Pradesh","ACTIVE"
"133","BRDP20230133","Rajesh Maurya","Sonu Maurya","9900920973","BCA","2023-2026","5","Laharpur, Uttar Pradesh","ACTIVE"
"134","BRDP20260134","Aditya Gupta","Naimish Gupta","9124574688","BCA","2026-2029","1","Biswan, Uttar Pradesh","ACTIVE"
"135","BRDP20250135","Saurabh Singh","Sonu Singh","9299569074","BA","2025-2028","2","Sitapur, Uttar Pradesh","ACTIVE"
"136","BRDP20250136","Dibya Rathour","Ritu Rathour","9251802392","BCA","2025-2028","2","Sitapur Sadar, Uttar Pradesh","DELETED"
"137","BRDP20250137","Satish Shukla","Sandeep Shukla","9687896843","B.Tech CSE","2025-2028","2","Sitapur Sadar, Uttar Pradesh","ACTIVE"
"138","BRDP20240138","Rohan Singh","Manoj Singh","9829849359","MCA","2024-2027","3","Lucknow, Uttar Pradesh","ACTIVE"
"139","BRDP20240139","Amit Prajapati","Sunita Prajapati","9793079079","B.Tech CSE","2024-2027","3","Kanpur, Uttar Pradesh","ACTIVE"
"140","BRDP20250140","Raj Kanaujiya","Ravi Kanaujiya","9537025989","B.Tech CSE","2025-2028","2","Sitapur Sadar, Uttar Pradesh","ACTIVE"
"141","BRDP20230141","Sonu Kashyap","Rekha Kashyap","9811467417","BA","2023-2026","5","Biswan, Uttar Pradesh","ACTIVE"
"142","BRDP20260142","Aarya Pandey","Manish Pandey","9616756814","BBA","2026-2029","1","Mohali, Uttar Pradesh","ACTIVE"
"143","BRDP20240143","Shivam Prajapati","Manoj Prajapati","9871093287","MCA","2024-2027","3","Maholi, Uttar Pradesh","ACTIVE"
"144","BRDP20250144","Kavita Gupta","Vinod Gupta","9855763444","MCA","2025-2028","2","Misrikh, Uttar Pradesh","ACTIVE"
"145","BRDP20230145","Vishal Gupta","Alok Gupta","9472496246","MCA","2023-2026","5","Sitapur Sadar, Uttar Pradesh","ACTIVE"
"146","BRDP20230146","Saurabh Agrahari","Saumya Agrahari","9842899606","BBA","2023-2026","5","Biswan, Uttar Pradesh","ACTIVE"
"147","BRDP20250147","Yashee Gautam","Divyanshi Gautam","9623733291","BA","2025-2028","2","Kanpur, Uttar Pradesh","ACTIVE"
"148","BRDP20250148","Vinod Jaiswal","Suresh Jaiswal","9581085779","B.Sc","2025-2028","2","Laharpur, Uttar Pradesh","ACTIVE"
"149","BRDP20260149","Aarav Singh","Neha Singh","9286473579","B.Sc","2026-2029","1","Sitapur Sadar, Uttar Pradesh","ACTIVE"
"150","BRDP20260150","Seema Paswan","Shivani Paswan","9171460583","B.Sc","2026-2029","1","Misrikh, Uttar Pradesh","ACTIVE"
"151","BRDP20240151","Rajesh Tiwari","Subhendu Tiwari","9699446790","BBA","2024-2027","3","Lucknow, Uttar Pradesh","ACTIVE"
"152","BRDP20230152","Diwakar Jaiswal","Vikas Jaiswal","9707066176","BCA","2023-2026","5","Khairabad, Uttar Pradesh","ACTIVE"
"153","BRDP20240153","Sunita Singh","Subhendu Singh","9335141527","BBA","2024-2027","3","Hargaon, Uttar Pradesh","ACTIVE"
"154","BRDP20250154","Shivani Kashyap","Ashutosh Kashyap","9267056686","MCA","2025-2028","2","Sitapur Sadar, Uttar Pradesh","ACTIVE"
"155","BRDP20240155","Rashi Pandey","Avneesh Pandey","9428080112","BCA","2024-2027","3","Hargaon, Uttar Pradesh","ACTIVE"
"156","BRDP20260156","Alok Maurya","Ravi Maurya","9268581044","MCA","2026-2029","1","Mohali, Uttar Pradesh","ACTIVE"
"157","BRDP20240157","Anjali Devi","Aditya Devi","9358392086","BBA","2024-2027","3","Hargaon, Uttar Pradesh","ACTIVE"
"158","BRDP20250158","Kavita Dwivedi","Ashish Dwivedi","9870117603","B.Sc","2025-2028","2","Sitapur, Uttar Pradesh","ACTIVE"
"159","BRDP20230159","Aarti Tripathi","Sonu Tripathi","9420461137","BA","2023-2026","5","Mohali, Uttar Pradesh","ACTIVE"
"160","BRDP20250160","Sani Paswan","Deepa Paswan","9875150153","BCA","2025-2028","2","Hargaon, Uttar Pradesh","ACTIVE"
"161","BRDP20260161","Prateek Devi","Ananya Devi","9403845732","BBA","2026-2029","1","Sitapur, Uttar Pradesh","ACTIVE"
"162","BRDP20240162","Shivam Gautam","Sanjay Gautam","9911315486","BBA","2024-2027","3","Mohali, Uttar Pradesh","ACTIVE"
"163","BRDP20250163","Abhishek Paswan","Sonika Paswan","9252379235","BBA","2025-2028","2","Maholi, Uttar Pradesh","ACTIVE"
"164","BRDP20240164","Sandeep Kumar","Subhendu Kumar","9654889077","MCA","2024-2027","3","Kanpur, Uttar Pradesh","ACTIVE"
"165","BRDP20240165","Sanjay Pal","Saumya Pal","9140131010","BCA","2024-2027","3","Misrikh, Uttar Pradesh","ACTIVE"
"166","BRDP20240166","Shivangi Pandey","Vinod Pandey","9882321114","BBA","2024-2027","3","Maholi, Uttar Pradesh","ACTIVE"
"167","BRDP20260167","Satish Srivastava","Vinod Srivastava","9826709761","MCA","2026-2029","1","Kanpur, Uttar Pradesh","ACTIVE"
"168","BRDP20250168","Shivangi Dubey","Saumya Dubey","9420939946","BBA","2025-2028","2","Lucknow, Uttar Pradesh","ACTIVE"
"169","BRDP20260169","Nainsi Dubey","Sonika Dubey","9829225674","MCA","2026-2029","1","Sidhauli, Uttar Pradesh","ACTIVE"
"170","BRDP20250170","Ajay Gautam","Alok Gautam","9676747983","BBA","2025-2028","2","Patna, Uttar Pradesh","ACTIVE"
"171","BRDP20250171","Priya Singh","Pinku Singh","9977988289","B.Tech CSE","2025-2028","2","Sidhauli, Uttar Pradesh","ACTIVE"
"172","BRDP20240172","Abhishek Pandey","Rahul Pandey","9446827418","BBA","2024-2027","3","Khairabad, Uttar Pradesh","ACTIVE"
"173","BRDP20250173","Avneesh Singh","Adarsh Singh","9330410169","B.Tech CSE","2025-2028","2","Patna, Uttar Pradesh","ACTIVE"
"174","BRDP20230174","Sangita Rathour","Rajesh Rathour","9413481869","B.Tech CSE","2023-2026","5","Laharpur, Uttar Pradesh","ACTIVE"
"175","BRDP20240175","Diwakar Kumar","Rajesh Kumar","9279676487","BCA","2024-2027","3","Mohali, Uttar Pradesh","ACTIVE"
"176","BRDP20260176","Sangita Tiwari","Rohan Tiwari","9173097078","BBA","2026-2029","1","Biswan, Uttar Pradesh","ACTIVE"
"177","BRDP20260177","Rekha Khan","Sanjay Khan","9158675093","B.Sc","2026-2029","1","Maholi, Uttar Pradesh","ACTIVE"
"178","BRDP20230178","Pooja Dwivedi","Ravi Dwivedi","9670927603","BCA","2023-2026","5","Patna, Uttar Pradesh","DELETED"
"179","BRDP20230179","Amit Pandey","Adarsh Pandey","9443301534","BCA","2023-2026","5","Hargaon, Uttar Pradesh","ACTIVE"
"180","BRDP20260180","Manoj Tripathi","Shivam Tripathi","9348396013","BA","2026-2029","1","Laharpur, Uttar Pradesh","ACTIVE"
"181","BRDP20230181","Neha Gupta","Meena Gupta","9595572060","MCA","2023-2026","5","Laharpur, Uttar Pradesh","ACTIVE"
"182","BRDP20230182","Ayush Prajapati","Priya Prajapati","9606708253","MCA","2023-2026","5","Sitapur, Uttar Pradesh","ACTIVE"
"183","BRDP20260183","Kamlesh Pal","Priya Pal","9321518006","B.Tech CSE","2026-2029","1","Misrikh, Uttar Pradesh","ACTIVE"
"184","BRDP20250184","Roshani Jaiswal","Sonu Jaiswal","9875795664","BBA","2025-2028","2","Misrikh, Uttar Pradesh","ACTIVE"
"185","BRDP20240185","Shivam Agrahari","Sani Agrahari","9213162395","BBA","2024-2027","3","Kanpur, Uttar Pradesh","ACTIVE"
"186","BRDP20250186","Sonu Pandey","Amit Pandey","9804965613","B.Tech CSE","2025-2028","2","Patna, Uttar Pradesh","ACTIVE"
"187","BRDP20240187","Vishal Tiwari","Rajesh Tiwari","9552895478","BA","2024-2027","3","Sidhauli, Uttar Pradesh","ACTIVE"
"188","BRDP20260188","Dipanshi Kashyap","Anamika Kashyap","9274651385","BA","2026-2029","1","Misrikh, Uttar Pradesh","ACTIVE"
"189","BRDP20250189","Naimish Yadav","Alok Yadav","9884241817","BBA","2025-2028","2","Hargaon, Uttar Pradesh","ACTIVE"
"190","BRDP20240190","Pari Tripathi","Shivani Tripathi","9259283190","B.Tech CSE","2024-2027","3","Sidhauli, Uttar Pradesh","ACTIVE"
"191","BRDP20240191","Vijay Gupta","Sunil Gupta","9673220452","BA","2024-2027","3","Sidhauli, Uttar Pradesh","ACTIVE"
"192","BRDP20230192","Suman Pandey","Suresh Pandey","9461292735","BA","2023-2026","5","Khairabad, Uttar Pradesh","ACTIVE"
"193","BRDP20240193","Vijay Shukla","Vinod Shukla","9635574003","BCA","2024-2027","3","Khairabad, Uttar Pradesh","ACTIVE"
"194","BRDP20230194","Shivangi Maurya","Aarav Maurya","9669720531","B.Tech CSE","2023-2026","5","Patna, Uttar Pradesh","ACTIVE"
"195","BRDP20250195","Pankaj Mishra","Sangita Mishra","9201181898","BA","2025-2028","2","Patna, Uttar Pradesh","ACTIVE"
"196","BRDP20260196","Priya Tiwari","Ravi Tiwari","9647700824","MCA","2026-2029","1","Laharpur, Uttar Pradesh","DELETED"
"197","BRDP20260197","Prateek Mishra","Saumya Mishra","9874271154","B.Sc","2026-2029","1","Kanpur, Uttar Pradesh","ACTIVE"
"198","BRDP20240198","Sunita Verma","Anita Verma","9388766849","B.Sc","2024-2027","3","Patna, Uttar Pradesh","ACTIVE"
"199","BRDP20230199","Alok Gautam","Nainsi Gautam","9487767890","BBA","2023-2026","5","Maholi, Uttar Pradesh","ACTIVE"
"200","BRDP20240200","Ajay Agrahari","Aarav Agrahari","9547912673","MCA","2024-2027","3","Mohali, Uttar Pradesh","ACTIVE"
"201","BRDP20240201","Dharmendra Srivastava","Ananya Srivastava","9134746439","B.Sc","2024-2027","3","Kanpur, Uttar Pradesh","ACTIVE"
"202","BRDP20230202","Sani Pal","Ravi Pal","9464715552","BA","2023-2026","5","Sitapur Sadar, Uttar Pradesh","ACTIVE"
"203","BRDP20230203","Pooja Kanaujiya","Sonika Kanaujiya","9820382197","BCA","2023-2026","5","Mohali, Uttar Pradesh","ACTIVE"
"204","BRDP20260204","Raj Sharma","Manoj Sharma","9445758499","B.Sc","2026-2029","1","Hargaon, Uttar Pradesh","ACTIVE"
"205","BRDP20260205","Raj Paswan","Vinay Paswan","9751486401","B.Sc","2026-2029","1","Khairabad, Uttar Pradesh","ACTIVE"
"206","BRDP20260206","Shivani Srivastava","Aarav Srivastava","9499764684","B.Sc","2026-2029","1","Sitapur, Uttar Pradesh","ACTIVE"
"207","BRDP20230207","Mahek Kashyap","Saurabh Kashyap","9562693550","BBA","2023-2026","5","Misrikh, Uttar Pradesh","ACTIVE"
"208","BRDP20240208","Usha Gautam","Ashutosh Gautam","9225904499","MCA","2024-2027","3","Hargaon, Uttar Pradesh","ACTIVE"
"209","BRDP20240209","Vinay Tripathi","Rahul Tripathi","9617199328","BBA","2024-2027","3","Sitapur, Uttar Pradesh","ACTIVE"
"210","BRDP20250210","Vijay Khan","Sonu Khan","9191647456","B.Tech CSE","2025-2028","2","Lucknow, Uttar Pradesh","ACTIVE"
"211","BRDP20260211","Abhishek Pandey","Rohan Pandey","9325640150","BA","2026-2029","1","Lakhimpur Kheri, Uttar Pradesh","ACTIVE"
"212","BRDP20260212","Suman Pandey","Naimish Pandey","9603172254","B.Sc","2026-2029","1","Sitapur Sadar, Uttar Pradesh","ACTIVE"
"213","BRDP20260213","Sangita Prajapati","Dibya Prajapati","9330194012","BA","2026-2029","1","Sitapur, Uttar Pradesh","ACTIVE"
"214","BRDP20240214","Subhendu Gupta","Abhishek Gupta","9828599090","BA","2024-2027","3","Laharpur, Uttar Pradesh","ACTIVE"
"215","BRDP20240215","Avneesh Devi","Saumya Devi","9776385286","B.Sc","2024-2027","3","Maholi, Uttar Pradesh","ACTIVE"
"216","BRDP20240216","Aarav Prajapati","Deepak Prajapati","9678931839","B.Sc","2024-2027","3","Maholi, Uttar Pradesh","ACTIVE"
"217","BRDP20240217","Vishal Tiwari","Saumya Tiwari","9849714485","BBA","2024-2027","3","Misrikh, Uttar Pradesh","ACTIVE"
"218","BRDP20260218","Ajay Sharma","Sonika Sharma","9318130762","MCA","2026-2029","1","Mohali, Uttar Pradesh","ACTIVE"
"219","BRDP20250219","Sarita Dubey","Deepa Dubey","9617505768","B.Sc","2025-2028","2","Sitapur, Uttar Pradesh","ACTIVE"
"220","BRDP20240220","Abhishek Dubey","Rekha Dubey","9883540769","BBA","2024-2027","3","Khairabad, Uttar Pradesh","ACTIVE"
"221","BRDP20240221","Gudiya Sharma","Rashi Sharma","9462563257","B.Sc","2024-2027","3","Sitapur, Uttar Pradesh","ACTIVE"
"222","BRDP20260222","Rajesh Pal","Kavita Pal","9444585836","B.Sc","2026-2029","1","Lucknow, Uttar Pradesh","ACTIVE"
"223","BRDP20250223","Divyanshi Verma","Shivam Verma","9979302409","BA","2025-2028","2","Sidhauli, Uttar Pradesh","ACTIVE"
"224","BRDP20260224","Rajesh Tiwari","Adarsh Tiwari","9903558339","MCA","2026-2029","1","Patna, Uttar Pradesh","ACTIVE"
"225","BRDP20250225","Laxmi Sharma","Diwakar Sharma","9866351625","B.Tech CSE","2025-2028","2","Laharpur, Uttar Pradesh","ACTIVE"
"226","BRDP20240226","Aarti Rajpoot","Deepak Rajpoot","9541113187","BBA","2024-2027","3","Maholi, Uttar Pradesh","ACTIVE"
"227","BRDP20260227","Ramesh Gautam","Alok Gautam","9286306335","BA","2026-2029","1","Laharpur, Uttar Pradesh","ACTIVE"
"228","BRDP20260228","Ayush Shukla","Gudiya Shukla","9406801337","B.Sc","2026-2029","1","Mohali, Uttar Pradesh","ACTIVE"
"229","BRDP20260229","Pushpendra Kumar","Vishal Kumar","9192409108","MCA","2026-2029","1","Hargaon, Uttar Pradesh","ACTIVE"
"230","BRDP20260230","Sandeep Dubey","Saumya Dubey","9480802345","MCA","2026-2029","1","Lakhimpur Kheri, Uttar Pradesh","ACTIVE"
"231","BRDP20260231","Adarsh Tripathi","Yashee Tripathi","9761658553","BBA","2026-2029","1","Lakhimpur Kheri, Uttar Pradesh","ACTIVE"
"232","BRDP20240232","Meena Jaiswal","Seema Jaiswal","9383045598","BA","2024-2027","3","Lucknow, Uttar Pradesh","ACTIVE"
"233","BRDP20240233","Iliyash Tripathi","Saurabh Tripathi","9491187580","MCA","2024-2027","3","Khairabad, Uttar Pradesh","ACTIVE"
"234","BRDP20260234","Mahek Devi","Priya Devi","9390775587","BCA","2026-2029","1","Patna, Uttar Pradesh","ACTIVE"
"235","BRDP20260235","Satish Devi","Aditya Devi","9617401556","BCA","2026-2029","1","Maholi, Uttar Pradesh","ACTIVE"
"236","BRDP20240236","Dibya Devi","Divanshi Devi","9147689448","B.Tech CSE","2024-2027","3","Biswan, Uttar Pradesh","ACTIVE"
"237","BRDP20240237","Anamika Dwivedi","Rekha Dwivedi","9689130994","B.Sc","2024-2027","3","Hargaon, Uttar Pradesh","ACTIVE"
"238","BRDP20260238","Subhendu Devi","Saumya Devi","9453656080","BA","2026-2029","1","Hargaon, Uttar Pradesh","DELETED"
"239","BRDP20230239","Nainsi Shukla","Aditya Shukla","9217944850","B.Tech CSE","2023-2026","5","Misrikh, Uttar Pradesh","ACTIVE"
"240","BRDP20260240","Subhendu Gupta","Prateek Gupta","9284108886","BBA","2026-2029","1","Sidhauli, Uttar Pradesh","ACTIVE"
"241","BRDP20230241","Aarav Dubey","Deepak Dubey","9393498231","B.Tech CSE","2023-2026","5","Sitapur Sadar, Uttar Pradesh","ACTIVE"
"242","BRDP20250242","Aarya Srivastava","Aarav Srivastava","9203813618","B.Tech CSE","2025-2028","2","Lakhimpur Kheri, Uttar Pradesh","ACTIVE"
"243","BRDP20240243","Pushpendra Kanaujiya","Sonika Kanaujiya","9173337883","MCA","2024-2027","3","Maholi, Uttar Pradesh","ACTIVE"
"244","BRDP20260244","Usha Giri","Pushpendra Giri","9995955999","BA","2026-2029","1","Hargaon, Uttar Pradesh","ACTIVE"
"245","BRDP20260245","Vijay Khan","Rohan Khan","9315866494","BCA","2026-2029","1","Biswan, Uttar Pradesh","ACTIVE"
"246","BRDP20240246","Geeta Kashyap","Abhishek Kashyap","9947522358","BCA","2024-2027","3","Patna, Uttar Pradesh","ACTIVE"
"247","BRDP20230247","Vinay Mishra","Pushpendra Mishra","9633400920","B.Sc","2023-2026","5","Lakhimpur Kheri, Uttar Pradesh","ACTIVE"
"248","BRDP20230248","Adarsh Kashyap","Geeta Kashyap","9711225053","BBA","2023-2026","5","Maholi, Uttar Pradesh","ACTIVE"
"249","BRDP20240249","Kamlesh Paswan","Raj Paswan","9847230980","BA","2024-2027","3","Sitapur Sadar, Uttar Pradesh","ACTIVE"
"250","BRDP20250250","Alok Singh","Naimish Singh","9938661577","B.Sc","2025-2028","2","Sitapur, Uttar Pradesh","ACTIVE"
"251","BRDP20260251","Alok Tiwari","Vinod Tiwari","9425632504","BCA","2026-2029","1","Patna, Uttar Pradesh","ACTIVE"
"252","BRDP20250252","Aarti Yadav","Ramesh Yadav","9921211225","B.Sc","2025-2028","2","Kanpur, Uttar Pradesh","ACTIVE"
"253","BRDP20230253","Abhishek Mishra","Suresh Mishra","9134563304","BCA","2023-2026","5","Lucknow, Uttar Pradesh","ACTIVE"
"254","BRDP20260254","Ayush Chaurasiya","Iliyash Chaurasiya","9143795673","B.Tech CSE","2026-2029","1","Maholi, Uttar Pradesh","ACTIVE"
"255","BRDP20230255","Adarsh Jaiswal","Aarya Jaiswal","9391194777","BCA","2023-2026","5","Mohali, Uttar Pradesh","ACTIVE"
"256","BRDP20240256","Alok Dubey","Amit Dubey","9930614022","BCA","2024-2027","3","Khairabad, Uttar Pradesh","ACTIVE"
"257","BRDP20260257","Raj Kumar","Diwakar Kumar","9598622555","B.Sc","2026-2029","1","Sidhauli, Uttar Pradesh","ACTIVE"
"258","BRDP20260258","Shivangi Verma","Amit Verma","9439325299","B.Tech CSE","2026-2029","1","Kanpur, Uttar Pradesh","ACTIVE"
"259","BRDP20250259","Gudiya Verma","Gudiya Verma","9469155119","MCA","2025-2028","2","Patna, Uttar Pradesh","ACTIVE"
"260","BRDP20260260","Ajay Tripathi","Pinku Tripathi","9461525309","B.Tech CSE","2026-2029","1","Lakhimpur Kheri, Uttar Pradesh","ACTIVE"
"261","BRDP20230261","Ritu Sharma","Pari Sharma","9866720609","BBA","2023-2026","5","Hargaon, Uttar Pradesh","ACTIVE"
"262","BRDP20250262","Sonu Paswan","Rashi Paswan","9306591824","BBA","2025-2028","2","Lakhimpur Kheri, Uttar Pradesh","ACTIVE"
"263","BRDP20230263","Aditya Kumar","Sonika Kumar","9741431028","B.Sc","2023-2026","5","Misrikh, Uttar Pradesh","ACTIVE"
"264","BRDP20240264","Geeta Srivastava","Rekha Srivastava","9199080193","B.Sc","2024-2027","3","Sitapur Sadar, Uttar Pradesh","ACTIVE"
"265","BRDP20260265","Aarti Kumar","Asha Kumar","9987323345","BA","2026-2029","1","Kanpur, Uttar Pradesh","ACTIVE"
"266","BRDP20250266","Anita Gupta","Ashutosh Gupta","9363342891","B.Sc","2025-2028","2","Lakhimpur Kheri, Uttar Pradesh","ACTIVE"
"267","BRDP20230267","Vivek Pal","Shivani Pal","9187516274","BBA","2023-2026","5","Maholi, Uttar Pradesh","ACTIVE"
"268","BRDP20240268","Satish Devi","Pari Devi","9401447358","BA","2024-2027","3","Lakhimpur Kheri, Uttar Pradesh","ACTIVE"
"269","BRDP20240269","Suman Jaiswal","Anjali Jaiswal","9703583888","B.Sc","2024-2027","3","Laharpur, Uttar Pradesh","ACTIVE"
"270","BRDP20240270","Ajay Pal","Subhendu Pal","9798329214","B.Tech CSE","2024-2027","3","Misrikh, Uttar Pradesh","ACTIVE"
"271","BRDP20240271","Deepak Verma","Suresh Verma","9647436695","BA","2024-2027","3","Maholi, Uttar Pradesh","ACTIVE"
"272","BRDP20260272","Meena Khan","Manoj Khan","9948895776","B.Sc","2026-2029","1","Khairabad, Uttar Pradesh","ACTIVE"
"273","BRDP20260273","Meena Singh","Rahul Singh","9783146130","BCA","2026-2029","1","Laharpur, Uttar Pradesh","ACTIVE"
"274","BRDP20240274","Shivani Mishra","Ashutosh Mishra","9547858300","BBA","2024-2027","3","Kanpur, Uttar Pradesh","ACTIVE"
"275","BRDP20240275","Vijay Pal","Rekha Pal","9845937090","BA","2024-2027","3","Sidhauli, Uttar Pradesh","ACTIVE"
"276","BRDP20240276","Prateek Srivastava","Deepika Srivastava","9490510876","BA","2024-2027","3","Biswan, Uttar Pradesh","ACTIVE"
"277","BRDP20260277","Ankul Devi","Sanjay Devi","9731282932","BA","2026-2029","1","Kanpur, Uttar Pradesh","ACTIVE"
"278","BRDP20250278","Ravi Dwivedi","Priya Dwivedi","9774056438","B.Sc","2025-2028","2","Biswan, Uttar Pradesh","ACTIVE"
"279","BRDP20240279","Pinku Sharma","Yashee Sharma","9891558621","B.Tech CSE","2024-2027","3","Lakhimpur Kheri, Uttar Pradesh","ACTIVE"
"280","BRDP20230280","Usha Prajapati","Vishal Prajapati","9420725373","BCA","2023-2026","5","Laharpur, Uttar Pradesh","ACTIVE"
"281","BRDP20250281","Abhishek Khan","Vinay Khan","9727978832","BBA","2025-2028","2","Kanpur, Uttar Pradesh","ACTIVE"
"282","BRDP20230282","Sonika Devi","Rajesh Devi","9484804938","MCA","2023-2026","5","Laharpur, Uttar Pradesh","ACTIVE"
"283","BRDP20250283","Dibya Yadav","Divyanshi Yadav","9936382399","B.Tech CSE","2025-2028","2","Sidhauli, Uttar Pradesh","ACTIVE"
"284","BRDP20240284","Ajay Giri","Kavita Giri","9884486783","BCA","2024-2027","3","Laharpur, Uttar Pradesh","ACTIVE"
"285","BRDP20240285","Mahek Kashyap","Prateek Kashyap","9839797724","BA","2024-2027","3","Maholi, Uttar Pradesh","ACTIVE"
"286","BRDP20240286","Divyanshi Yadav","Deepak Yadav","9856210401","B.Sc","2024-2027","3","Sidhauli, Uttar Pradesh","ACTIVE"
"287","BRDP20240287","Ravi Tripathi","Laxmi Tripathi","9108447492","B.Sc","2024-2027","3","Sitapur Sadar, Uttar Pradesh","ACTIVE"
"288","BRDP20260288","Vikas Yadav","Shivam Yadav","9601042234","BCA","2026-2029","1","Maholi, Uttar Pradesh","ACTIVE"
"289","BRDP20230289","Suman Gupta","Divyanshi Gupta","9936668918","BCA","2023-2026","5","Biswan, Uttar Pradesh","ACTIVE"
"290","BRDP20260290","Roshani Maurya","Aarti Maurya","9289829710","BBA","2026-2029","1","Hargaon, Uttar Pradesh","ACTIVE"
"291","BRDP20260291","Priya Singh","Sani Singh","9992501715","BBA","2026-2029","1","Sidhauli, Uttar Pradesh","ACTIVE"
"292","BRDP20250292","Usha Dwivedi","Abhishek Dwivedi","9585895465","BBA","2025-2028","2","Sitapur Sadar, Uttar Pradesh","ACTIVE"
"293","BRDP20260293","Rahul Yadav","Dipanshi Yadav","9476062851","B.Sc","2026-2029","1","Patna, Uttar Pradesh","ACTIVE"
"294","BRDP20260294","Sangita Maurya","Pooja Maurya","9990055349","BA","2026-2029","1","Sitapur Sadar, Uttar Pradesh","ACTIVE"
"295","BRDP20260295","Sangita Sharma","Alok Sharma","9197724735","BCA","2026-2029","1","Sidhauli, Uttar Pradesh","ACTIVE"
"296","BRDP20250296","Anamika Yadav","Dibya Yadav","9639580355","BCA","2025-2028","2","Lakhimpur Kheri, Uttar Pradesh","ACTIVE"
"297","BRDP20260297","Kamlesh Gautam","Vinay Gautam","9976703958","B.Sc","2026-2029","1","Hargaon, Uttar Pradesh","ACTIVE"
"298","BRDP20260298","Subhendu Shukla","Prateek Shukla","9996249784","B.Sc","2026-2029","1","Misrikh, Uttar Pradesh","ACTIVE"
"299","BRDP20250299","Saurabh Paswan","Anjali Paswan","9337268250","B.Tech CSE","2025-2028","2","Patna, Uttar Pradesh","ACTIVE"
"300","BRDP20250300","Shivangi Prajapati","Asha Prajapati","9677091040","B.Sc","2025-2028","2","Khairabad, Uttar Pradesh","ACTIVE"
"301","BRDP20260301","Rahul Gupta","Vinod Gupta","9477743610","BA","2026-2029","1","Misrikh, Uttar Pradesh","ACTIVE"
"302","BRDP20260302","Subhendu Verma","Aarya Verma","9305476723","BA","2026-2029","1","Sitapur Sadar, Uttar Pradesh","ACTIVE"
"303","BRDP20250303","Rahul Pandey","Sonu Pandey","9533131278","BBA","2025-2028","2","Misrikh, Uttar Pradesh","ACTIVE"
"304","BRDP20260304","Ritu Prajapati","Saumya Prajapati","9222028320","B.Tech CSE","2026-2029","1","Patna, Uttar Pradesh","ACTIVE"
"305","BRDP20250305","Saurabh Jaiswal","Sarita Jaiswal","9340415489","BA","2025-2028","2","Laharpur, Uttar Pradesh","ACTIVE"
"306","BRDP20240306","Dharmendra Dubey","Diwakar Dubey","9725014190","MCA","2024-2027","3","Laharpur, Uttar Pradesh","ACTIVE"
"307","BRDP20230307","Sarita Maurya","Sunil Maurya","9543028528","BCA","2023-2026","5","Patna, Uttar Pradesh","ACTIVE"
"308","BRDP20230308","Raj Dwivedi","Satish Dwivedi","9800652104","B.Sc","2023-2026","5","Kanpur, Uttar Pradesh","ACTIVE"
"309","BRDP20230309","Anjali Devi","Laxmi Devi","9502663717","B.Tech CSE","2023-2026","5","Lakhimpur Kheri, Uttar Pradesh","ACTIVE"
"310","BRDP20230310","Ananya Dwivedi","Asha Dwivedi","9473923334","BCA","2023-2026","5","Khairabad, Uttar Pradesh","ACTIVE"
"311","BRDP20250311","Sandeep Gupta","Sunil Gupta","9851115483","BBA","2025-2028","2","Khairabad, Uttar Pradesh","DELETED"
"312","BRDP20230312","Pinku Dwivedi","Pushpendra Dwivedi","9975355481","B.Tech CSE","2023-2026","5","Sitapur, Uttar Pradesh","ACTIVE"
"313","BRDP20260313","Subhendu Singh","Laxmi Singh","9525315226","B.Tech CSE","2026-2029","1","Sitapur Sadar, Uttar Pradesh","ACTIVE"
"314","BRDP20240314","Yashee Tripathi","Geeta Tripathi","9764947926","BA","2024-2027","3","Sitapur Sadar, Uttar Pradesh","ACTIVE"
"315","BRDP20240315","Mahek Rathour","Vivek Rathour","9828338465","BA","2024-2027","3","Patna, Uttar Pradesh","DELETED"
"316","BRDP20260316","Ashutosh Rathour","Ritu Rathour","9567836252","B.Tech CSE","2026-2029","1","Kanpur, Uttar Pradesh","ACTIVE"
"317","BRDP20240317","Dibya Mishra","Pari Mishra","9754160361","B.Tech CSE","2024-2027","3","Lakhimpur Kheri, Uttar Pradesh","ACTIVE"
"318","BRDP20260318","Yashee Srivastava","Gudiya Srivastava","9302785414","BBA","2026-2029","1","Sitapur Sadar, Uttar Pradesh","ACTIVE"
"319","BRDP20250319","Vikas Pal","Sandeep Pal","9301422327","MCA","2025-2028","2","Sidhauli, Uttar Pradesh","ACTIVE"
"320","BRDP20260320","Vinay Pandey","Sonu Pandey","9194343200","B.Tech CSE","2026-2029","1","Misrikh, Uttar Pradesh","ACTIVE"
"321","BRDP20240321","Deepak Srivastava","Shivangi Srivastava","9176591632","B.Tech CSE","2024-2027","3","Lucknow, Uttar Pradesh","ACTIVE"
"322","BRDP20240322","Aditya Jaiswal","Geeta Jaiswal","9354866960","BA","2024-2027","3","Lakhimpur Kheri, Uttar Pradesh","ACTIVE"
"323","BRDP20240323","Deepak Jaiswal","Pankaj Jaiswal","9503685348","BA","2024-2027","3","Patna, Uttar Pradesh","ACTIVE"
"324","BRDP20240324","Vikas Jaiswal","Sandeep Jaiswal","9469765719","BCA","2024-2027","3","Misrikh, Uttar Pradesh","ACTIVE"
"325","BRDP20260325","Yashee Srivastava","Aarya Srivastava","9257286859","B.Sc","2026-2029","1","Khairabad, Uttar Pradesh","ACTIVE"
"326","BRDP20240326","Vinod Sharma","Deepa Sharma","9262945020","BBA","2024-2027","3","Sidhauli, Uttar Pradesh","ACTIVE"
"327","BRDP20260327","Ravi Kumar","Neha Kumar","9209188641","BA","2026-2029","1","Laharpur, Uttar Pradesh","ACTIVE"
"328","BRDP20230328","Satish Yadav","Shivam Yadav","9391184663","BBA","2023-2026","5","Lucknow, Uttar Pradesh","ACTIVE"
"329","BRDP20240329","Prateek Sharma","Vishal Sharma","9193166773","B.Sc","2024-2027","3","Lakhimpur Kheri, Uttar Pradesh","ACTIVE"
"330","BRDP20240330","Shivangi Gupta","Rashi Gupta","9569660170","BBA","2024-2027","3","Hargaon, Uttar Pradesh","ACTIVE"
"331","BRDP20260331","Aarya Tripathi","Shivangi Tripathi","9520652397","BA","2026-2029","1","Sitapur Sadar, Uttar Pradesh","ACTIVE"
"332","BRDP20240332","Aditya Yadav","Dibya Yadav","9643979285","MCA","2024-2027","3","Laharpur, Uttar Pradesh","ACTIVE"
"333","BRDP20230333","Rahul Kumar","Sonika Kumar","9871579319","MCA","2023-2026","5","Mohali, Uttar Pradesh","ACTIVE"
"334","BRDP20250334","Yashee Paswan","Sanjay Paswan","9979284084","BBA","2025-2028","2","Lakhimpur Kheri, Uttar Pradesh","ACTIVE"
"335","BRDP20240335","Ananya Jaiswal","Deepa Jaiswal","9843532786","BCA","2024-2027","3","Mohali, Uttar Pradesh","ACTIVE"
"336","BRDP20250336","Sonika Kanaujiya","Sonu Kanaujiya","9289753182","B.Sc","2025-2028","2","Lucknow, Uttar Pradesh","DELETED"
"337","BRDP20250337","Deepa Kumar","Avneesh Kumar","9724278687","B.Sc","2025-2028","2","Hargaon, Uttar Pradesh","ACTIVE"
"338","BRDP20240338","Suresh Maurya","Aarti Maurya","9252579205","B.Sc","2024-2027","3","Kanpur, Uttar Pradesh","ACTIVE"
"339","BRDP20250339","Anamika Chaurasiya","Aditya Chaurasiya","9111949509","MCA","2025-2028","2","Sitapur Sadar, Uttar Pradesh","ACTIVE"
"340","BRDP20240340","Seema Jaiswal","Seema Jaiswal","9542390096","MCA","2024-2027","3","Sidhauli, Uttar Pradesh","ACTIVE"
"341","BRDP20250341","Subhendu Kashyap","Avneesh Kashyap","9395144455","BCA","2025-2028","2","Kanpur, Uttar Pradesh","ACTIVE"
"342","BRDP20260342","Gudiya Singh","Meena Singh","9319473317","BCA","2026-2029","1","Sitapur Sadar, Uttar Pradesh","ACTIVE"
"343","BRDP20230343","Amit Tripathi","Suman Tripathi","9224677607","B.Tech CSE","2023-2026","5","Biswan, Uttar Pradesh","ACTIVE"
"344","BRDP20250344","Pinku Singh","Manish Singh","9250684108","BA","2025-2028","2","Misrikh, Uttar Pradesh","ACTIVE"
"345","BRDP20230345","Ritu Rathour","Pooja Rathour","9314445655","BCA","2023-2026","5","Sidhauli, Uttar Pradesh","ACTIVE"
"346","BRDP20250346","Rohan Verma","Vijay Verma","9684173595","MCA","2025-2028","2","Laharpur, Uttar Pradesh","ACTIVE"
"347","BRDP20240347","Geeta Prajapati","Sonu Prajapati","9749495279","BA","2024-2027","3","Maholi, Uttar Pradesh","ACTIVE"
"348","BRDP20230348","Shivani Maurya","Sonika Maurya","9355595964","BCA","2023-2026","5","Patna, Uttar Pradesh","ACTIVE"
"349","BRDP20250349","Dipanshi Khan","Sunil Khan","9265969822","BCA","2025-2028","2","Misrikh, Uttar Pradesh","ACTIVE"
"350","BRDP20230350","Sunita Saini","Roshani Saini","9823461447","B.Tech CSE","2023-2026","5","Lucknow, Uttar Pradesh","ACTIVE"
"351","BRDP20250351","Seema Jaiswal","Vinod Jaiswal","9724635311","BA","2025-2028","2","Mohali, Uttar Pradesh","ACTIVE"
"352","BRDP20240352","Pinku Sharma","Mahek Sharma","9583338015","B.Sc","2024-2027","3","Lakhimpur Kheri, Uttar Pradesh","ACTIVE"
"353","BRDP20230353","Aarav Tiwari","Divyanshi Tiwari","9546216175","B.Sc","2023-2026","5","Patna, Uttar Pradesh","ACTIVE"
"354","BRDP20230354","Priya Khan","Vikas Khan","9377298633","BBA","2023-2026","5","Kanpur, Uttar Pradesh","ACTIVE"
"355","BRDP20250355","Usha Pal","Ayush Pal","9303298815","MCA","2025-2028","2","Sidhauli, Uttar Pradesh","ACTIVE"
"356","BRDP20240356","Shivam Kumar","Shivam Kumar","9485197539","B.Sc","2024-2027","3","Kanpur, Uttar Pradesh","ACTIVE"
"357","BRDP20230357","Kavita Jaiswal","Kamlesh Jaiswal","9842802532","B.Tech CSE","2023-2026","5","Biswan, Uttar Pradesh","ACTIVE"
"358","BRDP20260358","Saumya Srivastava","Ashish Srivastava","9666215096","BCA","2026-2029","1","Sitapur, Uttar Pradesh","ACTIVE"
"359","BRDP20250359","Anjali Shukla","Sunita Shukla","9413479519","BA","2025-2028","2","Patna, Uttar Pradesh","ACTIVE"
"360","BRDP20230360","Saumya Gupta","Vijay Gupta","9502831224","BCA","2023-2026","5","Misrikh, Uttar Pradesh","ACTIVE"
"361","BRDP20260361","Pankaj Verma","Sunil Verma","9361219517","BBA","2026-2029","1","Mohali, Uttar Pradesh","ACTIVE"
"362","BRDP20240362","Aarav Saini","Manoj Saini","9291011158","BCA","2024-2027","3","Lakhimpur Kheri, Uttar Pradesh","ACTIVE"
"363","BRDP20230363","Anamika Paswan","Shivam Paswan","9640185394","B.Sc","2023-2026","5","Mohali, Uttar Pradesh","ACTIVE"
"364","BRDP20250364","Sunil Kumar","Aarti Kumar","9826804021","BA","2025-2028","2","Mohali, Uttar Pradesh","ACTIVE"
"365","BRDP20260365","Shivani Kanaujiya","Aditya Kanaujiya","9504636982","B.Tech CSE","2026-2029","1","Lakhimpur Kheri, Uttar Pradesh","ACTIVE"
"366","BRDP20240366","Subhendu Mishra","Ankul Mishra","9410813686","B.Tech CSE","2024-2027","3","Lakhimpur Kheri, Uttar Pradesh","DELETED"
"367","BRDP20230367","Pari Gautam","Meena Gautam","9754039689","BA","2023-2026","5","Sitapur Sadar, Uttar Pradesh","ACTIVE"
"368","BRDP20260368","Rohan Mishra","Sunil Mishra","9696559670","B.Sc","2026-2029","1","Lakhimpur Kheri, Uttar Pradesh","ACTIVE"
"369","BRDP20260369","Sarita Prajapati","Sangita Prajapati","9966777913","B.Sc","2026-2029","1","Khairabad, Uttar Pradesh","ACTIVE"
"370","BRDP20260370","Iliyash Devi","Ankul Devi","9915630445","BBA","2026-2029","1","Patna, Uttar Pradesh","ACTIVE"
"371","BRDP20230371","Mahek Devi","Shivangi Devi","9646967552","B.Tech CSE","2023-2026","5","Maholi, Uttar Pradesh","ACTIVE"
"372","BRDP20240372","Vinay Gupta","Anamika Gupta","9806318014","B.Tech CSE","2024-2027","3","Biswan, Uttar Pradesh","ACTIVE"
"373","BRDP20240373","Deepak Shukla","Rashi Shukla","9916610260","BBA","2024-2027","3","Lakhimpur Kheri, Uttar Pradesh","ACTIVE"
"374","BRDP20250374","Laxmi Verma","Priya Verma","9566544819","BBA","2025-2028","2","Mohali, Uttar Pradesh","ACTIVE"
"375","BRDP20260375","Anamika Saini","Pankaj Saini","9980585474","B.Tech CSE","2026-2029","1","Hargaon, Uttar Pradesh","ACTIVE"
"376","BRDP20230376","Ramesh Maurya","Pushpendra Maurya","9221991065","B.Sc","2023-2026","5","Khairabad, Uttar Pradesh","DELETED"
"377","BRDP20250377","Anamika Kanaujiya","Seema Kanaujiya","9109668380","BCA","2025-2028","2","Mohali, Uttar Pradesh","ACTIVE"
"378","BRDP20250378","Pooja Kanaujiya","Meena Kanaujiya","9923079174","B.Tech CSE","2025-2028","2","Sidhauli, Uttar Pradesh","ACTIVE"
"379","BRDP20240379","Dharmendra Srivastava","Mahek Srivastava","9811708631","B.Tech CSE","2024-2027","3","Biswan, Uttar Pradesh","ACTIVE"
"380","BRDP20240380","Divyanshi Gautam","Aarti Gautam","9596875915","BBA","2024-2027","3","Mohali, Uttar Pradesh","ACTIVE"
"381","BRDP20260381","Asha Tripathi","Alok Tripathi","9652616525","BA","2026-2029","1","Patna, Uttar Pradesh","ACTIVE"
"382","BRDP20260382","Deepak Paswan","Anjali Paswan","9783598020","B.Sc","2026-2029","1","Maholi, Uttar Pradesh","ACTIVE"
"383","BRDP20240383","Aarya Paswan","Suman Paswan","9311877360","BCA","2024-2027","3","Laharpur, Uttar Pradesh","ACTIVE"
"384","BRDP20260384","Sonika Tiwari","Gudiya Tiwari","9436073782","B.Sc","2026-2029","1","Khairabad, Uttar Pradesh","ACTIVE"
"385","BRDP20240385","Ashish Agrahari","Ritu Agrahari","9975699434","BBA","2024-2027","3","Maholi, Uttar Pradesh","ACTIVE"
"386","BRDP20240386","Roshani Verma","Ramesh Verma","9991093715","MCA","2024-2027","3","Sitapur, Uttar Pradesh","DELETED"
"387","BRDP20230387","Anjali Giri","Sani Giri","9514815267","MCA","2023-2026","5","Sidhauli, Uttar Pradesh","ACTIVE"
"388","BRDP20230388","Vinod Dubey","Sunita Dubey","9462936235","B.Tech CSE","2023-2026","5","Sitapur, Uttar Pradesh","ACTIVE"
"389","BRDP20230389","Dharmendra Singh","Ashish Singh","9511149250","B.Tech CSE","2023-2026","5","Mohali, Uttar Pradesh","ACTIVE"
"390","BRDP20250390","Deepika Singh","Ajay Singh","9649967527","BBA","2025-2028","2","Lucknow, Uttar Pradesh","ACTIVE"
"391","BRDP20250391","Roshani Dubey","Alok Dubey","9619491419","BBA","2025-2028","2","Lucknow, Uttar Pradesh","ACTIVE"
"392","BRDP20250392","Vishal Agrahari","Sunita Agrahari","9537299126","MCA","2025-2028","2","Khairabad, Uttar Pradesh","ACTIVE"
"393","BRDP20240393","Adarsh Saini","Sangita Saini","9350441169","BBA","2024-2027","3","Khairabad, Uttar Pradesh","ACTIVE"
"394","BRDP20260394","Mahek Saini","Manish Saini","9890176660","BCA","2026-2029","1","Sitapur Sadar, Uttar Pradesh","ACTIVE"
"395","BRDP20250395","Ramesh Khan","Kavita Khan","9416102778","B.Tech CSE","2025-2028","2","Mohali, Uttar Pradesh","DELETED"
"396","BRDP20230396","Subhendu Agrahari","Sunita Agrahari","9648347627","BBA","2023-2026","5","Khairabad, Uttar Pradesh","ACTIVE"
"397","BRDP20260397","Subhendu Kanaujiya","Gudiya Kanaujiya","9623314665","BCA","2026-2029","1","Sitapur, Uttar Pradesh","ACTIVE"
"398","BRDP20250398","Kavita Kanaujiya","Sandeep Kanaujiya","9116029322","MCA","2025-2028","2","Sidhauli, Uttar Pradesh","DELETED"
"399","BRDP20260399","Prateek Saini","Gudiya Saini","9982908138","BCA","2026-2029","1","Sitapur Sadar, Uttar Pradesh","ACTIVE"
"400","BRDP20240400","Yashee Sharma","Aarya Sharma","9947757535","BCA","2024-2027","3","Maholi, Uttar Pradesh","ACTIVE"
"401","BRDP20240401","Nainsi Gautam","Priya Gautam","9122133708","B.Sc","2024-2027","3","Mohali, Uttar Pradesh","ACTIVE"
"402","BRDP20260402","Sonika Rajpoot","Aarav Rajpoot","9389482464","MCA","2026-2029","1","Mohali, Uttar Pradesh","ACTIVE"
"403","BRDP20260403","Dharmendra Rajpoot","Vinay Rajpoot","9914696555","BCA","2026-2029","1","Patna, Uttar Pradesh","ACTIVE"
"404","BRDP20260404","Anjali Kashyap","Usha Kashyap","9557297744","B.Tech CSE","2026-2029","1","Khairabad, Uttar Pradesh","ACTIVE"
"405","BRDP20260405","Meena Tiwari","Nainsi Tiwari","9419590159","B.Tech CSE","2026-2029","1","Lucknow, Uttar Pradesh","ACTIVE"
"406","BRDP20250406","Rahul Maurya","Ayush Maurya","9452549682","BBA","2025-2028","2","Maholi, Uttar Pradesh","ACTIVE"
"407","BRDP20250407","Aarti Saini","Vishal Saini","9512357398","BCA","2025-2028","2","Khairabad, Uttar Pradesh","ACTIVE"
"408","BRDP20230408","Rajesh Dubey","Abhishek Dubey","9989865143","B.Tech CSE","2023-2026","5","Patna, Uttar Pradesh","ACTIVE"
"409","BRDP20250409","Sanjay Agrahari","Amit Agrahari","9258942363","MCA","2025-2028","2","Khairabad, Uttar Pradesh","ACTIVE"
"410","BRDP20260410","Dibya Yadav","Sonika Yadav","9386068332","B.Tech CSE","2026-2029","1","Khairabad, Uttar Pradesh","ACTIVE"
"411","BRDP20240411","Vishal Paswan","Iliyash Paswan","9559247564","BCA","2024-2027","3","Hargaon, Uttar Pradesh","ACTIVE"
"412","BRDP20240412","Abhishek Dubey","Vikas Dubey","9433075181","MCA","2024-2027","3","Khairabad, Uttar Pradesh","ACTIVE"
"413","BRDP20240413","Suresh Agrahari","Yashee Agrahari","9175932687","MCA","2024-2027","3","Maholi, Uttar Pradesh","ACTIVE"
"414","BRDP20240414","Dharmendra Saini","Seema Saini","9145576675","B.Sc","2024-2027","3","Lucknow, Uttar Pradesh","ACTIVE"
"415","BRDP20250415","Gudiya Dubey","Nainsi Dubey","9236349179","BBA","2025-2028","2","Khairabad, Uttar Pradesh","ACTIVE"
"416","BRDP20230416","Saurabh Mishra","Vijay Mishra","9327324657","BA","2023-2026","5","Sidhauli, Uttar Pradesh","ACTIVE"
"417","BRDP20230417","Amit Dubey","Alok Dubey","9674225229","B.Tech CSE","2023-2026","5","Maholi, Uttar Pradesh","ACTIVE"
"418","BRDP20240418","Sandeep Rathour","Dipanshi Rathour","9602938325","BA","2024-2027","3","Misrikh, Uttar Pradesh","ACTIVE"
"419","BRDP20240419","Sangita Saini","Gudiya Saini","9142106163","MCA","2024-2027","3","Lucknow, Uttar Pradesh","ACTIVE"
"420","BRDP20260420","Adarsh Khan","Raj Khan","9596063293","BCA","2026-2029","1","Sitapur Sadar, Uttar Pradesh","ACTIVE"
"421","BRDP20250421","Asha Kanaujiya","Alok Kanaujiya","9337558274","BCA","2025-2028","2","Khairabad, Uttar Pradesh","ACTIVE"
"422","BRDP20230422","Manish Yadav","Divanshi Yadav","9258098532","BA","2023-2026","5","Lucknow, Uttar Pradesh","ACTIVE"
"423","BRDP20260423","Alok Rathour","Shivani Rathour","9838557042","MCA","2026-2029","1","Maholi, Uttar Pradesh","ACTIVE"
"424","BRDP20240424","Sarita Kashyap","Dipanshi Kashyap","9843979994","MCA","2024-2027","3","Mohali, Uttar Pradesh","ACTIVE"
"425","BRDP20240425","Sunil Dubey","Subhendu Dubey","9786686445","BA","2024-2027","3","Misrikh, Uttar Pradesh","ACTIVE"
"426","BRDP20260426","Sanjay Pandey","Dibya Pandey","9813472961","MCA","2026-2029","1","Sidhauli, Uttar Pradesh","ACTIVE"
"427","BRDP20230427","Sangita Shukla","Dibya Shukla","9552818666","BCA","2023-2026","5","Misrikh, Uttar Pradesh","ACTIVE"
"428","BRDP20230428","Divanshi Gautam","Suresh Gautam","9888416202","BCA","2023-2026","5","Lakhimpur Kheri, Uttar Pradesh","ACTIVE"
"429","BRDP20240429","Ashish Yadav","Rekha Yadav","9676271546","BBA","2024-2027","3","Maholi, Uttar Pradesh","ACTIVE"
"430","BRDP20260430","Shivani Kanaujiya","Aarya Kanaujiya","9509312405","B.Tech CSE","2026-2029","1","Laharpur, Uttar Pradesh","ACTIVE"
"431","BRDP20230431","Vikas Kumar","Divyanshi Kumar","9131841819","B.Sc","2023-2026","5","Misrikh, Uttar Pradesh","ACTIVE"
"432","BRDP20260432","Anamika Kashyap","Vinay Kashyap","9245005252","BA","2026-2029","1","Sitapur, Uttar Pradesh","ACTIVE"
"433","BRDP20240433","Manoj Kumar","Sunita Kumar","9238730148","MCA","2024-2027","3","Hargaon, Uttar Pradesh","ACTIVE"
"434","BRDP20250434","Ritu Agrahari","Kamlesh Agrahari","9162643405","BCA","2025-2028","2","Mohali, Uttar Pradesh","ACTIVE"
"435","BRDP20260435","Meena Saini","Abhishek Saini","9448077712","BBA","2026-2029","1","Sidhauli, Uttar Pradesh","ACTIVE"
"436","BRDP20230436","Kavita Kashyap","Saurabh Kashyap","9212752758","BBA","2023-2026","5","Maholi, Uttar Pradesh","ACTIVE"
"437","BRDP20230437","Laxmi Giri","Aarav Giri","9143906195","BCA","2023-2026","5","Sitapur, Uttar Pradesh","ACTIVE"
"438","BRDP20250438","Priya Rathour","Usha Rathour","9225658052","BCA","2025-2028","2","Sidhauli, Uttar Pradesh","ACTIVE"
"439","BRDP20260439","Diwakar Pal","Sanjay Pal","9870328286","BA","2026-2029","1","Kanpur, Uttar Pradesh","ACTIVE"
"440","BRDP20240440","Ashutosh Singh","Ashutosh Singh","9789496378","MCA","2024-2027","3","Sidhauli, Uttar Pradesh","ACTIVE"
"441","BRDP20240441","Gudiya Mishra","Divanshi Mishra","9652420276","MCA","2024-2027","3","Patna, Uttar Pradesh","ACTIVE"
"442","BRDP20230442","Dharmendra Sharma","Pari Sharma","9614844555","B.Tech CSE","2023-2026","5","Khairabad, Uttar Pradesh","ACTIVE"
"443","BRDP20260443","Usha Tiwari","Dibya Tiwari","9246475605","B.Sc","2026-2029","1","Misrikh, Uttar Pradesh","ACTIVE"
"444","BRDP20230444","Pankaj Sharma","Alok Sharma","9961917552","B.Sc","2023-2026","5","Lakhimpur Kheri, Uttar Pradesh","ACTIVE"
"445","BRDP20240445","Shivani Giri","Ajay Giri","9235465279","MCA","2024-2027","3","Hargaon, Uttar Pradesh","ACTIVE"
"446","BRDP20250446","Sangita Singh","Ayush Singh","9297504073","BBA","2025-2028","2","Mohali, Uttar Pradesh","ACTIVE"
"447","BRDP20230447","Abhishek Shukla","Sangita Shukla","9366549643","BBA","2023-2026","5","Lucknow, Uttar Pradesh","ACTIVE"
"448","BRDP20260448","Ankul Paswan","Vikas Paswan","9531540363","BA","2026-2029","1","Sitapur Sadar, Uttar Pradesh","ACTIVE"
"449","BRDP20240449","Dharmendra Tripathi","Vinay Tripathi","9710493610","B.Sc","2024-2027","3","Misrikh, Uttar Pradesh","ACTIVE"
"450","BRDP20260450","Aarti Pal","Satish Pal","9330215729","MCA","2026-2029","1","Biswan, Uttar Pradesh","ACTIVE"
"451","BRDP20260451","Aarti Shukla","Anita Shukla","9154270777","B.Tech CSE","2026-2029","1","Biswan, Uttar Pradesh","DELETED"
"452","BRDP20250452","Adarsh Srivastava","Kamlesh Srivastava","9305665484","MCA","2025-2028","2","Kanpur, Uttar Pradesh","ACTIVE"
"453","BRDP20240453","Satish Tiwari","Usha Tiwari","9295303851","MCA","2024-2027","3","Biswan, Uttar Pradesh","ACTIVE"
"454","BRDP20260454","Manish Rajpoot","Raj Rajpoot","9927232734","MCA","2026-2029","1","Sitapur, Uttar Pradesh","ACTIVE"
"455","BRDP20240455","Neha Dubey","Usha Dubey","9961361649","MCA","2024-2027","3","Sitapur Sadar, Uttar Pradesh","ACTIVE"
"456","BRDP20250456","Meena Maurya","Ayush Maurya","9191085233","BCA","2025-2028","2","Mohali, Uttar Pradesh","ACTIVE"
"457","BRDP20230457","Rajesh Tiwari","Divanshi Tiwari","9717135467","MCA","2023-2026","5","Biswan, Uttar Pradesh","ACTIVE"
"458","BRDP20230458","Vivek Jaiswal","Naimish Jaiswal","9366769634","BCA","2023-2026","5","Sitapur, Uttar Pradesh","ACTIVE"
"459","BRDP20230459","Shivam Kashyap","Manoj Kashyap","9813843179","BCA","2023-2026","5","Hargaon, Uttar Pradesh","ACTIVE"
"460","BRDP20230460","Vikas Sharma","Vikas Sharma","9518805223","MCA","2023-2026","5","Lucknow, Uttar Pradesh","ACTIVE"
"461","BRDP20260461","Vivek Giri","Rashi Giri","9990368072","BBA","2026-2029","1","Biswan, Uttar Pradesh","ACTIVE"
"462","BRDP20250462","Pankaj Gupta","Kamlesh Gupta","9832147123","B.Tech CSE","2025-2028","2","Sidhauli, Uttar Pradesh","ACTIVE"
"463","BRDP20260463","Sunita Chaurasiya","Ritu Chaurasiya","9902777400","B.Tech CSE","2026-2029","1","Maholi, Uttar Pradesh","DELETED"
"464","BRDP20260464","Anita Paswan","Anamika Paswan","9921417763","BCA","2026-2029","1","Lucknow, Uttar Pradesh","ACTIVE"
"465","BRDP20250465","Sanjay Devi","Sani Devi","9776564452","B.Tech CSE","2025-2028","2","Sidhauli, Uttar Pradesh","ACTIVE"
"466","BRDP20230466","Neha Agrahari","Priya Agrahari","9418535586","MCA","2023-2026","5","Sitapur, Uttar Pradesh","ACTIVE"
"467","BRDP20250467","Ravi Dwivedi","Rajesh Dwivedi","9560570095","B.Sc","2025-2028","2","Kanpur, Uttar Pradesh","ACTIVE"
"468","BRDP20250468","Ritu Dwivedi","Deepak Dwivedi","9660971484","B.Sc","2025-2028","2","Lucknow, Uttar Pradesh","ACTIVE"
"469","BRDP20260469","Aarya Verma","Sarita Verma","9938746073","B.Sc","2026-2029","1","Misrikh, Uttar Pradesh","ACTIVE"
"470","BRDP20260470","Vivek Sharma","Nainsi Sharma","9868976059","BCA","2026-2029","1","Lakhimpur Kheri, Uttar Pradesh","ACTIVE"
"471","BRDP20230471","Aarti Kashyap","Alok Kashyap","9252653344","B.Sc","2023-2026","5","Maholi, Uttar Pradesh","ACTIVE"
"472","BRDP20230472","Vivek Maurya","Manish Maurya","9839199294","BA","2023-2026","5","Khairabad, Uttar Pradesh","ACTIVE"
"473","BRDP20260473","Meena Tiwari","Dipanshi Tiwari","9294144068","BA","2026-2029","1","Maholi, Uttar Pradesh","ACTIVE"
"474","BRDP20230474","Ravi Verma","Mahek Verma","9929790479","B.Sc","2023-2026","5","Sitapur, Uttar Pradesh","ACTIVE"
"475","BRDP20260475","Vivek Kashyap","Saurabh Kashyap","9393325011","BBA","2026-2029","1","Kanpur, Uttar Pradesh","ACTIVE"
"476","BRDP20240476","Subhendu Verma","Sandeep Verma","9772708011","BBA","2024-2027","3","Laharpur, Uttar Pradesh","ACTIVE"
"477","BRDP20250477","Priya Agrahari","Suman Agrahari","9755482424","BA","2025-2028","2","Laharpur, Uttar Pradesh","ACTIVE"
"478","BRDP20230478","Manish Tripathi","Shivani Tripathi","9848735644","MCA","2023-2026","5","Sitapur, Uttar Pradesh","ACTIVE"
"479","BRDP20250479","Satish Tripathi","Ravi Tripathi","9271655303","BBA","2025-2028","2","Mohali, Uttar Pradesh","ACTIVE"
"480","BRDP20240480","Rohan Maurya","Laxmi Maurya","9360791812","BBA","2024-2027","3","Lakhimpur Kheri, Uttar Pradesh","ACTIVE"
"481","BRDP20250481","Sunita Jaiswal","Ayush Jaiswal","9957765999","MCA","2025-2028","2","Patna, Uttar Pradesh","ACTIVE"
"482","BRDP20240482","Nainsi Gautam","Laxmi Gautam","9185808905","B.Tech CSE","2024-2027","3","Lucknow, Uttar Pradesh","ACTIVE"
"483","BRDP20260483","Kamlesh Kumar","Rashi Kumar","9218008912","BA","2026-2029","1","Misrikh, Uttar Pradesh","ACTIVE"
"484","BRDP20230484","Priya Srivastava","Kamlesh Srivastava","9334566254","MCA","2023-2026","5","Patna, Uttar Pradesh","ACTIVE"
"485","BRDP20260485","Aarya Gupta","Pushpendra Gupta","9166122419","MCA","2026-2029","1","Sidhauli, Uttar Pradesh","ACTIVE"
"486","BRDP20240486","Amit Verma","Seema Verma","9394789360","BBA","2024-2027","3","Lakhimpur Kheri, Uttar Pradesh","ACTIVE"
"487","BRDP20260487","Yashee Agrahari","Dharmendra Agrahari","9672611975","BA","2026-2029","1","Khairabad, Uttar Pradesh","ACTIVE"
"488","BRDP20260488","Ashutosh Kashyap","Pinku Kashyap","9640811691","BA","2026-2029","1","Mohali, Uttar Pradesh","ACTIVE"
"489","BRDP20240489","Meena Kumar","Roshani Kumar","9200929457","MCA","2024-2027","3","Sitapur Sadar, Uttar Pradesh","ACTIVE"
"490","BRDP20230490","Anamika Jaiswal","Prateek Jaiswal","9798667232","BCA","2023-2026","5","Hargaon, Uttar Pradesh","ACTIVE"
"491","BRDP20240491","Shivangi Kanaujiya","Vikas Kanaujiya","9495653488","BBA","2024-2027","3","Mohali, Uttar Pradesh","ACTIVE"
"492","BRDP20240492","Kavita Verma","Sarita Verma","9682646573","B.Sc","2024-2027","3","Khairabad, Uttar Pradesh","ACTIVE"
"493","BRDP20240493","Sangita Rathour","Ashutosh Rathour","9535508769","BBA","2024-2027","3","Sitapur, Uttar Pradesh","ACTIVE"
"494","BRDP20240494","Divyanshi Pal","Alok Pal","9201122514","BCA","2024-2027","3","Hargaon, Uttar Pradesh","ACTIVE"
"495","BRDP20260495","Usha Maurya","Vinay Maurya","9691651142","BA","2026-2029","1","Misrikh, Uttar Pradesh","DELETED"
"496","BRDP20260496","Roshani Prajapati","Sunil Prajapati","9194629485","BCA","2026-2029","1","Mohali, Uttar Pradesh","ACTIVE"
"497","BRDP20250497","Alok Shukla","Ankul Shukla","9944546814","MCA","2025-2028","2","Patna, Uttar Pradesh","ACTIVE"
"498","BRDP20230498","Rohan Giri","Sonu Giri","9140375939","BA","2023-2026","5","Khairabad, Uttar Pradesh","ACTIVE"
"499","BRDP20230499","Divanshi Devi","Sani Devi","9280068251","BBA","2023-2026","5","Lucknow, Uttar Pradesh","ACTIVE"
"500","BRDP20250500","Prateek Saini","Dipanshi Saini","9109722343","B.Sc","2025-2028","2","Biswan, Uttar Pradesh","ACTIVE"
"501","BRDP20260501","Raj Kumar","Ananya Kumar","9160925336","B.Tech CSE","2026-2029","1","Mohali, Uttar Pradesh","ACTIVE"
"502","BRDP20240502","Divanshi Srivastava","Pankaj Srivastava","9726335325","B.Tech CSE","2024-2027","3","Mohali, Uttar Pradesh","ACTIVE"
"503","BRDP20230503","Meena Saini","Roshani Saini","9722574403","B.Tech CSE","2023-2026","5","Biswan, Uttar Pradesh","ACTIVE"
"504","BRDP20230504","Laxmi Giri","Pinku Giri","9676784837","BBA","2023-2026","5","Sitapur Sadar, Uttar Pradesh","ACTIVE"
"505","BRDP20260505","Vijay Dubey","Shivangi Dubey","9746915894","B.Sc","2026-2029","1","Laharpur, Uttar Pradesh","ACTIVE"
"506","BRDP20260506","Saurabh Tripathi","Saumya Tripathi","9326088840","B.Sc","2026-2029","1","Lucknow, Uttar Pradesh","ACTIVE"
"507","BRDP20240507","Anita Paswan","Meena Paswan","9780718339","B.Sc","2024-2027","3","Lakhimpur Kheri, Uttar Pradesh","ACTIVE"
"508","BRDP20240508","Alok Pandey","Satish Pandey","9163501236","B.Sc","2024-2027","3","Sitapur, Uttar Pradesh","ACTIVE"
"509","BRDP20260509","Divyanshi Paswan","Pankaj Paswan","9333811566","B.Sc","2026-2029","1","Sitapur Sadar, Uttar Pradesh","ACTIVE"
"510","BRDP20230510","Dibya Verma","Amit Verma","9301031552","BBA","2023-2026","5","Sitapur Sadar, Uttar Pradesh","ACTIVE"
"511","BRDP20240511","Alok Paswan","Ashutosh Paswan","9940671336","BCA","2024-2027","3","Patna, Uttar Pradesh","ACTIVE"
"512","BRDP20250512","Aarti Verma","Neha Verma","9746475755","B.Tech CSE","2025-2028","2","Sidhauli, Uttar Pradesh","ACTIVE"
"513","BRDP20250513","Ashutosh Srivastava","Aarav Srivastava","9976611804","BCA","2025-2028","2","Hargaon, Uttar Pradesh","DELETED"
"514","BRDP20250514","Aditya Kumar","Prateek Kumar","9563498159","BBA","2025-2028","2","Sitapur, Uttar Pradesh","ACTIVE"
"515","BRDP20240515","Nainsi Saini","Mahek Saini","9500791207","BBA","2024-2027","3","Biswan, Uttar Pradesh","ACTIVE"
"516","BRDP20260516","Aarti Paswan","Deepak Paswan","9619873091","B.Sc","2026-2029","1","Kanpur, Uttar Pradesh","ACTIVE"
"517","BRDP20260517","Ramesh Gautam","Nainsi Gautam","9936989771","BA","2026-2029","1","Hargaon, Uttar Pradesh","ACTIVE"
"518","BRDP20230518","Sonu Srivastava","Rahul Srivastava","9778270065","BBA","2023-2026","5","Laharpur, Uttar Pradesh","ACTIVE"
"519","BRDP20240519","Priya Giri","Deepa Giri","9168825511","BCA","2024-2027","3","Maholi, Uttar Pradesh","ACTIVE"
"520","BRDP20230520","Aarti Dubey","Manish Dubey","9997472848","BBA","2023-2026","5","Biswan, Uttar Pradesh","ACTIVE"
"521","BRDP20230521","Pari Kashyap","Divyanshi Kashyap","9186627294","MCA","2023-2026","5","Sitapur Sadar, Uttar Pradesh","ACTIVE"
"522","BRDP20240522","Vinod Pandey","Rekha Pandey","9241399527","BCA","2024-2027","3","Biswan, Uttar Pradesh","ACTIVE"
"523","BRDP20260523","Ramesh Kanaujiya","Sandeep Kanaujiya","9991717679","BA","2026-2029","1","Laharpur, Uttar Pradesh","ACTIVE"
"524","BRDP20240524","Divanshi Gautam","Deepak Gautam","9770102751","B.Tech CSE","2024-2027","3","Misrikh, Uttar Pradesh","ACTIVE"
"525","BRDP20260525","Satish Giri","Sonu Giri","9599471745","BCA","2026-2029","1","Kanpur, Uttar Pradesh","ACTIVE"
"526","BRDP20250526","Ajay Sharma","Deepa Sharma","9495423652","BCA","2025-2028","2","Lakhimpur Kheri, Uttar Pradesh","ACTIVE"
"527","BRDP20230527","Pinku Agrahari","Prateek Agrahari","9557771906","BBA","2023-2026","5","Hargaon, Uttar Pradesh","DELETED"
"528","BRDP20250528","Pankaj Dubey","Aarti Dubey","9712074728","MCA","2025-2028","2","Misrikh, Uttar Pradesh","ACTIVE"
"529","BRDP20250529","Vijay Gautam","Shivangi Gautam","9569878288","BA","2025-2028","2","Hargaon, Uttar Pradesh","ACTIVE"
"530","BRDP20230530","Rohan Yadav","Manish Yadav","9637178875","B.Tech CSE","2023-2026","5","Lakhimpur Kheri, Uttar Pradesh","ACTIVE"
"531","BRDP20240531","Aarti Prajapati","Ashutosh Prajapati","9482028061","B.Tech CSE","2024-2027","3","Sitapur, Uttar Pradesh","ACTIVE"
"532","BRDP20260532","Meena Chaurasiya","Anamika Chaurasiya","9986794789","B.Tech CSE","2026-2029","1","Sitapur, Uttar Pradesh","ACTIVE"
"533","BRDP20260533","Priya Rajpoot","Dibya Rajpoot","9753007378","B.Tech CSE","2026-2029","1","Lucknow, Uttar Pradesh","ACTIVE"
"534","BRDP20260534","Kavita Prajapati","Aditya Prajapati","9890866804","BBA","2026-2029","1","Kanpur, Uttar Pradesh","ACTIVE"
"535","BRDP20230535","Dharmendra Mishra","Divyanshi Mishra","9832814267","BBA","2023-2026","5","Biswan, Uttar Pradesh","ACTIVE"
"536","BRDP20240536","Suman Singh","Suman Singh","9400757298","BA","2024-2027","3","Maholi, Uttar Pradesh","ACTIVE"
"537","BRDP20240537","Divanshi Agrahari","Dibya Agrahari","9184123085","B.Tech CSE","2024-2027","3","Misrikh, Uttar Pradesh","ACTIVE"
"538","BRDP20250538","Vijay Rathour","Deepa Rathour","9995366827","BBA","2025-2028","2","Kanpur, Uttar Pradesh","ACTIVE"
"539","BRDP20260539","Vijay Sharma","Avneesh Sharma","9912144545","BBA","2026-2029","1","Laharpur, Uttar Pradesh","ACTIVE"
"540","BRDP20260540","Neha Saini","Raj Saini","9393639125","MCA","2026-2029","1","Sidhauli, Uttar Pradesh","ACTIVE"
"541","BRDP20250541","Rashi Mishra","Sonu Mishra","9533036155","B.Sc","2025-2028","2","Mohali, Uttar Pradesh","ACTIVE"
"542","BRDP20250542","Anamika Shukla","Diwakar Shukla","9945367073","B.Sc","2025-2028","2","Maholi, Uttar Pradesh","ACTIVE"
"543","BRDP20240543","Adarsh Sharma","Vivek Sharma","9852349315","BCA","2024-2027","3","Kanpur, Uttar Pradesh","ACTIVE"
"544","BRDP20260544","Sunita Gupta","Alok Gupta","9872915749","MCA","2026-2029","1","Mohali, Uttar Pradesh","DELETED"
"545","BRDP20240545","Aarav Sharma","Dipanshi Sharma","9438943628","MCA","2024-2027","3","Mohali, Uttar Pradesh","ACTIVE"
"546","BRDP20250546","Meena Pandey","Anjali Pandey","9201280270","B.Tech CSE","2025-2028","2","Hargaon, Uttar Pradesh","ACTIVE"
"547","BRDP20260547","Laxmi Khan","Aarav Khan","9273008653","BCA","2026-2029","1","Biswan, Uttar Pradesh","ACTIVE"
"548","BRDP20240548","Sangita Devi","Shivani Devi","9965933573","BCA","2024-2027","3","Laharpur, Uttar Pradesh","ACTIVE"
"549","BRDP20240549","Shivam Pandey","Rashi Pandey","9615290761","BBA","2024-2027","3","Kanpur, Uttar Pradesh","ACTIVE"
"550","BRDP20240550","Dharmendra Gupta","Asha Gupta","9728749917","B.Sc","2024-2027","3","Hargaon, Uttar Pradesh","ACTIVE"
"551","BRDP20250551","Adarsh Maurya","Divyanshi Maurya","9995171330","BBA","2025-2028","2","Hargaon, Uttar Pradesh","ACTIVE"
"552","BRDP20230552","Ramesh Paswan","Suresh Paswan","9974202241","MCA","2023-2026","5","Patna, Uttar Pradesh","ACTIVE"
"553","BRDP20260553","Ashutosh Sharma","Iliyash Sharma","9367770989","B.Sc","2026-2029","1","Laharpur, Uttar Pradesh","ACTIVE"
"554","BRDP20230554","Kamlesh Prajapati","Pankaj Prajapati","9784526841","BCA","2023-2026","5","Patna, Uttar Pradesh","ACTIVE"
"555","BRDP20230555","Usha Kashyap","Ankul Kashyap","9891614545","MCA","2023-2026","5","Biswan, Uttar Pradesh","ACTIVE"
"556","BRDP20260556","Geeta Kumar","Manoj Kumar","9499038901","B.Tech CSE","2026-2029","1","Patna, Uttar Pradesh","ACTIVE"
"557","BRDP20240557","Saumya Khan","Amit Khan","9566570478","BBA","2024-2027","3","Patna, Uttar Pradesh","DELETED"
"558","BRDP20240558","Avneesh Paswan","Seema Paswan","9810021415","BBA","2024-2027","3","Kanpur, Uttar Pradesh","ACTIVE"
"559","BRDP20230559","Deepika Pandey","Dipanshi Pandey","9521244666","B.Tech CSE","2023-2026","5","Lakhimpur Kheri, Uttar Pradesh","ACTIVE"
"560","BRDP20250560","Yashee Shukla","Diwakar Shukla","9502679230","BA","2025-2028","2","Sidhauli, Uttar Pradesh","ACTIVE"
"561","BRDP20230561","Aarav Rathour","Pooja Rathour","9210568902","BBA","2023-2026","5","Khairabad, Uttar Pradesh","ACTIVE"
"562","BRDP20260562","Aarav Chaurasiya","Rajesh Chaurasiya","9795875838","BBA","2026-2029","1","Sidhauli, Uttar Pradesh","ACTIVE"
"563","BRDP20230563","Alok Shukla","Prateek Shukla","9453508791","B.Tech CSE","2023-2026","5","Sitapur Sadar, Uttar Pradesh","ACTIVE"
"564","BRDP20240564","Aarya Saini","Neha Saini","9207307828","B.Sc","2024-2027","3","Biswan, Uttar Pradesh","ACTIVE"
"565","BRDP20260565","Pari Jaiswal","Rashi Jaiswal","9728954245","B.Sc","2026-2029","1","Lucknow, Uttar Pradesh","ACTIVE"
"566","BRDP20230566","Aditya Pal","Pankaj Pal","9814837516","B.Sc","2023-2026","5","Laharpur, Uttar Pradesh","ACTIVE"
"567","BRDP20240567","Gudiya Pal","Sangita Pal","9959975347","B.Tech CSE","2024-2027","3","Lucknow, Uttar Pradesh","ACTIVE"
"568","BRDP20250568","Sangita Devi","Iliyash Devi","9567110523","MCA","2025-2028","2","Sitapur, Uttar Pradesh","ACTIVE"
"569","BRDP20240569","Alok Agrahari","Sonika Agrahari","9768100663","BCA","2024-2027","3","Lucknow, Uttar Pradesh","ACTIVE"
"570","BRDP20250570","Priya Agrahari","Ramesh Agrahari","9142882233","MCA","2025-2028","2","Mohali, Uttar Pradesh","ACTIVE"
"571","BRDP20250571","Sunita Gupta","Divanshi Gupta","9412927172","BCA","2025-2028","2","Misrikh, Uttar Pradesh","ACTIVE"
"572","BRDP20230572","Seema Chaurasiya","Ankul Chaurasiya","9599169786","B.Sc","2023-2026","5","Mohali, Uttar Pradesh","ACTIVE"
"573","BRDP20230573","Vinay Dubey","Raj Dubey","9625392622","MCA","2023-2026","5","Lucknow, Uttar Pradesh","ACTIVE"
"574","BRDP20250574","Alok Khan","Anjali Khan","9730016112","MCA","2025-2028","2","Patna, Uttar Pradesh","ACTIVE"
"575","BRDP20240575","Aarya Paswan","Ajay Paswan","9894214649","B.Tech CSE","2024-2027","3","Khairabad, Uttar Pradesh","ACTIVE"
"576","BRDP20230576","Aditya Gautam","Deepika Gautam","9449538114","B.Sc","2023-2026","5","Biswan, Uttar Pradesh","DELETED"
"577","BRDP20250577","Sarita Gautam","Anita Gautam","9229621992","BA","2025-2028","2","Sitapur, Uttar Pradesh","ACTIVE"
"578","BRDP20260578","Diwakar Chaurasiya","Manoj Chaurasiya","9785574951","B.Tech CSE","2026-2029","1","Kanpur, Uttar Pradesh","DELETED"
"579","BRDP20240579","Nainsi Sharma","Sunil Sharma","9921058879","BBA","2024-2027","3","Sitapur, Uttar Pradesh","ACTIVE"
"580","BRDP20250580","Mahek Shukla","Iliyash Shukla","9426226184","MCA","2025-2028","2","Lakhimpur Kheri, Uttar Pradesh","ACTIVE"
"581","BRDP20250581","Aarti Verma","Vijay Verma","9382046022","B.Tech CSE","2025-2028","2","Laharpur, Uttar Pradesh","ACTIVE"
"582","BRDP20240582","Yashee Rajpoot","Geeta Rajpoot","9514175152","BA","2024-2027","3","Khairabad, Uttar Pradesh","ACTIVE"
"583","BRDP20240583","Vishal Sharma","Sonu Sharma","9414933981","BCA","2024-2027","3","Lucknow, Uttar Pradesh","ACTIVE"
"584","BRDP20240584","Pari Dwivedi","Ramesh Dwivedi","9334054348","B.Tech CSE","2024-2027","3","Sitapur Sadar, Uttar Pradesh","ACTIVE"
"585","BRDP20240585","Yashee Sharma","Aditya Sharma","9446457055","BBA","2024-2027","3","Sidhauli, Uttar Pradesh","ACTIVE"
"586","BRDP20260586","Shivangi Kanaujiya","Ravi Kanaujiya","9753626622","MCA","2026-2029","1","Misrikh, Uttar Pradesh","ACTIVE"
"587","BRDP20240587","Ankul Srivastava","Gudiya Srivastava","9821556694","BCA","2024-2027","3","Maholi, Uttar Pradesh","ACTIVE"
"588","BRDP20230588","Neha Jaiswal","Pushpendra Jaiswal","9562857300","BA","2023-2026","5","Misrikh, Uttar Pradesh","ACTIVE"
"589","BRDP20230589","Neha Rajpoot","Saumya Rajpoot","9298017640","B.Sc","2023-2026","5","Laharpur, Uttar Pradesh","ACTIVE"
"590","BRDP20250590","Meena Dwivedi","Shivangi Dwivedi","9889654921","B.Sc","2025-2028","2","Sitapur, Uttar Pradesh","ACTIVE"
"591","BRDP20250591","Ravi Paswan","Dharmendra Paswan","9504775830","BBA","2025-2028","2","Laharpur, Uttar Pradesh","ACTIVE"
"592","BRDP20230592","Aditya Shukla","Anjali Shukla","9188866497","MCA","2023-2026","5","Sidhauli, Uttar Pradesh","ACTIVE"
"593","BRDP20230593","Saumya Sharma","Ritu Sharma","9432682223","BCA","2023-2026","5","Sitapur Sadar, Uttar Pradesh","ACTIVE"
"594","BRDP20250594","Alok Yadav","Suresh Yadav","9827578944","BA","2025-2028","2","Biswan, Uttar Pradesh","ACTIVE"
"595","BRDP20260595","Vivek Shukla","Dibya Shukla","9789140022","MCA","2026-2029","1","Hargaon, Uttar Pradesh","ACTIVE"
"596","BRDP20260596","Nainsi Saini","Shivangi Saini","9678160274","B.Sc","2026-2029","1","Sidhauli, Uttar Pradesh","ACTIVE"
"597","BRDP20240597","Neha Devi","Sanjay Devi","9383897580","B.Sc","2024-2027","3","Lakhimpur Kheri, Uttar Pradesh","ACTIVE"
"598","BRDP20250598","Ajay Kanaujiya","Vivek Kanaujiya","9453724049","MCA","2025-2028","2","Sitapur, Uttar Pradesh","ACTIVE"
"599","BRDP20260599","Mahek Pal","Anamika Pal","9586270573","BCA","2026-2029","1","Patna, Uttar Pradesh","ACTIVE"
"600","BRDP20230600","Diwakar Verma","Priya Verma","9497969118","B.Sc","2023-2026","5","Lakhimpur Kheri, Uttar Pradesh","ACTIVE"
"601","BRDP20240601","Rohan Saini","Sangita Saini","9252127364","MCA","2024-2027","3","Misrikh, Uttar Pradesh","ACTIVE"
"602","BRDP20230602","Rohan Gautam","Divyanshi Gautam","9156500933","BBA","2023-2026","5","Laharpur, Uttar Pradesh","DELETED"
"603","BRDP20250603","Manish Prajapati","Shivangi Prajapati","9495599163","B.Tech CSE","2025-2028","2","Biswan, Uttar Pradesh","ACTIVE"
"604","BRDP20240604","Deepa Dwivedi","Anita Dwivedi","9289335340","BA","2024-2027","3","Kanpur, Uttar Pradesh","ACTIVE"
"605","BRDP20260605","Iliyash Sharma","Rohan Sharma","9735175384","MCA","2026-2029","1","Lakhimpur Kheri, Uttar Pradesh","ACTIVE"
"606","BRDP20230606","Naimish Kashyap","Usha Kashyap","9325682222","MCA","2023-2026","5","Lucknow, Uttar Pradesh","ACTIVE"
"607","BRDP20240607","Rashi Paswan","Sandeep Paswan","9602210996","B.Sc","2024-2027","3","Lakhimpur Kheri, Uttar Pradesh","ACTIVE"
"608","BRDP20230608","Pooja Gautam","Sanjay Gautam","9205343657","BA","2023-2026","5","Mohali, Uttar Pradesh","DELETED"
"609","BRDP20250609","Pankaj Dwivedi","Divyanshi Dwivedi","9322416548","BBA","2025-2028","2","Mohali, Uttar Pradesh","ACTIVE"
"610","BRDP20250610","Saurabh Kanaujiya","Roshani Kanaujiya","9902832813","BCA","2025-2028","2","Kanpur, Uttar Pradesh","ACTIVE"
"611","BRDP20260611","Rahul Gautam","Vinay Gautam","9715464476","BBA","2026-2029","1","Laharpur, Uttar Pradesh","ACTIVE"
"612","BRDP20260612","Meena Singh","Rohan Singh","9826683197","BCA","2026-2029","1","Lucknow, Uttar Pradesh","ACTIVE"
"613","BRDP20260613","Deepa Saini","Priya Saini","9394863955","BBA","2026-2029","1","Lucknow, Uttar Pradesh","ACTIVE"
"614","BRDP20260614","Laxmi Kashyap","Deepak Kashyap","9765906537","MCA","2026-2029","1","Misrikh, Uttar Pradesh","ACTIVE"
"615","BRDP20240615","Seema Dwivedi","Satish Dwivedi","9498336187","B.Sc","2024-2027","3","Laharpur, Uttar Pradesh","ACTIVE"
"616","BRDP20260616","Pooja Devi","Saumya Devi","9410265941","B.Tech CSE","2026-2029","1","Sidhauli, Uttar Pradesh","ACTIVE"
"617","BRDP20230617","Ashish Mishra","Pooja Mishra","9491334484","MCA","2023-2026","5","Khairabad, Uttar Pradesh","ACTIVE"
"618","BRDP20240618","Abhishek Singh","Suman Singh","9205677730","B.Tech CSE","2024-2027","3","Mohali, Uttar Pradesh","ACTIVE"
"619","BRDP20260619","Rajesh Yadav","Saumya Yadav","9322796400","BA","2026-2029","1","Patna, Uttar Pradesh","ACTIVE"
"620","BRDP20230620","Rekha Kumar","Sunil Kumar","9739307003","B.Tech CSE","2023-2026","5","Sidhauli, Uttar Pradesh","ACTIVE"
"621","BRDP20250621","Rajesh Kumar","Deepa Kumar","9915316336","BCA","2025-2028","2","Maholi, Uttar Pradesh","ACTIVE"
"622","BRDP20240622","Rajesh Gautam","Amit Gautam","9873383543","B.Tech CSE","2024-2027","3","Hargaon, Uttar Pradesh","ACTIVE"
"623","BRDP20250623","Yashee Rathour","Ravi Rathour","9840949117","B.Sc","2025-2028","2","Lakhimpur Kheri, Uttar Pradesh","ACTIVE"
"624","BRDP20240624","Sonika Khan","Ankul Khan","9279459938","B.Tech CSE","2024-2027","3","Laharpur, Uttar Pradesh","ACTIVE"
"625","BRDP20260625","Rajesh Agrahari","Shivani Agrahari","9286209200","BCA","2026-2029","1","Patna, Uttar Pradesh","ACTIVE"
"626","BRDP20250626","Roshani Kanaujiya","Divyanshi Kanaujiya","9102829530","MCA","2025-2028","2","Sidhauli, Uttar Pradesh","ACTIVE"
"627","BRDP20230627","Aarti Giri","Ajay Giri","9337689079","MCA","2023-2026","5","Kanpur, Uttar Pradesh","ACTIVE"
"628","BRDP20240628","Seema Dwivedi","Sarita Dwivedi","9509768212","B.Tech CSE","2024-2027","3","Khairabad, Uttar Pradesh","ACTIVE"
"629","BRDP20240629","Deepa Kanaujiya","Diwakar Kanaujiya","9806086126","BA","2024-2027","3","Patna, Uttar Pradesh","ACTIVE"
"630","BRDP20230630","Usha Kanaujiya","Aarav Kanaujiya","9489788326","MCA","2023-2026","5","Sidhauli, Uttar Pradesh","ACTIVE"
"631","BRDP20240631","Vinod Dubey","Sarita Dubey","9307996185","MCA","2024-2027","3","Sidhauli, Uttar Pradesh","DELETED"
"632","BRDP20230632","Sunil Kanaujiya","Rashi Kanaujiya","9151863576","B.Tech CSE","2023-2026","5","Maholi, Uttar Pradesh","ACTIVE"
"633","BRDP20230633","Subhendu Prajapati","Laxmi Prajapati","9957258832","MCA","2023-2026","5","Misrikh, Uttar Pradesh","ACTIVE"
"634","BRDP20240634","Nainsi Dubey","Vinay Dubey","9879918234","BCA","2024-2027","3","Biswan, Uttar Pradesh","ACTIVE"
"635","BRDP20260635","Roshani Srivastava","Pankaj Srivastava","9867490198","BA","2026-2029","1","Biswan, Uttar Pradesh","DELETED"
"636","BRDP20250636","Yashee Saini","Shivani Saini","9134350627","B.Tech CSE","2025-2028","2","Sidhauli, Uttar Pradesh","ACTIVE"
"637","BRDP20240637","Shivam Pal","Manish Pal","9195636887","BA","2024-2027","3","Sitapur, Uttar Pradesh","ACTIVE"
"638","BRDP20260638","Saurabh Mishra","Pooja Mishra","9597495185","BCA","2026-2029","1","Biswan, Uttar Pradesh","ACTIVE"
"639","BRDP20240639","Dharmendra Shukla","Shivam Shukla","9213650728","BBA","2024-2027","3","Mohali, Uttar Pradesh","ACTIVE"
"640","BRDP20240640","Anamika Srivastava","Sarita Srivastava","9650603135","MCA","2024-2027","3","Mohali, Uttar Pradesh","ACTIVE"
"641","BRDP20240641","Vishal Sharma","Saumya Sharma","9174694259","B.Tech CSE","2024-2027","3","Sitapur Sadar, Uttar Pradesh","ACTIVE"
"642","BRDP20260642","Neha Srivastava","Saumya Srivastava","9738279736","B.Sc","2026-2029","1","Laharpur, Uttar Pradesh","ACTIVE"
"643","BRDP20250643","Sandeep Devi","Ankul Devi","9920251491","B.Sc","2025-2028","2","Patna, Uttar Pradesh","ACTIVE"
"644","BRDP20250644","Sonika Agrahari","Priya Agrahari","9498153546","MCA","2025-2028","2","Kanpur, Uttar Pradesh","ACTIVE"
"645","BRDP20260645","Seema Kanaujiya","Shivam Kanaujiya","9387081100","B.Sc","2026-2029","1","Lucknow, Uttar Pradesh","ACTIVE"
"646","BRDP20260646","Gudiya Rathour","Adarsh Rathour","9504047570","BBA","2026-2029","1","Kanpur, Uttar Pradesh","ACTIVE"
"647","BRDP20260647","Raj Dubey","Ayush Dubey","9398964345","BA","2026-2029","1","Maholi, Uttar Pradesh","ACTIVE"
"648","BRDP20260648","Priya Rajpoot","Dharmendra Rajpoot","9647205660","BA","2026-2029","1","Lakhimpur Kheri, Uttar Pradesh","ACTIVE"
"649","BRDP20230649","Roshani Giri","Sandeep Giri","9465620690","B.Tech CSE","2023-2026","5","Sitapur Sadar, Uttar Pradesh","ACTIVE"
"650","BRDP20250650","Saumya Yadav","Sonika Yadav","9657587453","B.Tech CSE","2025-2028","2","Maholi, Uttar Pradesh","ACTIVE"
"651","BRDP20250651","Ankul Yadav","Vikas Yadav","9873714826","B.Tech CSE","2025-2028","2","Hargaon, Uttar Pradesh","ACTIVE"
"652","BRDP20240652","Suresh Mishra","Dibya Mishra","9396194295","BBA","2024-2027","3","Sitapur, Uttar Pradesh","ACTIVE"
"653","BRDP20250653","Saurabh Gupta","Rekha Gupta","9805219714","BCA","2025-2028","2","Mohali, Uttar Pradesh","ACTIVE"
"654","BRDP20250654","Sunil Rajpoot","Ajay Rajpoot","9388158636","BBA","2025-2028","2","Sitapur, Uttar Pradesh","DELETED"
"655","BRDP20260655","Deepak Singh","Anjali Singh","9574352026","B.Sc","2026-2029","1","Patna, Uttar Pradesh","ACTIVE"
"656","BRDP20250656","Rashi Gautam","Geeta Gautam","9521808592","BBA","2025-2028","2","Sitapur, Uttar Pradesh","ACTIVE"
"657","BRDP20230657","Sunil Devi","Sunil Devi","9395211773","BCA","2023-2026","5","Sitapur Sadar, Uttar Pradesh","ACTIVE"
"658","BRDP20240658","Pinku Tripathi","Pooja Tripathi","9320887539","BCA","2024-2027","3","Hargaon, Uttar Pradesh","ACTIVE"
"659","BRDP20260659","Subhendu Tiwari","Rahul Tiwari","9189582744","BCA","2026-2029","1","Lucknow, Uttar Pradesh","ACTIVE"
"660","BRDP20260660","Seema Prajapati","Anamika Prajapati","9588987426","BCA","2026-2029","1","Misrikh, Uttar Pradesh","ACTIVE"
"661","BRDP20260661","Alok Maurya","Seema Maurya","9871821069","BBA","2026-2029","1","Khairabad, Uttar Pradesh","ACTIVE"
"662","BRDP20260662","Kavita Jaiswal","Ayush Jaiswal","9842650818","B.Sc","2026-2029","1","Lucknow, Uttar Pradesh","ACTIVE"
"663","BRDP20250663","Vinod Yadav","Pinku Yadav","9752086053","B.Tech CSE","2025-2028","2","Lakhimpur Kheri, Uttar Pradesh","ACTIVE"
"664","BRDP20240664","Raj Paswan","Raj Paswan","9223053171","BBA","2024-2027","3","Patna, Uttar Pradesh","ACTIVE"
"665","BRDP20240665","Deepika Tiwari","Pooja Tiwari","9483986301","B.Tech CSE","2024-2027","3","Sitapur Sadar, Uttar Pradesh","ACTIVE"
"666","BRDP20260666","Pinku Shukla","Rekha Shukla","9137613968","BCA","2026-2029","1","Mohali, Uttar Pradesh","ACTIVE"
"667","BRDP20260667","Vinay Dubey","Pushpendra Dubey","9483161116","MCA","2026-2029","1","Patna, Uttar Pradesh","ACTIVE"
"668","BRDP20260668","Abhishek Prajapati","Nainsi Prajapati","9530246882","B.Sc","2026-2029","1","Biswan, Uttar Pradesh","ACTIVE"
"669","BRDP20260669","Sani Agrahari","Abhishek Agrahari","9469306661","BA","2026-2029","1","Biswan, Uttar Pradesh","ACTIVE"
"670","BRDP20240670","Diwakar Shukla","Nainsi Shukla","9291559114","BA","2024-2027","3","Sitapur Sadar, Uttar Pradesh","ACTIVE"
"671","BRDP20250671","Ananya Srivastava","Shivangi Srivastava","9870822488","BA","2025-2028","2","Biswan, Uttar Pradesh","ACTIVE"
"672","BRDP20230672","Mahek Pandey","Manish Pandey","9232798569","BCA","2023-2026","5","Khairabad, Uttar Pradesh","ACTIVE"
"673","BRDP20260673","Ankul Prajapati","Raj Prajapati","9423445794","MCA","2026-2029","1","Kanpur, Uttar Pradesh","ACTIVE"
"674","BRDP20240674","Sunil Chaurasiya","Priya Chaurasiya","9785706866","BBA","2024-2027","3","Khairabad, Uttar Pradesh","ACTIVE"
"675","BRDP20250675","Pinku Maurya","Neha Maurya","9302432712","B.Sc","2025-2028","2","Lakhimpur Kheri, Uttar Pradesh","ACTIVE"
"676","BRDP20260676","Mahek Rathour","Rajesh Rathour","9961979363","BBA","2026-2029","1","Hargaon, Uttar Pradesh","ACTIVE"
"677","BRDP20250677","Sarita Agrahari","Ritu Agrahari","9492821863","BBA","2025-2028","2","Misrikh, Uttar Pradesh","ACTIVE"
"678","BRDP20250678","Sandeep Singh","Pushpendra Singh","9633827553","B.Sc","2025-2028","2","Sidhauli, Uttar Pradesh","ACTIVE"
"679","BRDP20240679","Anamika Devi","Kavita Devi","9106647176","B.Sc","2024-2027","3","Misrikh, Uttar Pradesh","ACTIVE"
"680","BRDP20230680","Raj Chaurasiya","Neha Chaurasiya","9864294334","BCA","2023-2026","5","Lakhimpur Kheri, Uttar Pradesh","ACTIVE"
"681","BRDP20250681","Pooja Dwivedi","Rahul Dwivedi","9581690181","BBA","2025-2028","2","Sitapur, Uttar Pradesh","ACTIVE"
"682","BRDP20240682","Kavita Tiwari","Aarav Tiwari","9295067552","BA","2024-2027","3","Kanpur, Uttar Pradesh","ACTIVE"
"683","BRDP20230683","Abhishek Rathour","Satish Rathour","9565700335","BA","2023-2026","5","Patna, Uttar Pradesh","ACTIVE"
"684","BRDP20230684","Mahek Rathour","Yashee Rathour","9339198244","BCA","2023-2026","5","Mohali, Uttar Pradesh","ACTIVE"
"685","BRDP20260685","Priya Rathour","Alok Rathour","9147988596","MCA","2026-2029","1","Lucknow, Uttar Pradesh","ACTIVE"
"686","BRDP20260686","Pooja Giri","Ajay Giri","9348740959","BCA","2026-2029","1","Biswan, Uttar Pradesh","ACTIVE"
"687","BRDP20260687","Vivek Rajpoot","Subhendu Rajpoot","9324401367","B.Tech CSE","2026-2029","1","Mohali, Uttar Pradesh","ACTIVE"
"688","BRDP20240688","Vishal Saini","Ananya Saini","9914933407","B.Sc","2024-2027","3","Khairabad, Uttar Pradesh","ACTIVE"
"689","BRDP20250689","Vinay Verma","Roshani Verma","9703363173","B.Sc","2025-2028","2","Maholi, Uttar Pradesh","ACTIVE"
"690","BRDP20230690","Satish Paswan","Yashee Paswan","9928638212","BA","2023-2026","5","Khairabad, Uttar Pradesh","ACTIVE"
"691","BRDP20260691","Sonu Gupta","Suresh Gupta","9704495314","MCA","2026-2029","1","Hargaon, Uttar Pradesh","ACTIVE"
"692","BRDP20250692","Saumya Giri","Vijay Giri","9320778147","BBA","2025-2028","2","Lucknow, Uttar Pradesh","ACTIVE"
"693","BRDP20260693","Vikas Chaurasiya","Prateek Chaurasiya","9468392430","BBA","2026-2029","1","Biswan, Uttar Pradesh","ACTIVE"
"694","BRDP20250694","Sunita Singh","Deepak Singh","9354685576","BCA","2025-2028","2","Kanpur, Uttar Pradesh","ACTIVE"
"695","BRDP20240695","Adarsh Prajapati","Sangita Prajapati","9211134287","BBA","2024-2027","3","Lucknow, Uttar Pradesh","ACTIVE"
"696","BRDP20240696","Deepa Mishra","Vikas Mishra","9864254671","BCA","2024-2027","3","Khairabad, Uttar Pradesh","ACTIVE"
"697","BRDP20250697","Sani Dwivedi","Abhishek Dwivedi","9917570672","B.Tech CSE","2025-2028","2","Hargaon, Uttar Pradesh","DELETED"
"698","BRDP20240698","Sarita Yadav","Kamlesh Yadav","9129909650","BCA","2024-2027","3","Khairabad, Uttar Pradesh","ACTIVE"
"699","BRDP20260699","Raj Tiwari","Deepak Tiwari","9490165494","BCA","2026-2029","1","Misrikh, Uttar Pradesh","ACTIVE"
"700","BRDP20230700","Suresh Maurya","Diwakar Maurya","9674113022","MCA","2023-2026","5","Khairabad, Uttar Pradesh","ACTIVE"
"701","BRDP20250701","Sunita Singh","Ashutosh Singh","9222338033","B.Tech CSE","2025-2028","2","Khairabad, Uttar Pradesh","ACTIVE"
"702","BRDP20230702","Sarita Saini","Rekha Saini","9768354367","MCA","2023-2026","5","Lucknow, Uttar Pradesh","ACTIVE"
"703","BRDP20230703","Ravi Kanaujiya","Pooja Kanaujiya","9955488818","B.Sc","2023-2026","5","Sitapur Sadar, Uttar Pradesh","DELETED"
"704","BRDP20240704","Ajay Jaiswal","Rekha Jaiswal","9969851518","B.Sc","2024-2027","3","Sidhauli, Uttar Pradesh","ACTIVE"
"705","BRDP20260705","Ashutosh Maurya","Saumya Maurya","9968890923","B.Sc","2026-2029","1","Biswan, Uttar Pradesh","ACTIVE"
"706","BRDP20230706","Ritu Tripathi","Usha Tripathi","9316369925","MCA","2023-2026","5","Laharpur, Uttar Pradesh","ACTIVE"
"707","BRDP20240707","Rahul Agrahari","Suresh Agrahari","9666822419","B.Sc","2024-2027","3","Lakhimpur Kheri, Uttar Pradesh","ACTIVE"
"708","BRDP20230708","Shivangi Tripathi","Sani Tripathi","9266055207","BA","2023-2026","5","Maholi, Uttar Pradesh","ACTIVE"
"709","BRDP20230709","Asha Jaiswal","Aditya Jaiswal","9696379148","BA","2023-2026","5","Kanpur, Uttar Pradesh","ACTIVE"
"710","BRDP20260710","Nainsi Paswan","Yashee Paswan","9604430020","MCA","2026-2029","1","Hargaon, Uttar Pradesh","ACTIVE"
"711","BRDP20230711","Anita Devi","Seema Devi","9121769005","BBA","2023-2026","5","Patna, Uttar Pradesh","ACTIVE"
"712","BRDP20240712","Aarya Prajapati","Dharmendra Prajapati","9873400477","BCA","2024-2027","3","Patna, Uttar Pradesh","ACTIVE"
"713","BRDP20230713","Ravi Paswan","Sarita Paswan","9779416720","BA","2023-2026","5","Kanpur, Uttar Pradesh","ACTIVE"
"714","BRDP20260714","Divanshi Agrahari","Sanjay Agrahari","9143822837","MCA","2026-2029","1","Maholi, Uttar Pradesh","ACTIVE"
"715","BRDP20260715","Rohan Yadav","Diwakar Yadav","9234525731","BBA","2026-2029","1","Hargaon, Uttar Pradesh","ACTIVE"
"716","BRDP20230716","Divyanshi Chaurasiya","Rashi Chaurasiya","9104598407","B.Sc","2023-2026","5","Khairabad, Uttar Pradesh","ACTIVE"
"717","BRDP20250717","Neha Tripathi","Sunil Tripathi","9468786182","B.Tech CSE","2025-2028","2","Laharpur, Uttar Pradesh","ACTIVE"
"718","BRDP20230718","Sangita Khan","Ajay Khan","9403341263","BA","2023-2026","5","Lakhimpur Kheri, Uttar Pradesh","ACTIVE"
"719","BRDP20250719","Avneesh Yadav","Ramesh Yadav","9566715201","MCA","2025-2028","2","Lakhimpur Kheri, Uttar Pradesh","ACTIVE"
"720","BRDP20240720","Sangita Prajapati","Rekha Prajapati","9302040178","B.Tech CSE","2024-2027","3","Sidhauli, Uttar Pradesh","ACTIVE"
"721","BRDP20230721","Suresh Yadav","Ananya Yadav","9818424342","BBA","2023-2026","5","Laharpur, Uttar Pradesh","ACTIVE"
"722","BRDP20230722","Divyanshi Srivastava","Ramesh Srivastava","9165654640","MCA","2023-2026","5","Sidhauli, Uttar Pradesh","ACTIVE"
"723","BRDP20260723","Nainsi Shukla","Pushpendra Shukla","9706661355","BBA","2026-2029","1","Misrikh, Uttar Pradesh","ACTIVE"
"724","BRDP20240724","Vinay Gupta","Satish Gupta","9730491501","BCA","2024-2027","3","Sitapur, Uttar Pradesh","ACTIVE"
"725","BRDP20250725","Abhishek Devi","Rohan Devi","9486072744","BA","2025-2028","2","Mohali, Uttar Pradesh","ACTIVE"
"726","BRDP20250726","Aarya Pandey","Suresh Pandey","9560950700","BBA","2025-2028","2","Kanpur, Uttar Pradesh","ACTIVE"
"727","BRDP20260727","Diwakar Tripathi","Amit Tripathi","9176430065","BA","2026-2029","1","Sitapur Sadar, Uttar Pradesh","ACTIVE"
"728","BRDP20260728","Ajay Shukla","Sandeep Shukla","9525361575","B.Tech CSE","2026-2029","1","Patna, Uttar Pradesh","ACTIVE"
"729","BRDP20250729","Anamika Rajpoot","Ajay Rajpoot","9676325917","MCA","2025-2028","2","Maholi, Uttar Pradesh","DELETED"
"730","BRDP20230730","Manish Singh","Divyanshi Singh","9967123296","BA","2023-2026","5","Laharpur, Uttar Pradesh","ACTIVE"
"731","BRDP20240731","Satish Pandey","Ashish Pandey","9346406570","B.Tech CSE","2024-2027","3","Biswan, Uttar Pradesh","ACTIVE"
"732","BRDP20250732","Vikas Chaurasiya","Abhishek Chaurasiya","9229336055","BBA","2025-2028","2","Sidhauli, Uttar Pradesh","ACTIVE"
"733","BRDP20230733","Pinku Gautam","Pinku Gautam","9131166824","BBA","2023-2026","5","Hargaon, Uttar Pradesh","ACTIVE"
"734","BRDP20230734","Deepa Tiwari","Saumya Tiwari","9702503217","B.Tech CSE","2023-2026","5","Khairabad, Uttar Pradesh","ACTIVE"
"735","BRDP20240735","Deepa Maurya","Nainsi Maurya","9847493802","BCA","2024-2027","3","Sitapur Sadar, Uttar Pradesh","ACTIVE"
"736","BRDP20230736","Aarav Dwivedi","Priya Dwivedi","9212802807","BCA","2023-2026","5","Lucknow, Uttar Pradesh","ACTIVE"
"737","BRDP20230737","Rekha Giri","Saumya Giri","9390827361","B.Sc","2023-2026","5","Kanpur, Uttar Pradesh","ACTIVE"
"738","BRDP20230738","Ankul Giri","Suman Giri","9836656108","BCA","2023-2026","5","Sidhauli, Uttar Pradesh","ACTIVE"
"739","BRDP20260739","Ashutosh Yadav","Usha Yadav","9489349904","B.Tech CSE","2026-2029","1","Lucknow, Uttar Pradesh","ACTIVE"
"740","BRDP20260740","Saurabh Gautam","Sandeep Gautam","9147268044","MCA","2026-2029","1","Mohali, Uttar Pradesh","ACTIVE"
"741","BRDP20260741","Ankul Singh","Divanshi Singh","9901360846","BCA","2026-2029","1","Laharpur, Uttar Pradesh","ACTIVE"
"742","BRDP20250742","Sarita Mishra","Iliyash Mishra","9871615140","BA","2025-2028","2","Sidhauli, Uttar Pradesh","ACTIVE"
"743","BRDP20250743","Mahek Giri","Sangita Giri","9518397844","BCA","2025-2028","2","Lucknow, Uttar Pradesh","ACTIVE"
"744","BRDP20250744","Deepak Dubey","Priya Dubey","9865854769","B.Tech CSE","2025-2028","2","Mohali, Uttar Pradesh","ACTIVE"
"745","BRDP20240745","Manoj Prajapati","Seema Prajapati","9506424989","BCA","2024-2027","3","Laharpur, Uttar Pradesh","DELETED"
"746","BRDP20260746","Priya Jaiswal","Aarya Jaiswal","9603434073","MCA","2026-2029","1","Sitapur Sadar, Uttar Pradesh","ACTIVE"
"747","BRDP20260747","Avneesh Agrahari","Suman Agrahari","9371701541","B.Sc","2026-2029","1","Kanpur, Uttar Pradesh","ACTIVE"
"748","BRDP20260748","Ankul Paswan","Rekha Paswan","9111370412","BA","2026-2029","1","Sitapur Sadar, Uttar Pradesh","ACTIVE"
"749","BRDP20230749","Yashee Dubey","Naimish Dubey","9631449856","BA","2023-2026","5","Sitapur, Uttar Pradesh","ACTIVE"
"750","BRDP20240750","Deepa Tripathi","Sonika Tripathi","9784149219","BCA","2024-2027","3","Kanpur, Uttar Pradesh","ACTIVE"
"751","BRDP20230751","Usha Kanaujiya","Sonu Kanaujiya","9512347585","BCA","2023-2026","5","Sitapur, Uttar Pradesh","DELETED"
"752","BRDP20250752","Ashish Rajpoot","Shivangi Rajpoot","9742587108","MCA","2025-2028","2","Lakhimpur Kheri, Uttar Pradesh","ACTIVE"
"753","BRDP20250753","Asha Rajpoot","Priya Rajpoot","9661974577","B.Tech CSE","2025-2028","2","Sidhauli, Uttar Pradesh","ACTIVE"
"754","BRDP20260754","Ashutosh Chaurasiya","Dipanshi Chaurasiya","9735825092","BA","2026-2029","1","Patna, Uttar Pradesh","ACTIVE"
"755","BRDP20260755","Anamika Tripathi","Ramesh Tripathi","9984091324","B.Sc","2026-2029","1","Misrikh, Uttar Pradesh","ACTIVE"
"756","BRDP20250756","Priya Agrahari","Ramesh Agrahari","9255308716","B.Tech CSE","2025-2028","2","Hargaon, Uttar Pradesh","ACTIVE"
"757","BRDP20250757","Vinod Tripathi","Subhendu Tripathi","9871265724","BBA","2025-2028","2","Khairabad, Uttar Pradesh","ACTIVE"
"758","BRDP20240758","Vishal Gupta","Anjali Gupta","9556991377","B.Tech CSE","2024-2027","3","Khairabad, Uttar Pradesh","ACTIVE"
"759","BRDP20240759","Ajay Rajpoot","Sangita Rajpoot","9402992074","MCA","2024-2027","3","Patna, Uttar Pradesh","ACTIVE"
"760","BRDP20260760","Saurabh Kumar","Naimish Kumar","9600498845","BA","2026-2029","1","Hargaon, Uttar Pradesh","ACTIVE"
"761","BRDP20250761","Meena Dubey","Sonika Dubey","9848350079","B.Sc","2025-2028","2","Sitapur, Uttar Pradesh","ACTIVE"
"762","BRDP20260762","Neha Khan","Deepika Khan","9468441184","BA","2026-2029","1","Biswan, Uttar Pradesh","ACTIVE"
"763","BRDP20240763","Vivek Tripathi","Anjali Tripathi","9466909457","BA","2024-2027","3","Sitapur, Uttar Pradesh","ACTIVE"
"764","BRDP20240764","Raj Sharma","Pari Sharma","9144560110","BA","2024-2027","3","Sidhauli, Uttar Pradesh","ACTIVE"
"765","BRDP20230765","Vinay Giri","Amit Giri","9948253180","BCA","2023-2026","5","Biswan, Uttar Pradesh","ACTIVE"
"766","BRDP20260766","Sandeep Dubey","Saurabh Dubey","9659100858","BBA","2026-2029","1","Kanpur, Uttar Pradesh","ACTIVE"
"767","BRDP20230767","Subhendu Agrahari","Seema Agrahari","9759252578","BBA","2023-2026","5","Misrikh, Uttar Pradesh","ACTIVE"
"768","BRDP20250768","Rajesh Rathour","Neha Rathour","9713880863","BCA","2025-2028","2","Sitapur, Uttar Pradesh","ACTIVE"
"769","BRDP20230769","Seema Pandey","Vikas Pandey","9784758124","B.Tech CSE","2023-2026","5","Misrikh, Uttar Pradesh","ACTIVE"
"770","BRDP20260770","Sonu Tiwari","Ajay Tiwari","9191092972","BBA","2026-2029","1","Maholi, Uttar Pradesh","ACTIVE"
"771","BRDP20260771","Kamlesh Shukla","Vivek Shukla","9257817782","MCA","2026-2029","1","Patna, Uttar Pradesh","ACTIVE"
"772","BRDP20260772","Shivani Yadav","Sonu Yadav","9702627848","BBA","2026-2029","1","Sitapur Sadar, Uttar Pradesh","ACTIVE"
"773","BRDP20240773","Vinay Kumar","Ramesh Kumar","9709720816","BA","2024-2027","3","Lakhimpur Kheri, Uttar Pradesh","ACTIVE"
"774","BRDP20250774","Saumya Kashyap","Adarsh Kashyap","9787027708","BA","2025-2028","2","Hargaon, Uttar Pradesh","ACTIVE"
"775","BRDP20260775","Gudiya Saini","Nainsi Saini","9586723868","B.Sc","2026-2029","1","Maholi, Uttar Pradesh","ACTIVE"
"776","BRDP20260776","Suresh Maurya","Laxmi Maurya","9431576717","B.Tech CSE","2026-2029","1","Sidhauli, Uttar Pradesh","ACTIVE"
"777","BRDP20250777","Dharmendra Dubey","Vijay Dubey","9573221888","B.Tech CSE","2025-2028","2","Sitapur Sadar, Uttar Pradesh","ACTIVE"
"778","BRDP20230778","Vinay Kashyap","Vishal Kashyap","9613551346","BBA","2023-2026","5","Sitapur Sadar, Uttar Pradesh","ACTIVE"
"779","BRDP20230779","Seema Yadav","Ajay Yadav","9853962728","BA","2023-2026","5","Khairabad, Uttar Pradesh","ACTIVE"
"780","BRDP20240780","Pinku Singh","Pari Singh","9875596282","MCA","2024-2027","3","Misrikh, Uttar Pradesh","ACTIVE"
"781","BRDP20230781","Sonika Gupta","Sonu Gupta","9112119378","BBA","2023-2026","5","Misrikh, Uttar Pradesh","ACTIVE"
"782","BRDP20250782","Ananya Jaiswal","Pinku Jaiswal","9785885781","B.Tech CSE","2025-2028","2","Sidhauli, Uttar Pradesh","ACTIVE"
"783","BRDP20240783","Sarita Pandey","Anjali Pandey","9777662847","BA","2024-2027","3","Khairabad, Uttar Pradesh","ACTIVE"
"784","BRDP20240784","Saumya Prajapati","Amit Prajapati","9769972230","B.Sc","2024-2027","3","Biswan, Uttar Pradesh","ACTIVE"
"785","BRDP20230785","Alok Kashyap","Aditya Kashyap","9760581242","MCA","2023-2026","5","Mohali, Uttar Pradesh","ACTIVE"
"786","BRDP20230786","Yashee Pal","Amit Pal","9501988760","B.Tech CSE","2023-2026","5","Kanpur, Uttar Pradesh","ACTIVE"
"787","BRDP20240787","Adarsh Yadav","Ashish Yadav","9936837052","BA","2024-2027","3","Sitapur Sadar, Uttar Pradesh","ACTIVE"
"788","BRDP20240788","Asha Gupta","Neha Gupta","9845936130","BA","2024-2027","3","Mohali, Uttar Pradesh","ACTIVE"
"789","BRDP20250789","Sonika Prajapati","Shivangi Prajapati","9441738702","BCA","2025-2028","2","Khairabad, Uttar Pradesh","ACTIVE"
"790","BRDP20260790","Vinay Agrahari","Sunil Agrahari","9688960667","B.Sc","2026-2029","1","Maholi, Uttar Pradesh","ACTIVE"
"791","BRDP20250791","Yashee Pal","Vinod Pal","9726339332","B.Tech CSE","2025-2028","2","Sitapur, Uttar Pradesh","ACTIVE"
"792","BRDP20250792","Manish Pal","Deepak Pal","9626602209","BCA","2025-2028","2","Misrikh, Uttar Pradesh","ACTIVE"
"793","BRDP20240793","Shivangi Jaiswal","Sonu Jaiswal","9803638192","BBA","2024-2027","3","Misrikh, Uttar Pradesh","ACTIVE"
"794","BRDP20250794","Pushpendra Kashyap","Satish Kashyap","9202464392","BBA","2025-2028","2","Mohali, Uttar Pradesh","ACTIVE"
"795","BRDP20230795","Aditya Pal","Sandeep Pal","9670653846","BBA","2023-2026","5","Sitapur, Uttar Pradesh","ACTIVE"
"796","BRDP20250796","Divyanshi Rajpoot","Suman Rajpoot","9737934465","BA","2025-2028","2","Laharpur, Uttar Pradesh","ACTIVE"
"797","BRDP20250797","Ritu Kashyap","Aarav Kashyap","9927355066","BCA","2025-2028","2","Lakhimpur Kheri, Uttar Pradesh","ACTIVE"
"798","BRDP20260798","Aditya Giri","Pushpendra Giri","9847178492","BCA","2026-2029","1","Maholi, Uttar Pradesh","ACTIVE"
"799","BRDP20240799","Sarita Dwivedi","Naimish Dwivedi","9966348994","B.Sc","2024-2027","3","Khairabad, Uttar Pradesh","ACTIVE"
"800","BRDP20260800","Rajesh Mishra","Rohan Mishra","9212641448","MCA","2026-2029","1","Sitapur Sadar, Uttar Pradesh","ACTIVE"
"801","BRDP20250801","Saumya Jaiswal","Sonika Jaiswal","9180529262","B.Tech CSE","2025-2028","2","Sitapur, Uttar Pradesh","ACTIVE"
"802","BRDP20240802","Kamlesh Shukla","Sonika Shukla","9642562536","B.Tech CSE","2024-2027","3","Patna, Uttar Pradesh","ACTIVE"
"803","BRDP20240803","Divyanshi Saini","Vivek Saini","9256916066","BBA","2024-2027","3","Lucknow, Uttar Pradesh","ACTIVE"
"804","BRDP20260804","Manish Singh","Rohan Singh","9725211328","B.Tech CSE","2026-2029","1","Lakhimpur Kheri, Uttar Pradesh","ACTIVE"
"805","BRDP20260805","Raj Dwivedi","Gudiya Dwivedi","9658302194","BBA","2026-2029","1","Sitapur, Uttar Pradesh","ACTIVE"
"806","BRDP20230806","Alok Verma","Ramesh Verma","9641975108","B.Tech CSE","2023-2026","5","Hargaon, Uttar Pradesh","ACTIVE"
"807","BRDP20240807","Aarti Srivastava","Deepak Srivastava","9249121243","BBA","2024-2027","3","Maholi, Uttar Pradesh","ACTIVE"
"808","BRDP20230808","Ashish Giri","Pankaj Giri","9626589382","B.Sc","2023-2026","5","Laharpur, Uttar Pradesh","ACTIVE"
"809","BRDP20250809","Pushpendra Saini","Manish Saini","9153051184","BCA","2025-2028","2","Sitapur Sadar, Uttar Pradesh","DELETED"
"810","BRDP20230810","Ananya Devi","Rohan Devi","9946429170","BCA","2023-2026","5","Khairabad, Uttar Pradesh","ACTIVE"
"811","BRDP20260811","Rekha Verma","Neha Verma","9607643508","BA","2026-2029","1","Sitapur Sadar, Uttar Pradesh","ACTIVE"
"812","BRDP20240812","Saumya Tripathi","Pooja Tripathi","9377960720","B.Tech CSE","2024-2027","3","Mohali, Uttar Pradesh","ACTIVE"
"813","BRDP20250813","Sonika Devi","Dipanshi Devi","9656669891","BCA","2025-2028","2","Khairabad, Uttar Pradesh","ACTIVE"
"814","BRDP20260814","Sunita Devi","Sanjay Devi","9933836989","B.Sc","2026-2029","1","Lakhimpur Kheri, Uttar Pradesh","ACTIVE"
"815","BRDP20260815","Pankaj Rajpoot","Nainsi Rajpoot","9799616842","B.Tech CSE","2026-2029","1","Biswan, Uttar Pradesh","ACTIVE"
"816","BRDP20230816","Aarya Paswan","Rekha Paswan","9824029026","BCA","2023-2026","5","Hargaon, Uttar Pradesh","ACTIVE"
"817","BRDP20230817","Saumya Pal","Ashutosh Pal","9293890380","BCA","2023-2026","5","Hargaon, Uttar Pradesh","DELETED"
"818","BRDP20240818","Anita Rathour","Adarsh Rathour","9239001690","BBA","2024-2027","3","Mohali, Uttar Pradesh","ACTIVE"
"819","BRDP20250819","Ashish Kashyap","Amit Kashyap","9457400109","B.Tech CSE","2025-2028","2","Lakhimpur Kheri, Uttar Pradesh","ACTIVE"
"820","BRDP20260820","Rahul Prajapati","Pankaj Prajapati","9501020448","BBA","2026-2029","1","Patna, Uttar Pradesh","ACTIVE"
"821","BRDP20240821","Deepa Pandey","Yashee Pandey","9897410123","MCA","2024-2027","3","Sitapur, Uttar Pradesh","ACTIVE"
"822","BRDP20250822","Kavita Kashyap","Subhendu Kashyap","9731944643","MCA","2025-2028","2","Patna, Uttar Pradesh","ACTIVE"
"823","BRDP20240823","Rahul Kumar","Naimish Kumar","9706353842","B.Tech CSE","2024-2027","3","Sitapur Sadar, Uttar Pradesh","ACTIVE"
"824","BRDP20240824","Priya Tripathi","Aditya Tripathi","9437521325","MCA","2024-2027","3","Lakhimpur Kheri, Uttar Pradesh","ACTIVE"
"825","BRDP20260825","Mahek Khan","Diwakar Khan","9852051478","MCA","2026-2029","1","Maholi, Uttar Pradesh","ACTIVE"
"826","BRDP20260826","Abhishek Prajapati","Manoj Prajapati","9916664412","BA","2026-2029","1","Mohali, Uttar Pradesh","ACTIVE"
"827","BRDP20260827","Ayush Pal","Sani Pal","9488223278","MCA","2026-2029","1","Sidhauli, Uttar Pradesh","ACTIVE"
"828","BRDP20230828","Vinay Pal","Ramesh Pal","9356578393","MCA","2023-2026","5","Biswan, Uttar Pradesh","ACTIVE"
"829","BRDP20260829","Adarsh Pandey","Rashi Pandey","9208810750","BCA","2026-2029","1","Hargaon, Uttar Pradesh","ACTIVE"
"830","BRDP20230830","Pankaj Maurya","Suman Maurya","9344812010","BA","2023-2026","5","Mohali, Uttar Pradesh","ACTIVE"
"831","BRDP20230831","Sanjay Srivastava","Rahul Srivastava","9609656565","BBA","2023-2026","5","Laharpur, Uttar Pradesh","ACTIVE"
"832","BRDP20250832","Laxmi Chaurasiya","Sani Chaurasiya","9319502946","B.Sc","2025-2028","2","Laharpur, Uttar Pradesh","ACTIVE"
"833","BRDP20230833","Pushpendra Agrahari","Aarya Agrahari","9120499290","BA","2023-2026","5","Lucknow, Uttar Pradesh","ACTIVE"
"834","BRDP20240834","Aarav Rathour","Raj Rathour","9859350247","BBA","2024-2027","3","Hargaon, Uttar Pradesh","ACTIVE"
"835","BRDP20240835","Vijay Khan","Satish Khan","9324539060","MCA","2024-2027","3","Patna, Uttar Pradesh","ACTIVE"
"836","BRDP20230836","Sanjay Dubey","Manoj Dubey","9155391940","B.Sc","2023-2026","5","Sitapur, Uttar Pradesh","ACTIVE"
"837","BRDP20230837","Pinku Mishra","Raj Mishra","9237518173","B.Sc","2023-2026","5","Laharpur, Uttar Pradesh","ACTIVE"
"838","BRDP20250838","Mahek Gupta","Shivam Gupta","9315738308","BCA","2025-2028","2","Khairabad, Uttar Pradesh","ACTIVE"
"839","BRDP20240839","Rohan Gupta","Ramesh Gupta","9114379198","B.Tech CSE","2024-2027","3","Sidhauli, Uttar Pradesh","ACTIVE"
"840","BRDP20260840","Prateek Maurya","Pooja Maurya","9820331012","B.Tech CSE","2026-2029","1","Biswan, Uttar Pradesh","ACTIVE"
"841","BRDP20260841","Diwakar Tripathi","Pari Tripathi","9219782323","BBA","2026-2029","1","Sitapur Sadar, Uttar Pradesh","ACTIVE"
"842","BRDP20260842","Diwakar Sharma","Usha Sharma","9905979639","B.Tech CSE","2026-2029","1","Mohali, Uttar Pradesh","ACTIVE"
"843","BRDP20260843","Pushpendra Chaurasiya","Aditya Chaurasiya","9215649745","B.Sc","2026-2029","1","Maholi, Uttar Pradesh","ACTIVE"
"844","BRDP20260844","Alok Mishra","Saurabh Mishra","9559086874","B.Tech CSE","2026-2029","1","Mohali, Uttar Pradesh","ACTIVE"
"845","BRDP20240845","Adarsh Chaurasiya","Yashee Chaurasiya","9112848748","B.Sc","2024-2027","3","Hargaon, Uttar Pradesh","ACTIVE"
"846","BRDP20260846","Vikas Devi","Manish Devi","9315235409","MCA","2026-2029","1","Lakhimpur Kheri, Uttar Pradesh","ACTIVE"
"847","BRDP20260847","Pooja Sharma","Satish Sharma","9959859289","BCA","2026-2029","1","Khairabad, Uttar Pradesh","ACTIVE"
"848","BRDP20260848","Ayush Chaurasiya","Sarita Chaurasiya","9434669159","BA","2026-2029","1","Hargaon, Uttar Pradesh","DELETED"
"849","BRDP20250849","Dharmendra Rathour","Suresh Rathour","9564265093","B.Sc","2025-2028","2","Hargaon, Uttar Pradesh","ACTIVE"
"850","BRDP20250850","Priya Maurya","Sani Maurya","9914290448","BCA","2025-2028","2","Sidhauli, Uttar Pradesh","ACTIVE"
"851","BRDP20230851","Sonika Saini","Subhendu Saini","9860243326","B.Tech CSE","2023-2026","5","Lucknow, Uttar Pradesh","ACTIVE"
"852","BRDP20250852","Ajay Pandey","Rohan Pandey","9302376784","BBA","2025-2028","2","Mohali, Uttar Pradesh","ACTIVE"
"853","BRDP20230853","Suman Mishra","Ashutosh Mishra","9220615823","BBA","2023-2026","5","Lakhimpur Kheri, Uttar Pradesh","ACTIVE"
"854","BRDP20260854","Ritu Prajapati","Manish Prajapati","9703659820","BA","2026-2029","1","Biswan, Uttar Pradesh","ACTIVE"
"855","BRDP20260855","Seema Yadav","Pushpendra Yadav","9540116103","BBA","2026-2029","1","Sidhauli, Uttar Pradesh","ACTIVE"
"856","BRDP20230856","Suresh Rajpoot","Ritu Rajpoot","9682108044","B.Tech CSE","2023-2026","5","Kanpur, Uttar Pradesh","ACTIVE"
"857","BRDP20250857","Naimish Gupta","Gudiya Gupta","9676036907","BA","2025-2028","2","Mohali, Uttar Pradesh","ACTIVE"
"858","BRDP20260858","Divanshi Srivastava","Vijay Srivastava","9967924198","MCA","2026-2029","1","Patna, Uttar Pradesh","ACTIVE"
"859","BRDP20240859","Aarya Devi","Saurabh Devi","9524039911","BCA","2024-2027","3","Laharpur, Uttar Pradesh","ACTIVE"
"860","BRDP20240860","Subhendu Rajpoot","Sangita Rajpoot","9547414419","B.Tech CSE","2024-2027","3","Lakhimpur Kheri, Uttar Pradesh","ACTIVE"
"861","BRDP20250861","Pooja Verma","Ashutosh Verma","9501836225","MCA","2025-2028","2","Hargaon, Uttar Pradesh","ACTIVE"
"862","BRDP20230862","Rajesh Agrahari","Aarav Agrahari","9188102494","BBA","2023-2026","5","Patna, Uttar Pradesh","ACTIVE"
"863","BRDP20240863","Prateek Gupta","Asha Gupta","9964025591","B.Tech CSE","2024-2027","3","Misrikh, Uttar Pradesh","ACTIVE"
"864","BRDP20230864","Nainsi Pal","Ramesh Pal","9576484676","B.Tech CSE","2023-2026","5","Maholi, Uttar Pradesh","ACTIVE"
"865","BRDP20230865","Sunita Chaurasiya","Vivek Chaurasiya","9917680582","B.Tech CSE","2023-2026","5","Maholi, Uttar Pradesh","ACTIVE"
"866","BRDP20240866","Dharmendra Gautam","Rahul Gautam","9233624746","MCA","2024-2027","3","Biswan, Uttar Pradesh","ACTIVE"
"867","BRDP20230867","Sunil Maurya","Kamlesh Maurya","9997241565","BCA","2023-2026","5","Patna, Uttar Pradesh","ACTIVE"
"868","BRDP20250868","Anita Srivastava","Sarita Srivastava","9243461539","MCA","2025-2028","2","Misrikh, Uttar Pradesh","ACTIVE"
"869","BRDP20260869","Sonu Pandey","Saumya Pandey","9213766418","BA","2026-2029","1","Misrikh, Uttar Pradesh","ACTIVE"
"870","BRDP20260870","Rekha Singh","Ashutosh Singh","9739518457","B.Sc","2026-2029","1","Biswan, Uttar Pradesh","ACTIVE"
"871","BRDP20240871","Ajay Srivastava","Manoj Srivastava","9690775619","B.Sc","2024-2027","3","Lucknow, Uttar Pradesh","ACTIVE"
"872","BRDP20240872","Anamika Kanaujiya","Shivangi Kanaujiya","9716716893","BBA","2024-2027","3","Kanpur, Uttar Pradesh","ACTIVE"
"873","BRDP20260873","Prateek Tiwari","Anjali Tiwari","9235685335","BA","2026-2029","1","Sitapur, Uttar Pradesh","ACTIVE"
"874","BRDP20260874","Deepika Pandey","Aditya Pandey","9721296183","BCA","2026-2029","1","Sitapur Sadar, Uttar Pradesh","ACTIVE"
"875","BRDP20250875","Anamika Giri","Manoj Giri","9990232839","BA","2025-2028","2","Sidhauli, Uttar Pradesh","ACTIVE"
"876","BRDP20230876","Aarya Singh","Dibya Singh","9287102704","MCA","2023-2026","5","Misrikh, Uttar Pradesh","ACTIVE"
"877","BRDP20250877","Satish Agrahari","Pushpendra Agrahari","9641458669","MCA","2025-2028","2","Sitapur, Uttar Pradesh","ACTIVE"
"878","BRDP20230878","Anjali Tripathi","Anita Tripathi","9513540214","B.Sc","2023-2026","5","Hargaon, Uttar Pradesh","ACTIVE"
"879","BRDP20250879","Subhendu Kashyap","Pari Kashyap","9111253820","B.Tech CSE","2025-2028","2","Lucknow, Uttar Pradesh","ACTIVE"
"880","BRDP20240880","Asha Paswan","Sunita Paswan","9300997983","B.Tech CSE","2024-2027","3","Lakhimpur Kheri, Uttar Pradesh","ACTIVE"
"881","BRDP20240881","Saumya Tiwari","Alok Tiwari","9189189501","BA","2024-2027","3","Patna, Uttar Pradesh","ACTIVE"
"882","BRDP20240882","Seema Prajapati","Vishal Prajapati","9484825910","BCA","2024-2027","3","Hargaon, Uttar Pradesh","ACTIVE"
"883","BRDP20250883","Deepika Devi","Vivek Devi","9771490997","MCA","2025-2028","2","Hargaon, Uttar Pradesh","ACTIVE"
"884","BRDP20260884","Seema Pandey","Deepika Pandey","9289279385","BCA","2026-2029","1","Hargaon, Uttar Pradesh","ACTIVE"
"885","BRDP20250885","Pari Khan","Yashee Khan","9972156645","B.Sc","2025-2028","2","Sidhauli, Uttar Pradesh","ACTIVE"
"886","BRDP20260886","Rahul Prajapati","Deepak Prajapati","9123570908","B.Sc","2026-2029","1","Lucknow, Uttar Pradesh","ACTIVE"
"887","BRDP20230887","Kavita Maurya","Ankul Maurya","9541242242","MCA","2023-2026","5","Sitapur, Uttar Pradesh","ACTIVE"
"888","BRDP20240888","Rajesh Devi","Neha Devi","9738376038","B.Sc","2024-2027","3","Laharpur, Uttar Pradesh","ACTIVE"
"889","BRDP20250889","Amit Sharma","Suman Sharma","9323731610","BCA","2025-2028","2","Lakhimpur Kheri, Uttar Pradesh","ACTIVE"
"890","BRDP20230890","Pinku Pandey","Ravi Pandey","9773843252","BBA","2023-2026","5","Sidhauli, Uttar Pradesh","ACTIVE"
"891","BRDP20230891","Rahul Singh","Laxmi Singh","9182869350","BCA","2023-2026","5","Sitapur, Uttar Pradesh","DELETED"
"892","BRDP20260892","Rajesh Yadav","Divyanshi Yadav","9886373981","B.Tech CSE","2026-2029","1","Hargaon, Uttar Pradesh","ACTIVE"
"893","BRDP20240893","Divyanshi Pandey","Rekha Pandey","9952862239","B.Tech CSE","2024-2027","3","Sidhauli, Uttar Pradesh","ACTIVE"
"894","BRDP20230894","Sandeep Rathour","Pankaj Rathour","9355744986","BCA","2023-2026","5","Sidhauli, Uttar Pradesh","ACTIVE"
"895","BRDP20240895","Priya Singh","Rahul Singh","9647484365","MCA","2024-2027","3","Maholi, Uttar Pradesh","ACTIVE"
"896","BRDP20230896","Amit Jaiswal","Diwakar Jaiswal","9605757161","BBA","2023-2026","5","Sitapur Sadar, Uttar Pradesh","ACTIVE"
"897","BRDP20240897","Vinod Chaurasiya","Ajay Chaurasiya","9175258851","B.Sc","2024-2027","3","Lucknow, Uttar Pradesh","ACTIVE"
"898","BRDP20240898","Neha Shukla","Vijay Shukla","9364940983","BBA","2024-2027","3","Khairabad, Uttar Pradesh","ACTIVE"
"899","BRDP20250899","Aarya Giri","Anamika Giri","9904745143","B.Sc","2025-2028","2","Lakhimpur Kheri, Uttar Pradesh","ACTIVE"
"900","BRDP20240900","Vinay Jaiswal","Iliyash Jaiswal","9476996918","BBA","2024-2027","3","Sitapur Sadar, Uttar Pradesh","ACTIVE"
"901","BRDP20250901","Ashish Yadav","Deepa Yadav","9940822840","MCA","2025-2028","2","Mohali, Uttar Pradesh","ACTIVE"
"902","BRDP20260902","Seema Khan","Gudiya Khan","9604823085","BCA","2026-2029","1","Khairabad, Uttar Pradesh","DELETED"
"903","BRDP20240903","Divanshi Mishra","Manish Mishra","9887480150","BCA","2024-2027","3","Laharpur, Uttar Pradesh","ACTIVE"
"904","BRDP20230904","Nainsi Mishra","Pushpendra Mishra","9379747004","B.Sc","2023-2026","5","Mohali, Uttar Pradesh","ACTIVE"
"905","BRDP20230905","Pankaj Sharma","Sunil Sharma","9703972267","B.Sc","2023-2026","5","Sitapur, Uttar Pradesh","ACTIVE"
"906","BRDP20260906","Rahul Agrahari","Adarsh Agrahari","9182048647","B.Sc","2026-2029","1","Sitapur Sadar, Uttar Pradesh","ACTIVE"
"907","BRDP20240907","Deepak Tripathi","Ashish Tripathi","9955042705","BA","2024-2027","3","Kanpur, Uttar Pradesh","ACTIVE"
"908","BRDP20260908","Ramesh Agrahari","Suman Agrahari","9342665772","BCA","2026-2029","1","Mohali, Uttar Pradesh","ACTIVE"
"909","BRDP20250909","Aarti Giri","Mahek Giri","9777736850","B.Sc","2025-2028","2","Mohali, Uttar Pradesh","ACTIVE"
"910","BRDP20260910","Roshani Khan","Manish Khan","9791590954","MCA","2026-2029","1","Misrikh, Uttar Pradesh","ACTIVE"
"911","BRDP20230911","Sunita Dwivedi","Ananya Dwivedi","9544577674","B.Sc","2023-2026","5","Maholi, Uttar Pradesh","ACTIVE"
"912","BRDP20230912","Nainsi Srivastava","Sonu Srivastava","9789093180","B.Sc","2023-2026","5","Mohali, Uttar Pradesh","ACTIVE"
"913","BRDP20250913","Vinod Dwivedi","Saumya Dwivedi","9590145206","BCA","2025-2028","2","Lakhimpur Kheri, Uttar Pradesh","ACTIVE"
"914","BRDP20260914","Avneesh Saini","Priya Saini","9451883930","BCA","2026-2029","1","Misrikh, Uttar Pradesh","ACTIVE"
"915","BRDP20260915","Aditya Paswan","Asha Paswan","9431818732","B.Sc","2026-2029","1","Hargaon, Uttar Pradesh","ACTIVE"
"916","BRDP20230916","Ashish Dubey","Aarav Dubey","9801254766","MCA","2023-2026","5","Lucknow, Uttar Pradesh","ACTIVE"
"917","BRDP20250917","Sarita Pandey","Pinku Pandey","9171443672","MCA","2025-2028","2","Patna, Uttar Pradesh","ACTIVE"
"918","BRDP20260918","Kavita Saini","Ashish Saini","9616534056","BA","2026-2029","1","Patna, Uttar Pradesh","ACTIVE"
"919","BRDP20250919","Gudiya Dubey","Manoj Dubey","9526421845","BA","2025-2028","2","Lakhimpur Kheri, Uttar Pradesh","ACTIVE"
"920","BRDP20250920","Pankaj Singh","Aarav Singh","9694605675","MCA","2025-2028","2","Lakhimpur Kheri, Uttar Pradesh","ACTIVE"
"921","BRDP20230921","Pushpendra Pal","Rahul Pal","9850711862","B.Sc","2023-2026","5","Patna, Uttar Pradesh","ACTIVE"
"922","BRDP20230922","Saumya Gautam","Rekha Gautam","9117736594","B.Sc","2023-2026","5","Misrikh, Uttar Pradesh","ACTIVE"
"923","BRDP20260923","Vikas Verma","Anita Verma","9225994643","BBA","2026-2029","1","Sitapur, Uttar Pradesh","ACTIVE"
"924","BRDP20230924","Ravi Gupta","Saumya Gupta","9756939805","B.Sc","2023-2026","5","Biswan, Uttar Pradesh","ACTIVE"
"925","BRDP20230925","Divyanshi Yadav","Kamlesh Yadav","9162529282","B.Sc","2023-2026","5","Sidhauli, Uttar Pradesh","ACTIVE"
"926","BRDP20250926","Ananya Pal","Pooja Pal","9425337059","MCA","2025-2028","2","Sitapur, Uttar Pradesh","ACTIVE"
"927","BRDP20230927","Shivangi Agrahari","Ravi Agrahari","9961670738","B.Tech CSE","2023-2026","5","Mohali, Uttar Pradesh","ACTIVE"
"928","BRDP20260928","Suresh Kashyap","Laxmi Kashyap","9591425630","MCA","2026-2029","1","Biswan, Uttar Pradesh","ACTIVE"
"929","BRDP20250929","Rohan Prajapati","Pari Prajapati","9617276415","MCA","2025-2028","2","Maholi, Uttar Pradesh","ACTIVE"
"930","BRDP20240930","Rahul Maurya","Suman Maurya","9863484678","BCA","2024-2027","3","Mohali, Uttar Pradesh","ACTIVE"
"931","BRDP20250931","Aarav Giri","Mahek Giri","9195224372","MCA","2025-2028","2","Mohali, Uttar Pradesh","ACTIVE"
"932","BRDP20260932","Ajay Verma","Sonika Verma","9473152557","BCA","2026-2029","1","Khairabad, Uttar Pradesh","ACTIVE"
"933","BRDP20250933","Sunil Dwivedi","Dharmendra Dwivedi","9478271886","B.Sc","2025-2028","2","Sitapur Sadar, Uttar Pradesh","ACTIVE"
"934","BRDP20240934","Ajay Kashyap","Anjali Kashyap","9310557161","MCA","2024-2027","3","Kanpur, Uttar Pradesh","ACTIVE"
"935","BRDP20240935","Manoj Kashyap","Alok Kashyap","9257783079","B.Tech CSE","2024-2027","3","Maholi, Uttar Pradesh","DELETED"
"936","BRDP20230936","Amit Maurya","Sani Maurya","9755999285","BA","2023-2026","5","Mohali, Uttar Pradesh","ACTIVE"
"937","BRDP20240937","Pooja Pal","Priya Pal","9119628036","BBA","2024-2027","3","Mohali, Uttar Pradesh","ACTIVE"
"938","BRDP20250938","Mahek Rajpoot","Nainsi Rajpoot","9778298783","B.Tech CSE","2025-2028","2","Sitapur Sadar, Uttar Pradesh","ACTIVE"
"939","BRDP20250939","Saumya Mishra","Manoj Mishra","9743126862","MCA","2025-2028","2","Sitapur Sadar, Uttar Pradesh","ACTIVE"
"940","BRDP20240940","Pankaj Verma","Roshani Verma","9962640485","B.Tech CSE","2024-2027","3","Biswan, Uttar Pradesh","ACTIVE"
"941","BRDP20250941","Dharmendra Chaurasiya","Sonu Chaurasiya","9889955229","BA","2025-2028","2","Biswan, Uttar Pradesh","ACTIVE"
"942","BRDP20240942","Naimish Kashyap","Neha Kashyap","9658469172","BA","2024-2027","3","Sitapur, Uttar Pradesh","ACTIVE"
"943","BRDP20260943","Sani Prajapati","Kavita Prajapati","9146841248","MCA","2026-2029","1","Khairabad, Uttar Pradesh","ACTIVE"
"944","BRDP20250944","Aarti Singh","Shivangi Singh","9224439914","B.Tech CSE","2025-2028","2","Misrikh, Uttar Pradesh","ACTIVE"
"945","BRDP20240945","Rekha Jaiswal","Sangita Jaiswal","9381496470","BCA","2024-2027","3","Patna, Uttar Pradesh","ACTIVE"
"946","BRDP20250946","Dharmendra Tripathi","Geeta Tripathi","9860094467","B.Tech CSE","2025-2028","2","Mohali, Uttar Pradesh","ACTIVE"
"947","BRDP20250947","Rajesh Yadav","Pari Yadav","9825173798","MCA","2025-2028","2","Lucknow, Uttar Pradesh","ACTIVE"
"948","BRDP20240948","Sani Tripathi","Sarita Tripathi","9828241139","BBA","2024-2027","3","Biswan, Uttar Pradesh","ACTIVE"
"949","BRDP20260949","Adarsh Verma","Sanjay Verma","9367124047","B.Sc","2026-2029","1","Khairabad, Uttar Pradesh","ACTIVE"
"950","BRDP20260950","Suresh Sharma","Manoj Sharma","9409735534","MCA","2026-2029","1","Sitapur, Uttar Pradesh","ACTIVE"
"951","BRDP20230951","Ayush Mishra","Anjali Mishra","9754233434","BA","2023-2026","5","Lakhimpur Kheri, Uttar Pradesh","ACTIVE"
"952","BRDP20240952","Pari Gupta","Mahek Gupta","9690807616","BBA","2024-2027","3","Laharpur, Uttar Pradesh","ACTIVE"
"953","BRDP20250953","Anamika Jaiswal","Anjali Jaiswal","9712761442","MCA","2025-2028","2","Biswan, Uttar Pradesh","ACTIVE"
"954","BRDP20230954","Priya Mishra","Rahul Mishra","9835214623","BA","2023-2026","5","Sidhauli, Uttar Pradesh","ACTIVE"
"955","BRDP20230955","Seema Mishra","Abhishek Mishra","9699137737","BBA","2023-2026","5","Laharpur, Uttar Pradesh","ACTIVE"
"956","BRDP20250956","Asha Kumar","Anjali Kumar","9846179601","MCA","2025-2028","2","Misrikh, Uttar Pradesh","ACTIVE"
"957","BRDP20260957","Ananya Kumar","Aarav Kumar","9552691167","B.Sc","2026-2029","1","Sitapur, Uttar Pradesh","ACTIVE"
"958","BRDP20230958","Ritu Mishra","Anjali Mishra","9223337530","BA","2023-2026","5","Mohali, Uttar Pradesh","ACTIVE"
"959","BRDP20260959","Pankaj Pal","Aarya Pal","9365675642","MCA","2026-2029","1","Lakhimpur Kheri, Uttar Pradesh","ACTIVE"
"960","BRDP20260960","Meena Tiwari","Aarav Tiwari","9342515215","BBA","2026-2029","1","Mohali, Uttar Pradesh","ACTIVE"
"961","BRDP20230961","Iliyash Prajapati","Divanshi Prajapati","9793135546","B.Sc","2023-2026","5","Sidhauli, Uttar Pradesh","ACTIVE"
"962","BRDP20250962","Kamlesh Pal","Usha Pal","9742784733","MCA","2025-2028","2","Laharpur, Uttar Pradesh","ACTIVE"
"963","BRDP20260963","Roshani Pal","Sanjay Pal","9686652154","BA","2026-2029","1","Lucknow, Uttar Pradesh","ACTIVE"
"964","BRDP20230964","Saumya Pal","Ankul Pal","9357979667","MCA","2023-2026","5","Mohali, Uttar Pradesh","ACTIVE"
"965","BRDP20240965","Rashi Chaurasiya","Saumya Chaurasiya","9489362199","MCA","2024-2027","3","Lucknow, Uttar Pradesh","DELETED"
"966","BRDP20250966","Avneesh Kanaujiya","Subhendu Kanaujiya","9725839762","BCA","2025-2028","2","Kanpur, Uttar Pradesh","DELETED"
"967","BRDP20240967","Satish Srivastava","Pinku Srivastava","9880191762","BCA","2024-2027","3","Biswan, Uttar Pradesh","ACTIVE"
"968","BRDP20250968","Aarav Shukla","Neha Shukla","9816669766","BA","2025-2028","2","Sitapur, Uttar Pradesh","ACTIVE"
"969","BRDP20230969","Ravi Pandey","Suresh Pandey","9135228623","B.Tech CSE","2023-2026","5","Patna, Uttar Pradesh","ACTIVE"
"970","BRDP20250970","Ankul Mishra","Ravi Mishra","9783696008","BBA","2025-2028","2","Misrikh, Uttar Pradesh","ACTIVE"
"971","BRDP20240971","Ashish Giri","Iliyash Giri","9363364411","BA","2024-2027","3","Lucknow, Uttar Pradesh","ACTIVE"
"972","BRDP20230972","Aarti Gautam","Geeta Gautam","9983021004","MCA","2023-2026","5","Misrikh, Uttar Pradesh","ACTIVE"
"973","BRDP20230973","Deepak Maurya","Ramesh Maurya","9222743384","BCA","2023-2026","5","Khairabad, Uttar Pradesh","ACTIVE"
"974","BRDP20260974","Anjali Gautam","Anita Gautam","9952807624","BA","2026-2029","1","Lucknow, Uttar Pradesh","ACTIVE"
"975","BRDP20230975","Rajesh Devi","Ananya Devi","9463523957","MCA","2023-2026","5","Mohali, Uttar Pradesh","ACTIVE"
"976","BRDP20250976","Rohan Yadav","Yashee Yadav","9638618397","BCA","2025-2028","2","Kanpur, Uttar Pradesh","ACTIVE"
"977","BRDP20240977","Deepika Rajpoot","Priya Rajpoot","9214888082","BBA","2024-2027","3","Khairabad, Uttar Pradesh","ACTIVE"
"978","BRDP20250978","Ashutosh Rajpoot","Divyanshi Rajpoot","9582146869","B.Tech CSE","2025-2028","2","Kanpur, Uttar Pradesh","ACTIVE"
"979","BRDP20250979","Sunil Giri","Adarsh Giri","9759929345","BCA","2025-2028","2","Patna, Uttar Pradesh","ACTIVE"
"980","BRDP20230980","Ashutosh Mishra","Shivani Mishra","9915374408","MCA","2023-2026","5","Lucknow, Uttar Pradesh","ACTIVE"
"981","BRDP20250981","Sunil Rajpoot","Aditya Rajpoot","9175910794","BCA","2025-2028","2","Laharpur, Uttar Pradesh","ACTIVE"
"982","BRDP20230982","Priya Sharma","Sunita Sharma","9858854040","B.Tech CSE","2023-2026","5","Misrikh, Uttar Pradesh","ACTIVE"
"983","BRDP20260983","Deepak Khan","Sanjay Khan","9958204777","BCA","2026-2029","1","Sitapur Sadar, Uttar Pradesh","ACTIVE"
"984","BRDP20250984","Yashee Dwivedi","Sangita Dwivedi","9197480109","BBA","2025-2028","2","Mohali, Uttar Pradesh","ACTIVE"
"985","BRDP20230985","Anjali Dubey","Ayush Dubey","9355150158","B.Tech CSE","2023-2026","5","Mohali, Uttar Pradesh","ACTIVE"
"986","BRDP20250986","Meena Saini","Nainsi Saini","9805128173","B.Tech CSE","2025-2028","2","Sidhauli, Uttar Pradesh","ACTIVE"
"987","BRDP20260987","Alok Dwivedi","Ajay Dwivedi","9232727384","BA","2026-2029","1","Hargaon, Uttar Pradesh","DELETED"
"988","BRDP20260988","Ananya Khan","Abhishek Khan","9164583801","BCA","2026-2029","1","Misrikh, Uttar Pradesh","ACTIVE"
"989","BRDP20250989","Manoj Agrahari","Avneesh Agrahari","9860996581","B.Sc","2025-2028","2","Sidhauli, Uttar Pradesh","ACTIVE"
"990","BRDP20260990","Manish Pandey","Sunil Pandey","9456612305","BA","2026-2029","1","Misrikh, Uttar Pradesh","ACTIVE"
"991","BRDP20250991","Priya Yadav","Dharmendra Yadav","9524550814","MCA","2025-2028","2","Lakhimpur Kheri, Uttar Pradesh","ACTIVE"
"992","BRDP20250992","Sandeep Maurya","Subhendu Maurya","9163554525","B.Tech CSE","2025-2028","2","Sitapur Sadar, Uttar Pradesh","ACTIVE"
"993","BRDP20240993","Meena Dwivedi","Aarti Dwivedi","9491268817","B.Tech CSE","2024-2027","3","Misrikh, Uttar Pradesh","ACTIVE"
"994","BRDP20250994","Vinay Mishra","Vivek Mishra","9398497023","BA","2025-2028","2","Sitapur, Uttar Pradesh","ACTIVE"
"995","BRDP20250995","Saumya Gupta","Priya Gupta","9728387943","BA","2025-2028","2","Sitapur, Uttar Pradesh","ACTIVE"
"996","BRDP20260996","Anjali Mishra","Yashee Mishra","9287790478","BBA","2026-2029","1","Lucknow, Uttar Pradesh","ACTIVE"
"997","BRDP20250997","Divanshi Paswan","Pinku Paswan","9254778463","B.Sc","2025-2028","2","Misrikh, Uttar Pradesh","ACTIVE"
"998","BRDP20240998","Divyanshi Maurya","Ritu Maurya","9495946873","B.Sc","2024-2027","3","Misrikh, Uttar Pradesh","ACTIVE"
"999","BRDP20250999","Pari Dwivedi","Pinku Dwivedi","9488665903","B.Sc","2025-2028","2","Khairabad, Uttar Pradesh","ACTIVE"
"1000","BRDP20261000","Neha Dubey","Deepak Dubey","9634700528","BCA","2026-2029","1","Sitapur, Uttar Pradesh","ACTIVE"
"1001","BRDP20261001","Pushpendra Pandey","Sunita Pandey","9359192056","BA","2026-2029","1","Sitapur Sadar, Uttar Pradesh","ACTIVE"
"1002","BRDP20261002","Vikas Srivastava","Sangita Srivastava","9489945842","B.Sc","2026-2029","1","Laharpur, Uttar Pradesh","DELETED"
"1003","BRDP20261003","Pooja Dubey","Laxmi Dubey","9968316110","B.Tech CSE","2026-2029","1","Lucknow, Uttar Pradesh","ACTIVE"
"1004","BRDP20261004","Vivek Devi","Shivangi Devi","9357572305","BCA","2026-2029","1","Khairabad, Uttar Pradesh","ACTIVE"
"1005","BRDP20251005","Deepa Tripathi","Vikas Tripathi","9132290080","MCA","2025-2028","2","Sidhauli, Uttar Pradesh","ACTIVE"
"1006","BRDP20231006","Prateek Mishra","Subhendu Mishra","9708622450","BBA","2023-2026","5","Khairabad, Uttar Pradesh","ACTIVE"
"1007","BRDP20231007","Pushpendra Shukla","Priya Shukla","9129981191","BBA","2023-2026","5","Biswan, Uttar Pradesh","ACTIVE"
"1008","BRDP20231008","Avneesh Kashyap","Priya Kashyap","9328257144","B.Tech CSE","2023-2026","5","Maholi, Uttar Pradesh","ACTIVE"
"1009","BRDP20251009","Geeta Pandey","Rahul Pandey","9662669084","BBA","2025-2028","2","Sitapur, Uttar Pradesh","ACTIVE"
"1010","BRDP20241010","Rekha Rathour","Manish Rathour","9594870169","B.Tech CSE","2024-2027","3","Lucknow, Uttar Pradesh","ACTIVE"
"1011","BRDP20261011","Sunita Pandey","Anjali Pandey","9848237193","BA","2026-2029","1","Laharpur, Uttar Pradesh","ACTIVE"
"1012","BRDP20231012","Prateek Tripathi","Dipanshi Tripathi","9619484146","B.Tech CSE","2023-2026","5","Biswan, Uttar Pradesh","ACTIVE"
"1013","BRDP20231013","Rashi Gupta","Sarita Gupta","9291853663","BBA","2023-2026","5","Patna, Uttar Pradesh","ACTIVE"
"1014","BRDP20231014","Priya Rajpoot","Saurabh Rajpoot","9622159937","BBA","2023-2026","5","Hargaon, Uttar Pradesh","ACTIVE"
"1015","BRDP20251015","Amit Prajapati","Prateek Prajapati","9582211471","B.Tech CSE","2025-2028","2","Lakhimpur Kheri, Uttar Pradesh","ACTIVE"
"1016","BRDP20241016","Yashee Sharma","Manish Sharma","9111667350","BBA","2024-2027","3","Biswan, Uttar Pradesh","ACTIVE"
"1017","BRDP20261017","Suman Tiwari","Vijay Tiwari","9437275464","MCA","2026-2029","1","Sidhauli, Uttar Pradesh","ACTIVE"
"1018","BRDP20251018","Sangita Gupta","Vivek Gupta","9349558785","B.Tech CSE","2025-2028","2","Misrikh, Uttar Pradesh","DELETED"
"1019","BRDP20261019","Kavita Verma","Raj Verma","9331032808","B.Sc","2026-2029","1","Hargaon, Uttar Pradesh","ACTIVE"
"1020","BRDP20251020","Vijay Maurya","Ritu Maurya","9871207728","B.Sc","2025-2028","2","Lakhimpur Kheri, Uttar Pradesh","ACTIVE"
"1021","BRDP20241021","Shivangi Kumar","Divanshi Kumar","9734966460","B.Tech CSE","2024-2027","3","Kanpur, Uttar Pradesh","ACTIVE"
"1022","BRDP20231022","Usha Sharma","Vinay Sharma","9354468784","B.Tech CSE","2023-2026","5","Khairabad, Uttar Pradesh","ACTIVE"
"1023","BRDP20261023","Seema Jaiswal","Aarya Jaiswal","9544765879","BBA","2026-2029","1","Maholi, Uttar Pradesh","ACTIVE"
"1024","BRDP20261024","Sandeep Kashyap","Geeta Kashyap","9761867012","BBA","2026-2029","1","Kanpur, Uttar Pradesh","ACTIVE"
"1025","BRDP20231025","Rohan Tripathi","Divanshi Tripathi","9721232574","MCA","2023-2026","5","Maholi, Uttar Pradesh","ACTIVE"
"1026","BRDP20251026","Sangita Sharma","Suresh Sharma","9970143294","BA","2025-2028","2","Patna, Uttar Pradesh","ACTIVE"
"1027","BRDP20241027","Roshani Mishra","Rashi Mishra","9951380297","BA","2024-2027","3","Laharpur, Uttar Pradesh","ACTIVE"
"1028","BRDP20261028","Deepika Rajpoot","Sanjay Rajpoot","9266688244","MCA","2026-2029","1","Kanpur, Uttar Pradesh","ACTIVE"
"1029","BRDP20261029","Manish Dwivedi","Pari Dwivedi","9172655986","B.Sc","2026-2029","1","Lucknow, Uttar Pradesh","ACTIVE"
"1030","BRDP20241030","Sonika Kashyap","Ashish Kashyap","9588676015","BCA","2024-2027","3","Patna, Uttar Pradesh","ACTIVE"
"1031","BRDP20251031","Sonu Verma","Adarsh Verma","9280116706","MCA","2025-2028","2","Kanpur, Uttar Pradesh","ACTIVE"
"1032","BRDP20251032","Sanjay Jaiswal","Rekha Jaiswal","9949678082","BBA","2025-2028","2","Mohali, Uttar Pradesh","ACTIVE"
"1033","BRDP20251033","Pankaj Rajpoot","Avneesh Rajpoot","9525017990","B.Sc","2025-2028","2","Khairabad, Uttar Pradesh","ACTIVE"
"1034","BRDP20231034","Vivek Kanaujiya","Roshani Kanaujiya","9672366921","MCA","2023-2026","5","Sitapur Sadar, Uttar Pradesh","DELETED"
"1035","BRDP20241035","Rekha Sharma","Sunita Sharma","9853935718","MCA","2024-2027","3","Mohali, Uttar Pradesh","ACTIVE"
"1036","BRDP20241036","Pushpendra Khan","Aarya Khan","9904377804","B.Sc","2024-2027","3","Patna, Uttar Pradesh","ACTIVE"
"1037","BRDP20231037","Pankaj Pal","Suman Pal","9100869200","MCA","2023-2026","5","Biswan, Uttar Pradesh","ACTIVE"
"1038","BRDP20261038","Vijay Devi","Sanjay Devi","9135637000","B.Sc","2026-2029","1","Maholi, Uttar Pradesh","ACTIVE"
"1039","BRDP20231039","Ananya Saini","Sangita Saini","9734153622","B.Tech CSE","2023-2026","5","Patna, Uttar Pradesh","ACTIVE"
"1040","BRDP20231040","Ritu Mishra","Manoj Mishra","9705485941","B.Tech CSE","2023-2026","5","Sidhauli, Uttar Pradesh","ACTIVE"
"1041","BRDP20261041","Divyanshi Jaiswal","Pinku Jaiswal","9798589770","MCA","2026-2029","1","Khairabad, Uttar Pradesh","ACTIVE"
"1042","BRDP20231042","Rohan Sharma","Aarya Sharma","9736159119","B.Sc","2023-2026","5","Sitapur, Uttar Pradesh","ACTIVE"
"1043","BRDP20241043","Kamlesh Gupta","Satish Gupta","9969851063","BA","2024-2027","3","Maholi, Uttar Pradesh","ACTIVE"
"1044","BRDP20261044","Pushpendra Mishra","Sunita Mishra","9835585523","BA","2026-2029","1","Laharpur, Uttar Pradesh","ACTIVE"
"1045","BRDP20231045","Shivani Dwivedi","Pooja Dwivedi","9192930352","B.Tech CSE","2023-2026","5","Lakhimpur Kheri, Uttar Pradesh","ACTIVE"
"1046","BRDP20231046","Laxmi Pal","Priya Pal","9336026471","BCA","2023-2026","5","Hargaon, Uttar Pradesh","ACTIVE"
"1047","BRDP20241047","Subhendu Yadav","Gudiya Yadav","9540520623","BBA","2024-2027","3","Patna, Uttar Pradesh","ACTIVE"
"1048","BRDP20251048","Sanjay Jaiswal","Rashi Jaiswal","9819679882","MCA","2025-2028","2","Laharpur, Uttar Pradesh","ACTIVE"
"1049","BRDP20241049","Adarsh Gupta","Pooja Gupta","9435252296","MCA","2024-2027","3","Sitapur Sadar, Uttar Pradesh","ACTIVE"
"1050","BRDP20261050","Shivangi Dwivedi","Vishal Dwivedi","9824650026","MCA","2026-2029","1","Misrikh, Uttar Pradesh","ACTIVE"
"1051","BRDP20231051","Meena Singh","Rahul Singh","9519137107","MCA","2023-2026","5","Sitapur Sadar, Uttar Pradesh","ACTIVE"
"1052","BRDP20251052","Pinku Pandey","Yashee Pandey","9206905479","MCA","2025-2028","2","Kanpur, Uttar Pradesh","ACTIVE"
"1053","BRDP20261053","Pushpendra Srivastava","Shivangi Srivastava","9267398670","BCA","2026-2029","1","Mohali, Uttar Pradesh","ACTIVE"
"1054","BRDP20251054","Ashutosh Mishra","Deepa Mishra","9572532114","B.Tech CSE","2025-2028","2","Mohali, Uttar Pradesh","ACTIVE"
"1055","BRDP20261055","Sani Maurya","Saumya Maurya","9275515150","BA","2026-2029","1","Lucknow, Uttar Pradesh","ACTIVE"
"1056","BRDP20261056","Pooja Tripathi","Vivek Tripathi","9390226472","BCA","2026-2029","1","Laharpur, Uttar Pradesh","ACTIVE"
"1057","BRDP20251057","Pankaj Pal","Kavita Pal","9870274218","B.Sc","2025-2028","2","Khairabad, Uttar Pradesh","ACTIVE"
"1058","BRDP20241058","Vinod Chaurasiya","Rashi Chaurasiya","9840234952","BCA","2024-2027","3","Hargaon, Uttar Pradesh","ACTIVE"
"1059","BRDP20231059","Sani Prajapati","Ayush Prajapati","9226094664","BCA","2023-2026","5","Kanpur, Uttar Pradesh","ACTIVE"
"1060","BRDP20241060","Shivangi Maurya","Seema Maurya","9857527211","BBA","2024-2027","3","Lucknow, Uttar Pradesh","ACTIVE"
"1061","BRDP20261061","Laxmi Saini","Sunita Saini","9785104621","BBA","2026-2029","1","Sitapur Sadar, Uttar Pradesh","ACTIVE"
"1062","BRDP20241062","Deepika Kanaujiya","Rohan Kanaujiya","9374246025","BA","2024-2027","3","Biswan, Uttar Pradesh","ACTIVE"
"1063","BRDP20261063","Deepika Tripathi","Sunita Tripathi","9756584653","MCA","2026-2029","1","Sitapur Sadar, Uttar Pradesh","ACTIVE"
"1064","BRDP20241064","Meena Khan","Rohan Khan","9955538395","BCA","2024-2027","3","Hargaon, Uttar Pradesh","ACTIVE"
"1065","BRDP20251065","Pari Paswan","Avneesh Paswan","9527353959","B.Sc","2025-2028","2","Sitapur, Uttar Pradesh","ACTIVE"
"1066","BRDP20251066","Asha Srivastava","Ajay Srivastava","9907733389","B.Tech CSE","2025-2028","2","Lucknow, Uttar Pradesh","ACTIVE"
"1067","BRDP20231067","Ajay Pal","Avneesh Pal","9751475242","BBA","2023-2026","5","Laharpur, Uttar Pradesh","ACTIVE"
"1068","BRDP20261068","Asha Dubey","Aarti Dubey","9633100604","B.Tech CSE","2026-2029","1","Lucknow, Uttar Pradesh","ACTIVE"
"1069","BRDP20231069","Shivani Verma","Deepika Verma","9148883487","B.Sc","2023-2026","5","Lucknow, Uttar Pradesh","ACTIVE"
"1070","BRDP20261070","Vivek Kumar","Geeta Kumar","9319702297","BA","2026-2029","1","Khairabad, Uttar Pradesh","ACTIVE"
"1071","BRDP20231071","Usha Khan","Deepika Khan","9270312047","BCA","2023-2026","5","Sitapur Sadar, Uttar Pradesh","ACTIVE"
"1072","BRDP20231072","Ananya Tripathi","Ayush Tripathi","9184503564","BCA","2023-2026","5","Maholi, Uttar Pradesh","ACTIVE"
"1073","BRDP20251073","Vijay Sharma","Divyanshi Sharma","9620844113","BBA","2025-2028","2","Sitapur, Uttar Pradesh","ACTIVE"
"1074","BRDP20251074","Adarsh Shukla","Pinku Shukla","9505702125","B.Sc","2025-2028","2","Sitapur, Uttar Pradesh","ACTIVE"
"1075","BRDP20251075","Sani Giri","Rohan Giri","9424176029","B.Sc","2025-2028","2","Sidhauli, Uttar Pradesh","ACTIVE"
"1076","BRDP20231076","Ankul Saini","Ashish Saini","9544073419","B.Sc","2023-2026","5","Khairabad, Uttar Pradesh","ACTIVE"
"1077","BRDP20231077","Sandeep Srivastava","Geeta Srivastava","9398725637","BBA","2023-2026","5","Laharpur, Uttar Pradesh","ACTIVE"
"1078","BRDP20231078","Aditya Chaurasiya","Sarita Chaurasiya","9987783043","B.Sc","2023-2026","5","Khairabad, Uttar Pradesh","ACTIVE"
"1079","BRDP20261079","Aarav Devi","Sandeep Devi","9805047917","BBA","2026-2029","1","Mohali, Uttar Pradesh","ACTIVE"
"1080","BRDP20251080","Ramesh Chaurasiya","Sandeep Chaurasiya","9122758402","B.Sc","2025-2028","2","Maholi, Uttar Pradesh","ACTIVE"
"1081","BRDP20231081","Pushpendra Kashyap","Ashish Kashyap","9593638132","B.Sc","2023-2026","5","Biswan, Uttar Pradesh","ACTIVE"
"1082","BRDP20231082","Ajay Srivastava","Satish Srivastava","9627150533","B.Tech CSE","2023-2026","5","Lakhimpur Kheri, Uttar Pradesh","ACTIVE"
"1083","BRDP20231083","Avneesh Khan","Vinay Khan","9801349330","BCA","2023-2026","5","Laharpur, Uttar Pradesh","ACTIVE"
"1084","BRDP20261084","Aditya Giri","Rashi Giri","9198898742","MCA","2026-2029","1","Maholi, Uttar Pradesh","ACTIVE"
"1085","BRDP20241085","Diwakar Gupta","Aarti Gupta","9714766113","B.Tech CSE","2024-2027","3","Kanpur, Uttar Pradesh","ACTIVE"
"1086","BRDP20231086","Anita Saini","Subhendu Saini","9704989833","BCA","2023-2026","5","Khairabad, Uttar Pradesh","ACTIVE"
"1087","BRDP20241087","Aditya Sharma","Diwakar Sharma","9879909387","MCA","2024-2027","3","Sitapur, Uttar Pradesh","ACTIVE"
"1088","BRDP20251088","Alok Prajapati","Iliyash Prajapati","9336558543","B.Tech CSE","2025-2028","2","Laharpur, Uttar Pradesh","ACTIVE"
"1089","BRDP20261089","Abhishek Rajpoot","Aarya Rajpoot","9838103693","B.Sc","2026-2029","1","Laharpur, Uttar Pradesh","ACTIVE"
"1090","BRDP20251090","Prateek Yadav","Vinod Yadav","9331670320","B.Sc","2025-2028","2","Patna, Uttar Pradesh","ACTIVE"
"1091","BRDP20231091","Saurabh Sharma","Ravi Sharma","9831414126","BA","2023-2026","5","Kanpur, Uttar Pradesh","ACTIVE"
"1092","BRDP20261092","Pankaj Chaurasiya","Rekha Chaurasiya","9138031345","BA","2026-2029","1","Kanpur, Uttar Pradesh","ACTIVE"
"1093","BRDP20231093","Aditya Chaurasiya","Geeta Chaurasiya","9961915793","B.Tech CSE","2023-2026","5","Mohali, Uttar Pradesh","ACTIVE"
"1094","BRDP20261094","Deepak Rathour","Rahul Rathour","9675176539","B.Tech CSE","2026-2029","1","Lucknow, Uttar Pradesh","ACTIVE"
"1095","BRDP20261095","Adarsh Rathour","Gudiya Rathour","9644190686","MCA","2026-2029","1","Misrikh, Uttar Pradesh","ACTIVE"
"1096","BRDP20261096","Pushpendra Devi","Seema Devi","9450622237","MCA","2026-2029","1","Maholi, Uttar Pradesh","ACTIVE"
"1097","BRDP20251097","Aditya Rajpoot","Shivani Rajpoot","9568182270","BA","2025-2028","2","Lucknow, Uttar Pradesh","ACTIVE"
"1098","BRDP20261098","Kavita Rathour","Neha Rathour","9345659674","MCA","2026-2029","1","Mohali, Uttar Pradesh","ACTIVE"
"1099","BRDP20251099","Dibya Gupta","Divyanshi Gupta","9370359681","BA","2025-2028","2","Sitapur, Uttar Pradesh","ACTIVE"
"1100","BRDP20261100","Ankul Paswan","Rashi Paswan","9848083978","BA","2026-2029","1","Kanpur, Uttar Pradesh","ACTIVE"
"1101","BRDP20241101","Dharmendra Tiwari","Neha Tiwari","9453539227","B.Sc","2024-2027","3","Kanpur, Uttar Pradesh","ACTIVE"
"1102","BRDP20251102","Kavita Pal","Sanjay Pal","9130168383","B.Sc","2025-2028","2","Maholi, Uttar Pradesh","ACTIVE"
"1103","BRDP20241103","Sarita Paswan","Usha Paswan","9278701430","B.Sc","2024-2027","3","Sidhauli, Uttar Pradesh","ACTIVE"
"1104","BRDP20241104","Nainsi Srivastava","Laxmi Srivastava","9786032123","BCA","2024-2027","3","Khairabad, Uttar Pradesh","ACTIVE"
"1105","BRDP20251105","Rahul Yadav","Anita Yadav","9751718606","B.Tech CSE","2025-2028","2","Khairabad, Uttar Pradesh","ACTIVE"
"1106","BRDP20241106","Naimish Jaiswal","Sonika Jaiswal","9141837036","B.Sc","2024-2027","3","Kanpur, Uttar Pradesh","ACTIVE"
"1107","BRDP20241107","Ashutosh Sharma","Sani Sharma","9997530555","B.Tech CSE","2024-2027","3","Hargaon, Uttar Pradesh","ACTIVE"
"1108","BRDP20241108","Suresh Maurya","Pooja Maurya","9486052598","B.Sc","2024-2027","3","Mohali, Uttar Pradesh","ACTIVE"
"1109","BRDP20241109","Pooja Dubey","Deepa Dubey","9792616383","B.Sc","2024-2027","3","Lucknow, Uttar Pradesh","DELETED"
"1110","BRDP20251110","Saumya Paswan","Ananya Paswan","9893022283","B.Sc","2025-2028","2","Misrikh, Uttar Pradesh","ACTIVE"
"1111","BRDP20261111","Aarav Verma","Geeta Verma","9233197871","BBA","2026-2029","1","Sitapur Sadar, Uttar Pradesh","ACTIVE"
"1112","BRDP20231112","Deepa Chaurasiya","Saurabh Chaurasiya","9334834176","BCA","2023-2026","5","Lakhimpur Kheri, Uttar Pradesh","ACTIVE"
"1113","BRDP20231113","Nainsi Prajapati","Suresh Prajapati","9131095260","BBA","2023-2026","5","Hargaon, Uttar Pradesh","ACTIVE"
"1114","BRDP20251114","Vikas Paswan","Ajay Paswan","9125545838","BBA","2025-2028","2","Lucknow, Uttar Pradesh","ACTIVE"
"1115","BRDP20241115","Ashutosh Kanaujiya","Divanshi Kanaujiya","9260125010","BA","2024-2027","3","Biswan, Uttar Pradesh","ACTIVE"
"1116","BRDP20241116","Saurabh Kumar","Asha Kumar","9312719460","B.Sc","2024-2027","3","Lucknow, Uttar Pradesh","ACTIVE"
"1117","BRDP20251117","Manoj Singh","Ajay Singh","9427212622","BCA","2025-2028","2","Sitapur, Uttar Pradesh","ACTIVE"
"1118","BRDP20241118","Vijay Giri","Deepak Giri","9390234412","BBA","2024-2027","3","Lakhimpur Kheri, Uttar Pradesh","ACTIVE"
"1119","BRDP20261119","Priya Prajapati","Amit Prajapati","9609832839","BA","2026-2029","1","Misrikh, Uttar Pradesh","ACTIVE"
"1120","BRDP20261120","Prateek Kanaujiya","Vishal Kanaujiya","9896525211","BA","2026-2029","1","Misrikh, Uttar Pradesh","ACTIVE"
"1121","BRDP20241121","Manoj Saini","Sanjay Saini","9842110763","BA","2024-2027","3","Kanpur, Uttar Pradesh","ACTIVE"
"1122","BRDP20261122","Rashi Gautam","Roshani Gautam","9876422386","B.Sc","2026-2029","1","Sitapur, Uttar Pradesh","ACTIVE"
"1123","BRDP20241123","Gudiya Pal","Amit Pal","9860026875","BCA","2024-2027","3","Misrikh, Uttar Pradesh","ACTIVE"
"1124","BRDP20251124","Rohan Paswan","Seema Paswan","9906133120","BA","2025-2028","2","Biswan, Uttar Pradesh","ACTIVE"
"1125","BRDP20251125","Neha Giri","Iliyash Giri","9812511527","B.Tech CSE","2025-2028","2","Patna, Uttar Pradesh","ACTIVE"
"1126","BRDP20251126","Alok Kashyap","Rohan Kashyap","9891319898","BCA","2025-2028","2","Maholi, Uttar Pradesh","ACTIVE"
"1127","BRDP20241127","Raj Pandey","Geeta Pandey","9691856666","B.Sc","2024-2027","3","Khairabad, Uttar Pradesh","ACTIVE"
"1128","BRDP20261128","Suman Shukla","Aarya Shukla","9224488822","BA","2026-2029","1","Misrikh, Uttar Pradesh","ACTIVE"
"1129","BRDP20241129","Ananya Khan","Rahul Khan","9181461589","BCA","2024-2027","3","Hargaon, Uttar Pradesh","ACTIVE"
"1130","BRDP20231130","Geeta Prajapati","Diwakar Prajapati","9620996426","B.Sc","2023-2026","5","Sitapur Sadar, Uttar Pradesh","ACTIVE"
"1131","BRDP20261131","Asha Devi","Sarita Devi","9342872206","B.Tech CSE","2026-2029","1","Biswan, Uttar Pradesh","ACTIVE"
"1132","BRDP20251132","Pooja Jaiswal","Iliyash Jaiswal","9330329920","B.Tech CSE","2025-2028","2","Misrikh, Uttar Pradesh","ACTIVE"
"1133","BRDP20251133","Rashi Tripathi","Ashutosh Tripathi","9936275974","BCA","2025-2028","2","Maholi, Uttar Pradesh","ACTIVE"
"1134","BRDP20261134","Ramesh Verma","Sangita Verma","9597877994","BA","2026-2029","1","Sitapur Sadar, Uttar Pradesh","ACTIVE"
"1135","BRDP20231135","Manoj Agrahari","Ayush Agrahari","9454434122","B.Sc","2023-2026","5","Khairabad, Uttar Pradesh","ACTIVE"
"1136","BRDP20231136","Dharmendra Pal","Priya Pal","9928869922","BCA","2023-2026","5","Maholi, Uttar Pradesh","ACTIVE"
"1137","BRDP20261137","Alok Giri","Amit Giri","9241234765","MCA","2026-2029","1","Hargaon, Uttar Pradesh","ACTIVE"
"1138","BRDP20261138","Seema Sharma","Sangita Sharma","9634812716","MCA","2026-2029","1","Lakhimpur Kheri, Uttar Pradesh","ACTIVE"
"1139","BRDP20231139","Saurabh Yadav","Anita Yadav","9903353440","BA","2023-2026","5","Khairabad, Uttar Pradesh","ACTIVE"
"1140","BRDP20241140","Amit Jaiswal","Anamika Jaiswal","9601870155","BA","2024-2027","3","Sitapur, Uttar Pradesh","ACTIVE"
"1141","BRDP20231141","Alok Gupta","Adarsh Gupta","9797713601","MCA","2023-2026","5","Khairabad, Uttar Pradesh","ACTIVE"
"1142","BRDP20241142","Ayush Gautam","Asha Gautam","9270977464","B.Sc","2024-2027","3","Sidhauli, Uttar Pradesh","ACTIVE"
"1143","BRDP20261143","Ajay Tripathi","Ankul Tripathi","9971743067","BCA","2026-2029","1","Khairabad, Uttar Pradesh","ACTIVE"
"1144","BRDP20261144","Rahul Kashyap","Ashutosh Kashyap","9145211029","B.Tech CSE","2026-2029","1","Lucknow, Uttar Pradesh","ACTIVE"
"1145","BRDP20241145","Divyanshi Dubey","Ashish Dubey","9172158442","B.Sc","2024-2027","3","Laharpur, Uttar Pradesh","ACTIVE"
"1146","BRDP20231146","Rahul Agrahari","Pushpendra Agrahari","9979174260","BBA","2023-2026","5","Lucknow, Uttar Pradesh","ACTIVE"
"1147","BRDP20251147","Roshani Saini","Laxmi Saini","9305741761","B.Tech CSE","2025-2028","2","Laharpur, Uttar Pradesh","ACTIVE"
"1148","BRDP20261148","Sonika Gautam","Aarti Gautam","9384354438","MCA","2026-2029","1","Sitapur, Uttar Pradesh","ACTIVE"
"1149","BRDP20261149","Naimish Singh","Vishal Singh","9674195707","MCA","2026-2029","1","Lucknow, Uttar Pradesh","ACTIVE"
"1150","BRDP20241150","Priya Dwivedi","Satish Dwivedi","9966230086","B.Sc","2024-2027","3","Khairabad, Uttar Pradesh","ACTIVE"
"1151","BRDP20261151","Alok Agrahari","Vishal Agrahari","9402494563","BA","2026-2029","1","Hargaon, Uttar Pradesh","ACTIVE"
"1152","BRDP20241152","Vikas Rajpoot","Deepak Rajpoot","9277872806","BBA","2024-2027","3","Kanpur, Uttar Pradesh","ACTIVE"
"1153","BRDP20231153","Aditya Kumar","Saumya Kumar","9133762606","B.Sc","2023-2026","5","Mohali, Uttar Pradesh","ACTIVE"
"1154","BRDP20231154","Divanshi Tripathi","Laxmi Tripathi","9489719518","BCA","2023-2026","5","Mohali, Uttar Pradesh","ACTIVE"
"1155","BRDP20241155","Avneesh Pal","Sonu Pal","9300393394","MCA","2024-2027","3","Maholi, Uttar Pradesh","ACTIVE"
"1156","BRDP20241156","Ashish Dwivedi","Usha Dwivedi","9971412685","BCA","2024-2027","3","Maholi, Uttar Pradesh","ACTIVE"
"1157","BRDP20241157","Prateek Giri","Shivangi Giri","9703388952","BCA","2024-2027","3","Lakhimpur Kheri, Uttar Pradesh","ACTIVE"
"1158","BRDP20261158","Amit Jaiswal","Pankaj Jaiswal","9598927519","BBA","2026-2029","1","Sitapur Sadar, Uttar Pradesh","ACTIVE"
"1159","BRDP20261159","Satish Gautam","Satish Gautam","9568542437","B.Sc","2026-2029","1","Lakhimpur Kheri, Uttar Pradesh","ACTIVE"
"1160","BRDP20231160","Ritu Gautam","Alok Gautam","9353411417","BBA","2023-2026","5","Misrikh, Uttar Pradesh","ACTIVE"
"1161","BRDP20231161","Iliyash Sharma","Sangita Sharma","9950227797","MCA","2023-2026","5","Kanpur, Uttar Pradesh","ACTIVE"
"1162","BRDP20251162","Manoj Rajpoot","Ankul Rajpoot","9825359339","B.Sc","2025-2028","2","Lucknow, Uttar Pradesh","ACTIVE"
"1163","BRDP20231163","Pinku Dwivedi","Aarav Dwivedi","9797602840","B.Sc","2023-2026","5","Lucknow, Uttar Pradesh","ACTIVE"
"1164","BRDP20261164","Ankul Devi","Shivani Devi","9778307685","MCA","2026-2029","1","Misrikh, Uttar Pradesh","ACTIVE"
"1165","BRDP20231165","Meena Chaurasiya","Subhendu Chaurasiya","9557650262","BA","2023-2026","5","Patna, Uttar Pradesh","ACTIVE"
"1166","BRDP20251166","Sangita Saini","Kamlesh Saini","9154032812","BBA","2025-2028","2","Sidhauli, Uttar Pradesh","ACTIVE"
"1167","BRDP20241167","Saumya Prajapati","Anita Prajapati","9931380595","BCA","2024-2027","3","Patna, Uttar Pradesh","DELETED"
"1168","BRDP20251168","Subhendu Saini","Sanjay Saini","9880260206","B.Sc","2025-2028","2","Sitapur, Uttar Pradesh","ACTIVE"
"1169","BRDP20251169","Subhendu Kashyap","Geeta Kashyap","9247920340","MCA","2025-2028","2","Mohali, Uttar Pradesh","ACTIVE"
"1170","BRDP20241170","Sanjay Khan","Suresh Khan","9414874896","BBA","2024-2027","3","Lucknow, Uttar Pradesh","ACTIVE"
"1171","BRDP20241171","Avneesh Yadav","Sunita Yadav","9402927088","B.Sc","2024-2027","3","Laharpur, Uttar Pradesh","ACTIVE"
"1172","BRDP20251172","Pinku Gautam","Roshani Gautam","9405814849","BA","2025-2028","2","Khairabad, Uttar Pradesh","ACTIVE"
"1173","BRDP20261173","Dibya Devi","Divyanshi Devi","9767285456","BCA","2026-2029","1","Kanpur, Uttar Pradesh","ACTIVE"
"1174","BRDP20251174","Suman Khan","Anita Khan","9906505374","B.Tech CSE","2025-2028","2","Lakhimpur Kheri, Uttar Pradesh","ACTIVE"
"1175","BRDP20241175","Kamlesh Maurya","Divyanshi Maurya","9710541140","B.Sc","2024-2027","3","Hargaon, Uttar Pradesh","ACTIVE"
"1176","BRDP20241176","Satish Pandey","Satish Pandey","9365392690","BA","2024-2027","3","Khairabad, Uttar Pradesh","ACTIVE"
"1177","BRDP20231177","Kamlesh Shukla","Yashee Shukla","9442920698","BBA","2023-2026","5","Sitapur, Uttar Pradesh","ACTIVE"
"1178","BRDP20251178","Ashutosh Tiwari","Vinay Tiwari","9352448002","BA","2025-2028","2","Khairabad, Uttar Pradesh","ACTIVE"
"1179","BRDP20241179","Roshani Mishra","Satish Mishra","9484159681","BBA","2024-2027","3","Sitapur, Uttar Pradesh","ACTIVE"
"1180","BRDP20241180","Suresh Kashyap","Seema Kashyap","9978192299","BA","2024-2027","3","Mohali, Uttar Pradesh","ACTIVE"
"1181","BRDP20231181","Divanshi Dwivedi","Nainsi Dwivedi","9805768711","MCA","2023-2026","5","Kanpur, Uttar Pradesh","ACTIVE"
"1182","BRDP20241182","Satish Pandey","Abhishek Pandey","9730750331","BBA","2024-2027","3","Lakhimpur Kheri, Uttar Pradesh","ACTIVE"
"1183","BRDP20241183","Sanjay Devi","Rashi Devi","9229812826","B.Sc","2024-2027","3","Lucknow, Uttar Pradesh","ACTIVE"
"1184","BRDP20231184","Usha Khan","Adarsh Khan","9839421619","BBA","2023-2026","5","Sitapur, Uttar Pradesh","ACTIVE"
"1185","BRDP20261185","Usha Devi","Suman Devi","9859946736","BBA","2026-2029","1","Mohali, Uttar Pradesh","ACTIVE"
"1186","BRDP20261186","Raj Tripathi","Neha Tripathi","9693083924","B.Tech CSE","2026-2029","1","Sitapur Sadar, Uttar Pradesh","ACTIVE"
"1187","BRDP20231187","Sonika Gautam","Sunil Gautam","9233282293","B.Sc","2023-2026","5","Lakhimpur Kheri, Uttar Pradesh","DELETED"
"1188","BRDP20261188","Sonu Gautam","Ayush Gautam","9803791110","B.Tech CSE","2026-2029","1","Biswan, Uttar Pradesh","ACTIVE"
"1189","BRDP20261189","Abhishek Gupta","Nainsi Gupta","9435015748","B.Tech CSE","2026-2029","1","Lakhimpur Kheri, Uttar Pradesh","DELETED"
"1190","BRDP20241190","Dibya Kumar","Aarav Kumar","9768231724","BBA","2024-2027","3","Patna, Uttar Pradesh","ACTIVE"
"1191","BRDP20261191","Dharmendra Chaurasiya","Ayush Chaurasiya","9312498224","MCA","2026-2029","1","Khairabad, Uttar Pradesh","ACTIVE"
"1192","BRDP20231192","Deepak Gautam","Raj Gautam","9752860679","BA","2023-2026","5","Hargaon, Uttar Pradesh","ACTIVE"
"1193","BRDP20261193","Dipanshi Verma","Pankaj Verma","9509486014","BBA","2026-2029","1","Sitapur Sadar, Uttar Pradesh","ACTIVE"
"1194","BRDP20241194","Anita Prajapati","Aditya Prajapati","9754867569","BBA","2024-2027","3","Kanpur, Uttar Pradesh","ACTIVE"
"1195","BRDP20241195","Geeta Khan","Adarsh Khan","9918365449","B.Sc","2024-2027","3","Misrikh, Uttar Pradesh","ACTIVE"
"1196","BRDP20231196","Vivek Devi","Ashish Devi","9167964377","MCA","2023-2026","5","Khairabad, Uttar Pradesh","ACTIVE"
"1197","BRDP20241197","Ayush Singh","Saurabh Singh","9642610630","B.Sc","2024-2027","3","Lucknow, Uttar Pradesh","ACTIVE"
"1198","BRDP20231198","Vijay Verma","Diwakar Verma","9746969914","B.Sc","2023-2026","5","Lakhimpur Kheri, Uttar Pradesh","ACTIVE"
"1199","BRDP20251199","Vikas Gupta","Divanshi Gupta","9511286739","B.Tech CSE","2025-2028","2","Hargaon, Uttar Pradesh","ACTIVE"
"1200","BRDP20241200","Aarav Saini","Aarya Saini","9862771137","BBA","2024-2027","3","Sitapur Sadar, Uttar Pradesh","ACTIVE"
"1201","BRDP20231201","Sandeep Paswan","Amit Paswan","9928387902","B.Sc","2023-2026","5","Laharpur, Uttar Pradesh","ACTIVE"
"1202","BRDP20261202","Neha Singh","Ramesh Singh","9670930076","BCA","2026-2029","1","Khairabad, Uttar Pradesh","ACTIVE"
"1203","BRDP20231203","Vinod Dubey","Ashish Dubey","9533579994","B.Sc","2023-2026","5","Maholi, Uttar Pradesh","ACTIVE"
"1204","BRDP20261204","Pooja Kumar","Sandeep Kumar","9133428319","BCA","2026-2029","1","Sidhauli, Uttar Pradesh","ACTIVE"
"1205","BRDP20231205","Alok Kumar","Naimish Kumar","9320409467","BA","2023-2026","5","Patna, Uttar Pradesh","ACTIVE"
"1206","BRDP20231206","Manish Saini","Suresh Saini","9650406498","BBA","2023-2026","5","Kanpur, Uttar Pradesh","ACTIVE"
"1207","BRDP20241207","Nainsi Dubey","Saumya Dubey","9136146374","BBA","2024-2027","3","Sitapur, Uttar Pradesh","ACTIVE"
"1208","BRDP20231208","Rahul Kashyap","Pari Kashyap","9471721220","MCA","2023-2026","5","Khairabad, Uttar Pradesh","ACTIVE"
"1209","BRDP20231209","Seema Gupta","Ravi Gupta","9298184858","BBA","2023-2026","5","Kanpur, Uttar Pradesh","ACTIVE"
"1210","BRDP20251210","Iliyash Prajapati","Raj Prajapati","9508142148","BCA","2025-2028","2","Misrikh, Uttar Pradesh","ACTIVE"
"1211","BRDP20251211","Rohan Rajpoot","Usha Rajpoot","9662549501","MCA","2025-2028","2","Mohali, Uttar Pradesh","ACTIVE"
"1212","BRDP20241212","Priya Prajapati","Sanjay Prajapati","9530696198","B.Tech CSE","2024-2027","3","Maholi, Uttar Pradesh","ACTIVE"
"1213","BRDP20231213","Mahek Pal","Ravi Pal","9761433196","MCA","2023-2026","5","Laharpur, Uttar Pradesh","ACTIVE"
"1214","BRDP20261214","Vikas Tripathi","Vinod Tripathi","9971038661","BBA","2026-2029","1","Sidhauli, Uttar Pradesh","ACTIVE"
"1215","BRDP20231215","Priya Srivastava","Pari Srivastava","9677252766","BA","2023-2026","5","Sitapur, Uttar Pradesh","ACTIVE"
"1216","BRDP20261216","Aarti Yadav","Anita Yadav","9696471234","B.Tech CSE","2026-2029","1","Khairabad, Uttar Pradesh","ACTIVE"
"1217","BRDP20261217","Ajay Dubey","Saurabh Dubey","9457550518","MCA","2026-2029","1","Sidhauli, Uttar Pradesh","ACTIVE"
"1218","BRDP20251218","Roshani Rajpoot","Sonika Rajpoot","9439167033","MCA","2025-2028","2","Lakhimpur Kheri, Uttar Pradesh","ACTIVE"
"1219","BRDP20231219","Ananya Kashyap","Saurabh Kashyap","9384543470","BA","2023-2026","5","Khairabad, Uttar Pradesh","ACTIVE"
"1220","BRDP20251220","Satish Srivastava","Meena Srivastava","9652964830","BBA","2025-2028","2","Kanpur, Uttar Pradesh","ACTIVE"
"1221","BRDP20261221","Dharmendra Agrahari","Shivam Agrahari","9565866771","BCA","2026-2029","1","Misrikh, Uttar Pradesh","ACTIVE"
"1222","BRDP20231222","Ritu Kashyap","Sanjay Kashyap","9995877551","B.Sc","2023-2026","5","Khairabad, Uttar Pradesh","ACTIVE"
"1223","BRDP20241223","Pinku Shukla","Rajesh Shukla","9858968871","BA","2024-2027","3","Sitapur, Uttar Pradesh","ACTIVE"
"1224","BRDP20241224","Asha Verma","Sonu Verma","9119886567","B.Sc","2024-2027","3","Lucknow, Uttar Pradesh","ACTIVE"
"1225","BRDP20241225","Ashish Maurya","Ravi Maurya","9684864544","BCA","2024-2027","3","Sitapur, Uttar Pradesh","ACTIVE"
"1226","BRDP20251226","Adarsh Rathour","Amit Rathour","9324928342","B.Tech CSE","2025-2028","2","Misrikh, Uttar Pradesh","ACTIVE"
"1227","BRDP20261227","Shivam Giri","Vishal Giri","9380779593","BBA","2026-2029","1","Sitapur, Uttar Pradesh","ACTIVE"
"1228","BRDP20261228","Saumya Gautam","Pankaj Gautam","9330574022","B.Sc","2026-2029","1","Maholi, Uttar Pradesh","ACTIVE"
"1229","BRDP20241229","Adarsh Rathour","Pari Rathour","9840585375","B.Tech CSE","2024-2027","3","Sitapur, Uttar Pradesh","ACTIVE"
"1230","BRDP20261230","Vinay Pal","Deepika Pal","9752406693","BCA","2026-2029","1","Sitapur, Uttar Pradesh","ACTIVE"
"1231","BRDP20251231","Manish Yadav","Priya Yadav","9203203543","BA","2025-2028","2","Mohali, Uttar Pradesh","ACTIVE"
"1232","BRDP20261232","Neha Pal","Suman Pal","9528614932","B.Sc","2026-2029","1","Maholi, Uttar Pradesh","ACTIVE"
"1233","BRDP20241233","Neha Pandey","Sarita Pandey","9765430149","BCA","2024-2027","3","Patna, Uttar Pradesh","ACTIVE"
"1234","BRDP20241234","Vinay Kashyap","Sunita Kashyap","9266008941","BA","2024-2027","3","Patna, Uttar Pradesh","ACTIVE"
"1235","BRDP20241235","Ravi Pal","Abhishek Pal","9406619435","BCA","2024-2027","3","Sidhauli, Uttar Pradesh","ACTIVE"
"1236","BRDP20261236","Subhendu Pal","Priya Pal","9205592577","BBA","2026-2029","1","Lakhimpur Kheri, Uttar Pradesh","ACTIVE"
"1237","BRDP20261237","Saumya Devi","Naimish Devi","9670526740","MCA","2026-2029","1","Lucknow, Uttar Pradesh","ACTIVE"
"1238","BRDP20241238","Kavita Pal","Saurabh Pal","9956175532","BCA","2024-2027","3","Mohali, Uttar Pradesh","ACTIVE"
"1239","BRDP20241239","Ritu Devi","Ajay Devi","9508412581","BA","2024-2027","3","Sitapur Sadar, Uttar Pradesh","ACTIVE"
"1240","BRDP20261240","Diwakar Kanaujiya","Shivam Kanaujiya","9525606420","BBA","2026-2029","1","Lakhimpur Kheri, Uttar Pradesh","ACTIVE"
"1241","BRDP20251241","Pari Dwivedi","Aarti Dwivedi","9304009586","MCA","2025-2028","2","Sidhauli, Uttar Pradesh","ACTIVE"
"1242","BRDP20261242","Pinku Verma","Ankul Verma","9351134831","BBA","2026-2029","1","Maholi, Uttar Pradesh","ACTIVE"
"1243","BRDP20241243","Vivek Prajapati","Ravi Prajapati","9109917350","BA","2024-2027","3","Lucknow, Uttar Pradesh","ACTIVE"
"1244","BRDP20241244","Vinay Kumar","Naimish Kumar","9858163352","BA","2024-2027","3","Mohali, Uttar Pradesh","ACTIVE"
"1245","BRDP20251245","Avneesh Mishra","Satish Mishra","9718236181","BBA","2025-2028","2","Kanpur, Uttar Pradesh","ACTIVE"
"1246","BRDP20231246","Dharmendra Sharma","Rashi Sharma","9694183864","B.Tech CSE","2023-2026","5","Lucknow, Uttar Pradesh","ACTIVE"
"1247","BRDP20231247","Ravi Verma","Suresh Verma","9474463656","B.Sc","2023-2026","5","Khairabad, Uttar Pradesh","ACTIVE"
"1248","BRDP20231248","Meena Jaiswal","Roshani Jaiswal","9735890494","BCA","2023-2026","5","Laharpur, Uttar Pradesh","ACTIVE"
"1249","BRDP20261249","Geeta Pal","Priya Pal","9561472852","BBA","2026-2029","1","Hargaon, Uttar Pradesh","ACTIVE"
"1250","BRDP20251250","Seema Tiwari","Sunita Tiwari","9935130325","B.Tech CSE","2025-2028","2","Sitapur Sadar, Uttar Pradesh","ACTIVE"